as_of,market,barrio,bedroom_bucket,furnished_mode,price_band,band_lo_usd,band_hi_usd,n_active,arrivals_30d,left_market_30d,fast_exits_30d,median_days_listed_km,exited_median_days,n_events
2026-10-01,buenos-aires,Acassuso,-1,a,0,,,83,58,71,2,30.00,28.00,409
2026-10-01,buenos-aires,Acassuso,0,a,0,,,11,3,6,0,37.00,28.50,41
2026-10-01,buenos-aires,Acassuso,0,u,0,,,9,3,4,0,44.00,36.50,24
2026-10-01,buenos-aires,Acassuso,1,a,0,,,19,15,18,2,28.00,27.00,92
2026-10-01,buenos-aires,Acassuso,1,a,1,,582.53,8,6,1,1,28.00,0.00,27
2026-10-01,buenos-aires,Acassuso,1,a,2,582.53,675.41,5,4,3,0,29.00,29.00,21
2026-10-01,buenos-aires,Acassuso,1,a,3,675.41,900.00,3,4,8,1,27.00,26.00,20
2026-10-01,buenos-aires,Acassuso,1,a,4,900.00,,3,1,6,0,28.00,28.00,24
2026-10-01,buenos-aires,Acassuso,1,n,0,,,6,3,2,0,29.00,26.50,37
2026-10-01,buenos-aires,Acassuso,1,u,0,,,12,11,14,2,28.00,27.00,48
2026-10-01,buenos-aires,Acassuso,2,a,0,,,19,15,22,0,34.00,28.00,108
2026-10-01,buenos-aires,Acassuso,2,a,1,,860.13,2,1,4,0,41.00,27.50,29
2026-10-01,buenos-aires,Acassuso,2,a,2,860.13,1169.77,2,0,5,0,31.00,27.00,27
2026-10-01,buenos-aires,Acassuso,2,a,3,1169.77,1700.00,0,0,9,0,28.00,28.00,28
2026-10-01,buenos-aires,Acassuso,2,a,4,1700.00,,15,14,4,0,37.00,28.00,24
2026-10-01,buenos-aires,Acassuso,2,n,0,,,6,4,6,0,41.00,27.00,50
2026-10-01,buenos-aires,Acassuso,2,u,0,,,9,8,13,0,28.00,28.00,45
2026-10-01,buenos-aires,Acassuso,3,a,0,,,26,19,16,0,31.00,27.50,113
2026-10-01,buenos-aires,Acassuso,3,a,1,,1650.17,5,4,5,0,28.00,27.00,28
2026-10-01,buenos-aires,Acassuso,3,a,2,1650.17,3000.00,5,2,8,0,29.00,27.00,33
2026-10-01,buenos-aires,Acassuso,3,a,3,3000.00,3800.00,11,10,3,0,31.00,28.00,30
2026-10-01,buenos-aires,Acassuso,3,a,4,3800.00,,5,3,0,0,47.00,,22
2026-10-01,buenos-aires,Acassuso,3,n,0,,,8,4,2,0,34.00,67.00,46
2026-10-01,buenos-aires,Acassuso,3,u,0,,,14,13,14,0,29.00,26.50,62
2026-10-01,buenos-aires,Acassuso,4,a,0,,,8,6,9,0,36.00,29.00,55
2026-10-01,buenos-aires,Acassuso,4,u,0,,,3,3,5,0,30.00,28.00,29
2026-10-01,buenos-aires,Agronomía,-1,a,0,,,32,18,34,0,29.00,27.00,236
2026-10-01,buenos-aires,Agronomía,0,a,0,,,8,3,8,0,29.00,26.00,64
2026-10-01,buenos-aires,Agronomía,0,a,1,,405.23,4,1,1,0,37.00,22.00,20
2026-10-01,buenos-aires,Agronomía,0,n,0,,,0,0,0,0,33.00,,33
2026-10-01,buenos-aires,Agronomía,0,u,0,,,7,3,8,0,28.00,26.00,20
2026-10-01,buenos-aires,Agronomía,1,a,0,,,8,5,17,0,29.00,26.00,85
2026-10-01,buenos-aires,Agronomía,1,a,1,,478.69,2,1,3,0,35.00,22.00,21
2026-10-01,buenos-aires,Agronomía,1,a,2,478.69,562.09,1,1,7,0,29.00,26.00,23
2026-10-01,buenos-aires,Agronomía,1,a,4,621.91,,2,0,4,0,27.00,24.50,23
2026-10-01,buenos-aires,Agronomía,1,n,0,,,1,0,2,0,36.00,37.00,44
2026-10-01,buenos-aires,Agronomía,1,u,0,,,7,5,15,0,26.00,26.00,36
2026-10-01,buenos-aires,Agronomía,2,a,0,,,12,7,6,0,28.00,27.50,55
2026-10-01,buenos-aires,Agronomía,2,n,0,,,3,2,0,0,27.00,,33
2026-10-01,buenos-aires,Agronomía,2,u,0,,,8,4,6,0,28.00,27.50,21
2026-10-01,buenos-aires,Agronomía,3,a,0,,,1,1,2,0,29.00,25.50,24
2026-10-01,buenos-aires,ALL,-1,a,0,,,67949,30914,29179,3732,30.00,26.00,246127
2026-10-01,buenos-aires,ALL,0,a,0,,,18738,7769,6785,1060,32.00,24.00,60358
2026-10-01,buenos-aires,ALL,1,a,0,,,23715,11268,10799,1444,30.00,25.00,91214
2026-10-01,buenos-aires,ALL,2,a,0,,,13641,6475,6413,772,29.00,26.00,53287
2026-10-01,buenos-aires,ALL,3,a,0,,,7770,3634,3348,344,31.00,27.00,26827
2026-10-01,buenos-aires,ALL,4,a,0,,,4085,1768,1834,112,34.00,27.00,14441
2026-10-01,buenos-aires,Almagro,-1,a,0,,,2413,905,754,135,32.00,18.00,6425
2026-10-01,buenos-aires,Almagro,0,a,0,,,884,282,264,40,35.00,20.00,2261
2026-10-01,buenos-aires,Almagro,0,a,1,,410.72,165,65,82,12,30.00,19.00,560
2026-10-01,buenos-aires,Almagro,0,a,2,410.72,498.38,193,85,63,12,31.00,26.00,559
2026-10-01,buenos-aires,Almagro,0,a,3,498.38,595.89,218,85,66,12,32.00,17.00,547
2026-10-01,buenos-aires,Almagro,0,a,4,595.89,,272,44,48,4,68.00,19.00,542
2026-10-01,buenos-aires,Almagro,0,f,0,,,354,81,100,10,54.00,19.50,768
2026-10-01,buenos-aires,Almagro,0,f,1,,523.14,61,25,37,5,31.00,20.00,186
2026-10-01,buenos-aires,Almagro,0,f,2,523.14,600.00,81,25,31,3,42.00,17.00,189
2026-10-01,buenos-aires,Almagro,0,f,3,600.00,750.00,77,19,26,2,34.00,23.50,202
2026-10-01,buenos-aires,Almagro,0,f,4,750.00,,104,9,6,0,,50.50,155
2026-10-01,buenos-aires,Almagro,0,n,0,,,415,162,129,27,30.00,20.00,1185
2026-10-01,buenos-aires,Almagro,0,n,1,,383.39,78,32,46,5,29.00,21.50,300
2026-10-01,buenos-aires,Almagro,0,n,2,383.39,446.60,101,49,34,8,30.00,21.50,297
2026-10-01,buenos-aires,Almagro,0,n,3,446.60,517.80,106,43,24,7,30.00,17.50,295
2026-10-01,buenos-aires,Almagro,0,n,4,517.80,,126,38,25,7,32.00,15.00,289
2026-10-01,buenos-aires,Almagro,0,u,0,,,115,39,35,3,35.00,20.00,308
2026-10-01,buenos-aires,Almagro,0,u,1,,419.36,23,4,11,0,30.00,14.00,78
2026-10-01,buenos-aires,Almagro,0,u,2,419.36,485.44,35,17,9,2,43.00,31.00,73
2026-10-01,buenos-aires,Almagro,0,u,3,485.44,558.85,29,13,5,0,35.00,21.00,74
2026-10-01,buenos-aires,Almagro,0,u,4,558.85,,27,5,5,1,29.00,13.00,70
2026-10-01,buenos-aires,Almagro,1,a,0,,,951,371,304,56,31.00,17.00,2682
2026-10-01,buenos-aires,Almagro,1,a,1,,466.88,168,83,87,18,25.00,19.00,666
2026-10-01,buenos-aires,Almagro,1,a,2,466.88,551.95,224,96,81,16,30.00,16.00,664
2026-10-01,buenos-aires,Almagro,1,a,3,551.95,679.47,239,107,58,8,31.00,15.00,650
2026-10-01,buenos-aires,Almagro,1,a,4,679.47,,284,81,71,11,44.00,18.00,655
2026-10-01,buenos-aires,Almagro,1,f,0,,,307,87,80,14,54.00,19.00,665
2026-10-01,buenos-aires,Almagro,1,f,1,,590.39,47,26,28,9,36.00,18.50,158
2026-10-01,buenos-aires,Almagro,1,f,2,590.39,700.00,88,21,15,0,55.00,15.00,182
2026-10-01,buenos-aires,Almagro,1,f,3,700.00,849.67,63,17,17,3,49.00,18.00,137
2026-10-01,buenos-aires,Almagro,1,f,4,849.67,,79,23,19,2,56.00,23.00,156
2026-10-01,buenos-aires,Almagro,1,n,0,,,525,238,191,35,28.00,17.00,1704
2026-10-01,buenos-aires,Almagro,1,n,1,,448.72,90,47,54,14,23.00,20.00,428
2026-10-01,buenos-aires,Almagro,1,n,2,448.72,508.04,137,54,49,9,27.00,15.00,427
2026-10-01,buenos-aires,Almagro,1,n,3,508.04,598.07,148,67,50,4,30.00,17.50,420
2026-10-01,buenos-aires,Almagro,1,n,4,598.07,,147,68,35,6,31.00,17.00,423
2026-10-01,buenos-aires,Almagro,1,u,0,,,119,46,33,7,32.00,15.00,313
2026-10-01,buenos-aires,Almagro,1,u,1,,500.00,29,8,7,0,26.00,17.00,78
2026-10-01,buenos-aires,Almagro,1,u,2,500.00,600.00,32,20,10,3,46.00,11.50,81
2026-10-01,buenos-aires,Almagro,1,u,3,600.00,722.59,25,12,8,2,29.00,14.00,70
2026-10-01,buenos-aires,Almagro,1,u,4,722.59,,30,4,5,1,44.00,15.00,75
2026-10-01,buenos-aires,Almagro,2,a,0,,,433,184,127,24,34.00,19.00,1065
2026-10-01,buenos-aires,Almagro,2,a,1,,658.07,81,46,33,6,26.00,15.00,264
2026-10-01,buenos-aires,Almagro,2,a,2,658.07,794.88,92,39,23,6,30.00,17.00,263
2026-10-01,buenos-aires,Almagro,2,a,3,794.88,993.38,114,42,31,5,41.00,20.00,258
2026-10-01,buenos-aires,Almagro,2,a,4,993.38,,130,57,38,7,58.00,19.50,258
2026-10-01,buenos-aires,Almagro,2,f,0,,,120,37,27,4,72.00,22.00,234
2026-10-01,buenos-aires,Almagro,2,f,1,,776.70,24,11,7,0,31.00,20.00,57
2026-10-01,buenos-aires,Almagro,2,f,2,776.70,950.00,32,8,7,1,76.00,20.00,61
2026-10-01,buenos-aires,Almagro,2,f,3,950.00,1200.00,32,12,5,2,71.00,12.00,58
2026-10-01,buenos-aires,Almagro,2,f,4,1200.00,,16,6,8,1,45.00,32.50,42
2026-10-01,buenos-aires,Almagro,2,n,0,,,258,130,87,18,31.00,17.00,674
2026-10-01,buenos-aires,Almagro,2,n,1,,634.30,52,35,24,6,26.00,15.00,172
2026-10-01,buenos-aires,Almagro,2,n,2,634.30,746.75,58,25,16,3,30.00,18.00,166
2026-10-01,buenos-aires,Almagro,2,n,3,746.75,945.33,67,29,18,4,32.00,16.00,169
2026-10-01,buenos-aires,Almagro,2,n,4,945.33,,81,41,29,5,56.00,18.00,166
2026-10-01,buenos-aires,Almagro,2,u,0,,,55,17,13,2,34.00,28.00,157
2026-10-01,buenos-aires,Almagro,2,u,1,,721.86,11,3,1,0,35.00,15.00,39
2026-10-01,buenos-aires,Almagro,2,u,2,721.86,844.16,11,5,4,1,26.00,17.50,39
2026-10-01,buenos-aires,Almagro,2,u,3,844.16,992.20,17,4,2,0,41.00,19.50,36
2026-10-01,buenos-aires,Almagro,2,u,4,992.20,,16,5,4,1,56.00,29.50,38
2026-10-01,buenos-aires,Almagro,3,a,0,,,111,60,51,13,30.00,18.00,340
2026-10-01,buenos-aires,Almagro,3,a,1,,860.93,18,12,15,5,27.00,11.00,86
2026-10-01,buenos-aires,Almagro,3,a,2,860.93,1054.37,33,16,9,1,35.00,26.00,83
2026-10-01,buenos-aires,Almagro,3,a,3,1054.37,1311.48,28,10,12,2,28.00,17.50,84
2026-10-01,buenos-aires,Almagro,3,a,4,1311.48,,31,21,14,4,31.00,24.00,84
2026-10-01,buenos-aires,Almagro,3,f,0,,,26,7,7,0,,26.00,47
2026-10-01,buenos-aires,Almagro,3,n,0,,,64,45,34,9,29.00,17.00,226
2026-10-01,buenos-aires,Almagro,3,n,1,,841.42,11,8,11,3,28.00,11.00,58
2026-10-01,buenos-aires,Almagro,3,n,2,841.42,1022.36,18,11,7,1,33.00,26.00,55
2026-10-01,buenos-aires,Almagro,3,n,3,1022.36,1288.02,20,14,8,2,26.00,15.50,57
2026-10-01,buenos-aires,Almagro,3,n,4,1288.02,,15,12,8,3,30.00,24.50,56
2026-10-01,buenos-aires,Almagro,3,u,0,,,21,8,10,4,29.00,13.00,67
2026-10-01,buenos-aires,Almagro,4,a,0,,,34,8,8,2,45.00,30.50,77
2026-10-01,buenos-aires,Almagro,4,a,1,,1313.53,4,2,3,0,32.00,31.00,20
2026-10-01,buenos-aires,Almagro,4,a,2,1313.53,1806.45,9,4,2,2,29.00,0.50,20
2026-10-01,buenos-aires,Almagro,4,a,3,1806.45,3000.00,11,1,0,0,64.00,,21
2026-10-01,buenos-aires,Almagro,4,n,0,,,19,4,4,0,69.00,34.50,39
2026-10-01,buenos-aires,Almagro,4,u,0,,,13,4,3,2,64.00,1.00,29
2026-10-01,buenos-aires,Almirante Brown,-1,a,0,,,52,50,132,1,29.00,28.00,1080
2026-10-01,buenos-aires,Almirante Brown,0,a,0,,,8,8,15,0,35.00,28.00,265
2026-10-01,buenos-aires,Almirante Brown,0,a,1,,261.44,2,2,7,0,35.00,28.00,59
2026-10-01,buenos-aires,Almirante Brown,0,a,2,261.44,394.74,4,4,3,0,33.00,27.00,64
2026-10-01,buenos-aires,Almirante Brown,0,a,3,394.74,794.70,2,2,4,0,29.00,28.00,67
2026-10-01,buenos-aires,Almirante Brown,0,a,4,794.70,,0,0,0,0,35.00,,70
2026-10-01,buenos-aires,Almirante Brown,0,n,0,,,1,1,3,0,35.00,23.00,96
2026-10-01,buenos-aires,Almirante Brown,0,n,1,,258.90,1,1,2,0,39.00,23.50,24
2026-10-01,buenos-aires,Almirante Brown,0,n,2,258.90,328.95,0,0,1,0,36.00,22.00,26
2026-10-01,buenos-aires,Almirante Brown,0,n,3,328.95,592.11,0,0,0,0,36.00,,20
2026-10-01,buenos-aires,Almirante Brown,0,n,4,592.11,,0,0,0,0,35.00,,26
2026-10-01,buenos-aires,Almirante Brown,0,u,0,,,6,6,11,0,31.00,28.00,157
2026-10-01,buenos-aires,Almirante Brown,0,u,1,,296.05,2,2,6,0,31.00,28.50,34
2026-10-01,buenos-aires,Almirante Brown,0,u,2,296.05,456.03,3,3,2,0,29.00,27.50,38
2026-10-01,buenos-aires,Almirante Brown,0,u,3,456.03,980.39,1,1,2,0,30.00,27.50,43
2026-10-01,buenos-aires,Almirante Brown,0,u,4,980.39,,0,0,0,0,35.00,,37
2026-10-01,buenos-aires,Almirante Brown,1,a,0,,,15,14,46,1,29.00,27.00,357
2026-10-01,buenos-aires,Almirante Brown,1,a,1,,276.53,2,1,5,0,29.00,28.00,86
2026-10-01,buenos-aires,Almirante Brown,1,a,2,276.53,343.04,4,4,11,1,29.00,27.00,82
2026-10-01,buenos-aires,Almirante Brown,1,a,3,343.04,432.78,3,3,13,0,28.00,27.00,91
2026-10-01,buenos-aires,Almirante Brown,1,a,4,432.78,,6,6,16,0,29.00,27.00,96
2026-10-01,buenos-aires,Almirante Brown,1,n,0,,,2,1,8,0,31.00,27.50,212
2026-10-01,buenos-aires,Almirante Brown,1,n,1,,262.30,0,0,1,0,32.00,74.00,55
2026-10-01,buenos-aires,Almirante Brown,1,n,2,262.30,326.80,0,0,0,0,35.00,,47
2026-10-01,buenos-aires,Almirante Brown,1,n,3,326.80,426.23,1,0,4,0,29.00,27.00,55
2026-10-01,buenos-aires,Almirante Brown,1,n,4,426.23,,1,1,3,0,31.00,28.00,55
2026-10-01,buenos-aires,Almirante Brown,1,u,0,,,13,13,37,1,28.00,27.00,128
2026-10-01,buenos-aires,Almirante Brown,1,u,1,,294.12,2,1,11,0,28.00,28.00,28
2026-10-01,buenos-aires,Almirante Brown,1,u,2,294.12,367.21,4,5,4,1,28.00,24.50,29
2026-10-01,buenos-aires,Almirante Brown,1,u,3,367.21,451.61,2,2,11,0,28.00,27.00,33
2026-10-01,buenos-aires,Almirante Brown,1,u,4,451.61,,5,5,10,0,28.00,27.00,36
2026-10-01,buenos-aires,Almirante Brown,2,a,0,,,20,19,48,0,31.00,28.00,313
2026-10-01,buenos-aires,Almirante Brown,2,a,1,,392.16,2,2,9,0,28.00,28.00,78
2026-10-01,buenos-aires,Almirante Brown,2,a,2,392.16,488.60,5,5,8,0,33.00,28.00,72
2026-10-01,buenos-aires,Almirante Brown,2,a,3,488.60,622.95,4,4,15,0,33.00,28.00,79
2026-10-01,buenos-aires,Almirante Brown,2,a,4,622.95,,9,8,16,0,31.00,27.00,83
2026-10-01,buenos-aires,Almirante Brown,2,n,0,,,1,1,4,0,36.00,28.00,173
2026-10-01,buenos-aires,Almirante Brown,2,n,1,,392.16,1,1,1,0,29.00,28.00,47
2026-10-01,buenos-aires,Almirante Brown,2,n,2,392.16,462.05,0,0,0,0,36.00,,41
2026-10-01,buenos-aires,Almirante Brown,2,n,3,462.05,565.24,0,0,2,0,36.00,28.00,40
2026-10-01,buenos-aires,Almirante Brown,2,n,4,565.24,,0,0,1,0,42.00,27.00,45
2026-10-01,buenos-aires,Almirante Brown,2,u,0,,,18,17,43,0,28.00,28.00,130
2026-10-01,buenos-aires,Almirante Brown,2,u,1,,418.01,0,0,8,0,28.00,28.00,29
2026-10-01,buenos-aires,Almirante Brown,2,u,2,418.01,511.18,5,5,8,0,28.00,27.50,30
2026-10-01,buenos-aires,Almirante Brown,2,u,3,511.18,647.25,5,5,16,0,28.00,28.00,35
2026-10-01,buenos-aires,Almirante Brown,2,u,4,647.25,,8,7,11,0,28.00,26.00,35
2026-10-01,buenos-aires,Almirante Brown,3,a,0,,,7,7,18,0,28.00,27.50,103
2026-10-01,buenos-aires,Almirante Brown,3,a,1,,586.32,3,3,4,0,29.00,28.50,25
2026-10-01,buenos-aires,Almirante Brown,3,a,2,586.32,705.13,2,2,3,0,28.00,24.00,24
2026-10-01,buenos-aires,Almirante Brown,3,a,3,705.13,983.61,0,0,9,0,27.00,25.00,27
2026-10-01,buenos-aires,Almirante Brown,3,a,4,983.61,,2,2,2,0,27.00,28.00,27
2026-10-01,buenos-aires,Almirante Brown,3,n,0,,,0,0,1,0,31.00,28.00,35
2026-10-01,buenos-aires,Almirante Brown,3,u,0,,,7,7,16,0,28.00,27.50,58
2026-10-01,buenos-aires,Almirante Brown,4,a,0,,,2,2,5,0,29.00,28.00,42
2026-10-01,buenos-aires,Almirante Brown,4,n,0,,,0,0,1,0,37.00,35.00,21
2026-10-01,buenos-aires,Almirante Brown,4,u,0,,,2,2,4,0,28.00,28.00,20
2026-10-01,buenos-aires,Avellaneda,-1,a,0,,,190,180,346,10,28.00,28.00,2774
2026-10-01,buenos-aires,Avellaneda,0,a,0,,,22,21,47,1,24.00,28.00,728
2026-10-01,buenos-aires,Avellaneda,0,a,1,,296.05,6,6,12,0,24.00,27.00,185
2026-10-01,buenos-aires,Avellaneda,0,a,2,296.05,379.08,9,8,21,0,28.00,28.00,165
2026-10-01,buenos-aires,Avellaneda,0,a,3,379.08,1000.00,5,6,14,1,25.00,28.00,172
2026-10-01,buenos-aires,Avellaneda,0,a,4,1000.00,,0,0,0,0,22.00,,192
2026-10-01,buenos-aires,Avellaneda,0,f,0,,,0,0,2,0,36.00,30.50,20
2026-10-01,buenos-aires,Avellaneda,0,n,0,,,0,0,6,0,25.00,28.00,309
2026-10-01,buenos-aires,Avellaneda,0,n,1,,288.53,0,0,1,0,27.00,22.00,76
2026-10-01,buenos-aires,Avellaneda,0,n,2,288.53,333.34,0,0,1,0,29.00,27.00,77
2026-10-01,buenos-aires,Avellaneda,0,n,3,333.34,590.16,0,0,4,0,28.00,33.50,73
2026-10-01,buenos-aires,Avellaneda,0,n,4,590.16,,0,0,0,0,21.00,,82
2026-10-01,buenos-aires,Avellaneda,0,u,0,,,22,21,39,1,23.00,28.00,399
2026-10-01,buenos-aires,Avellaneda,0,u,1,,314.76,6,6,15,0,22.00,28.00,98
2026-10-01,buenos-aires,Avellaneda,0,u,2,314.76,420.70,11,10,18,0,27.00,27.50,88
2026-10-01,buenos-aires,Avellaneda,0,u,3,420.70,1639.34,3,4,6,1,22.00,28.00,97
2026-10-01,buenos-aires,Avellaneda,0,u,4,1639.34,,0,0,0,0,22.00,,103
2026-10-01,buenos-aires,Avellaneda,1,a,0,,,79,77,149,5,29.00,27.00,1074
2026-10-01,buenos-aires,Avellaneda,1,a,1,,339.22,11,10,27,0,29.00,27.00,280
2026-10-01,buenos-aires,Avellaneda,1,a,2,339.22,402.60,12,12,35,1,29.00,27.00,258
2026-10-01,buenos-aires,Avellaneda,1,a,3,402.60,475.82,23,24,48,2,28.00,27.00,276
2026-10-01,buenos-aires,Avellaneda,1,a,4,475.82,,33,31,38,2,29.00,27.50,251
2026-10-01,buenos-aires,Avellaneda,1,f,0,,,5,3,3,0,35.00,28.00,32
2026-10-01,buenos-aires,Avellaneda,1,n,0,,,5,5,13,1,31.00,27.00,618
2026-10-01,buenos-aires,Avellaneda,1,n,1,,326.80,1,1,2,0,34.00,29.00,173
2026-10-01,buenos-aires,Avellaneda,1,n,2,326.80,386.89,1,1,2,0,30.00,27.50,143
2026-10-01,buenos-aires,Avellaneda,1,n,3,386.89,457.52,1,1,4,0,29.00,28.00,150
2026-10-01,buenos-aires,Avellaneda,1,n,4,457.52,,2,2,5,1,31.00,22.00,152
2026-10-01,buenos-aires,Avellaneda,1,u,0,,,69,69,133,4,28.00,27.00,424
2026-10-01,buenos-aires,Avellaneda,1,u,1,,355.99,11,10,31,0,28.00,27.00,106
2026-10-01,buenos-aires,Avellaneda,1,u,2,355.99,423.07,17,18,40,2,27.00,27.00,106
2026-10-01,buenos-aires,Avellaneda,1,u,3,423.07,491.80,19,17,31,0,28.00,28.00,103
2026-10-01,buenos-aires,Avellaneda,1,u,4,491.80,,22,24,30,2,28.00,27.50,100
2026-10-01,buenos-aires,Avellaneda,2,a,0,,,66,61,110,4,28.00,28.00,786
2026-10-01,buenos-aires,Avellaneda,2,a,1,,453.07,19,18,23,0,28.00,28.00,204
2026-10-01,buenos-aires,Avellaneda,2,a,2,453.07,516.13,11,10,29,0,29.00,28.00,198
2026-10-01,buenos-aires,Avellaneda,2,a,3,516.13,605.09,14,12,25,0,28.00,28.00,190
2026-10-01,buenos-aires,Avellaneda,2,a,4,605.09,,22,20,32,3,29.00,28.00,188
2026-10-01,buenos-aires,Avellaneda,2,n,0,,,4,3,14,1,29.00,28.00,439
2026-10-01,buenos-aires,Avellaneda,2,n,1,,444.44,1,0,2,0,30.00,28.00,112
2026-10-01,buenos-aires,Avellaneda,2,n,2,444.44,503.31,1,1,5,0,29.00,28.00,109
2026-10-01,buenos-aires,Avellaneda,2,n,3,503.31,588.24,1,1,4,0,29.00,28.00,111
2026-10-01,buenos-aires,Avellaneda,2,n,4,588.24,,1,1,3,1,29.00,27.00,106
2026-10-01,buenos-aires,Avellaneda,2,u,0,,,60,57,95,3,28.00,28.00,331
2026-10-01,buenos-aires,Avellaneda,2,u,1,,458.06,19,19,22,0,28.00,28.00,88
2026-10-01,buenos-aires,Avellaneda,2,u,2,458.06,529.80,10,9,24,0,28.00,27.50,85
2026-10-01,buenos-aires,Avellaneda,2,u,3,529.80,626.62,14,12,23,0,28.00,28.00,76
2026-10-01,buenos-aires,Avellaneda,2,u,4,626.62,,17,16,25,2,28.00,28.00,77
2026-10-01,buenos-aires,Avellaneda,3,a,0,,,21,19,35,0,29.00,27.00,158
2026-10-01,buenos-aires,Avellaneda,3,a,1,,522.88,4,4,12,0,29.00,27.00,45
2026-10-01,buenos-aires,Avellaneda,3,a,2,522.88,645.70,4,4,5,0,29.00,28.00,33
2026-10-01,buenos-aires,Avellaneda,3,a,3,645.70,889.96,8,8,9,0,28.00,27.00,40
2026-10-01,buenos-aires,Avellaneda,3,a,4,889.96,,5,3,9,0,32.00,28.00,40
2026-10-01,buenos-aires,Avellaneda,3,n,0,,,2,1,2,0,36.00,45.50,68
2026-10-01,buenos-aires,Avellaneda,3,u,0,,,18,17,32,0,28.00,27.50,84
2026-10-01,buenos-aires,Avellaneda,3,u,1,,550.16,3,3,13,0,29.00,28.00,26
2026-10-01,buenos-aires,Avellaneda,3,u,3,679.61,958.47,7,6,8,0,28.00,27.00,22
2026-10-01,buenos-aires,Avellaneda,3,u,4,958.47,,3,3,7,0,33.00,28.00,20
2026-10-01,buenos-aires,Avellaneda,4,a,0,,,2,2,5,0,28.00,28.00,28
2026-10-01,buenos-aires,Balvanera,-1,a,0,,,1919,728,655,115,31.00,18.00,5299
2026-10-01,buenos-aires,Balvanera,0,a,0,,,738,239,240,42,31.00,18.00,1974
2026-10-01,buenos-aires,Balvanera,0,a,1,,367.74,151,56,65,14,28.00,19.00,488
2026-10-01,buenos-aires,Balvanera,0,a,2,367.74,446.20,147,56,58,8,30.00,15.00,485
2026-10-01,buenos-aires,Balvanera,0,a,3,446.20,528.85,198,71,55,11,31.00,18.00,485
2026-10-01,buenos-aires,Balvanera,0,a,4,528.85,,197,56,55,9,42.00,20.00,462
2026-10-01,buenos-aires,Balvanera,0,f,0,,,272,92,90,17,30.00,14.50,682
2026-10-01,buenos-aires,Balvanera,0,f,1,,424.44,42,21,28,7,21.00,12.00,165
2026-10-01,buenos-aires,Balvanera,0,f,2,424.44,500.00,61,29,23,4,28.00,20.00,179
2026-10-01,buenos-aires,Balvanera,0,f,3,500.00,600.00,60,22,16,3,31.00,27.50,155
2026-10-01,buenos-aires,Balvanera,0,f,4,600.00,,68,20,23,3,46.00,14.00,142
2026-10-01,buenos-aires,Balvanera,0,n,0,,,335,117,115,20,30.00,19.00,965
2026-10-01,buenos-aires,Balvanera,0,n,1,,343.04,70,24,33,7,28.00,20.00,245
2026-10-01,buenos-aires,Balvanera,0,n,2,343.04,398.70,80,30,26,3,30.00,19.50,238
2026-10-01,buenos-aires,Balvanera,0,n,3,398.70,477.42,91,36,30,4,32.00,18.00,242
2026-10-01,buenos-aires,Balvanera,0,n,4,477.42,,93,27,26,6,31.00,15.00,239
2026-10-01,buenos-aires,Balvanera,0,u,0,,,131,30,35,5,32.00,19.00,327
2026-10-01,buenos-aires,Balvanera,0,u,1,,381.88,32,9,7,1,37.00,28.00,81
2026-10-01,buenos-aires,Balvanera,0,u,2,381.88,445.55,26,10,9,2,30.00,13.00,79
2026-10-01,buenos-aires,Balvanera,0,u,3,445.55,543.69,40,4,5,1,80.00,18.00,76
2026-10-01,buenos-aires,Balvanera,0,u,4,543.69,,30,7,7,1,30.00,19.00,79
2026-10-01,buenos-aires,Balvanera,1,a,0,,,689,292,256,49,29.00,16.00,2005
2026-10-01,buenos-aires,Balvanera,1,a,1,,433.66,120,57,67,10,23.00,16.00,496
2026-10-01,buenos-aires,Balvanera,1,a,2,433.66,505.89,158,58,56,10,26.00,15.50,495
2026-10-01,buenos-aires,Balvanera,1,a,3,505.89,600.00,199,92,77,16,31.00,14.00,529
2026-10-01,buenos-aires,Balvanera,1,a,4,600.00,,173,83,52,13,42.00,15.00,429
2026-10-01,buenos-aires,Balvanera,1,f,0,,,229,82,66,12,36.00,21.50,586
2026-10-01,buenos-aires,Balvanera,1,f,1,,500.00,40,18,14,3,21.00,15.50,151
2026-10-01,buenos-aires,Balvanera,1,f,2,500.00,600.00,54,23,27,3,30.00,18.00,158
2026-10-01,buenos-aires,Balvanera,1,f,3,600.00,750.00,45,20,16,5,31.00,27.00,120
2026-10-01,buenos-aires,Balvanera,1,f,4,750.00,,55,21,8,1,86.00,46.00,117
2026-10-01,buenos-aires,Balvanera,1,n,0,,,344,166,148,30,27.00,15.00,1100
2026-10-01,buenos-aires,Balvanera,1,n,1,,419.35,46,28,44,8,21.00,16.00,284
2026-10-01,buenos-aires,Balvanera,1,n,2,419.35,478.69,97,40,33,4,28.00,15.00,268
2026-10-01,buenos-aires,Balvanera,1,n,3,478.69,544.52,94,42,41,10,26.00,15.00,274
2026-10-01,buenos-aires,Balvanera,1,n,4,544.52,,106,56,30,8,32.00,11.50,269
2026-10-01,buenos-aires,Balvanera,1,u,0,,,116,44,42,7,31.00,14.00,319
2026-10-01,buenos-aires,Balvanera,1,u,1,,441.16,22,8,9,1,23.00,21.00,79
2026-10-01,buenos-aires,Balvanera,1,u,2,441.16,508.14,29,7,8,0,32.00,14.00,79
2026-10-01,buenos-aires,Balvanera,1,u,3,508.14,578.95,30,11,6,2,32.00,10.50,77
2026-10-01,buenos-aires,Balvanera,1,u,4,578.95,,32,16,16,4,51.00,12.50,73
2026-10-01,buenos-aires,Balvanera,2,a,0,,,358,142,121,16,32.00,21.00,961
2026-10-01,buenos-aires,Balvanera,2,a,1,,609.27,49,24,33,4,27.00,26.00,235
2026-10-01,buenos-aires,Balvanera,2,a,2,609.27,718.85,93,47,31,7,31.00,18.00,238
2026-10-01,buenos-aires,Balvanera,2,a,3,718.85,900.00,95,35,24,2,31.00,20.00,241
2026-10-01,buenos-aires,Balvanera,2,a,4,900.00,,102,33,31,2,48.00,21.00,225
2026-10-01,buenos-aires,Balvanera,2,f,0,,,115,26,23,2,58.00,25.00,246
2026-10-01,buenos-aires,Balvanera,2,f,1,,784.31,20,10,9,2,41.00,23.00,59
2026-10-01,buenos-aires,Balvanera,2,f,2,784.31,900.00,22,5,3,0,34.00,16.00,55
2026-10-01,buenos-aires,Balvanera,2,f,3,900.00,1125.70,24,3,2,0,52.00,65.50,57
2026-10-01,buenos-aires,Balvanera,2,f,4,1125.70,,33,8,9,0,72.00,27.00,59
2026-10-01,buenos-aires,Balvanera,2,n,0,,,191,93,78,12,30.00,21.00,565
2026-10-01,buenos-aires,Balvanera,2,n,1,,582.52,32,19,23,4,27.00,22.00,143
2026-10-01,buenos-aires,Balvanera,2,n,2,582.52,661.30,46,29,20,4,29.00,26.00,140
2026-10-01,buenos-aires,Balvanera,2,n,3,661.30,776.70,58,20,13,1,35.00,19.00,143
2026-10-01,buenos-aires,Balvanera,2,n,4,776.70,,55,25,22,3,31.00,15.50,139
2026-10-01,buenos-aires,Balvanera,2,u,0,,,52,23,20,2,30.00,22.50,150
2026-10-01,buenos-aires,Balvanera,2,u,1,,601.94,8,2,4,0,29.00,30.50,36
2026-10-01,buenos-aires,Balvanera,2,u,2,601.94,707.79,12,5,5,1,32.00,16.00,37
2026-10-01,buenos-aires,Balvanera,2,u,3,707.79,848.06,15,7,5,0,28.00,26.00,35
2026-10-01,buenos-aires,Balvanera,2,u,4,848.06,,14,6,4,0,33.00,22.50,36
2026-10-01,buenos-aires,Balvanera,3,a,0,,,91,36,26,5,30.00,18.50,266
2026-10-01,buenos-aires,Balvanera,3,a,1,,809.06,15,6,5,3,21.00,6.00,68
2026-10-01,buenos-aires,Balvanera,3,a,2,809.06,955.41,19,10,8,1,30.00,14.00,64
2026-10-01,buenos-aires,Balvanera,3,a,3,955.41,1054.06,19,6,4,1,29.00,20.00,64
2026-10-01,buenos-aires,Balvanera,3,a,4,1054.06,,33,14,8,0,31.00,24.00,63
2026-10-01,buenos-aires,Balvanera,3,f,0,,,24,8,7,0,64.00,13.00,43
2026-10-01,buenos-aires,Balvanera,3,n,0,,,48,19,12,3,25.00,17.50,167
2026-10-01,buenos-aires,Balvanera,3,n,1,,783.11,9,5,3,2,20.00,6.00,43
2026-10-01,buenos-aires,Balvanera,3,n,2,783.11,918.03,10,3,4,0,22.00,15.00,42
2026-10-01,buenos-aires,Balvanera,3,n,3,918.03,1000.00,17,4,1,0,30.00,14.00,47
2026-10-01,buenos-aires,Balvanera,3,n,4,1000.00,,12,7,4,1,31.00,26.50,35
2026-10-01,buenos-aires,Balvanera,3,u,0,,,19,9,7,2,30.00,26.00,56
2026-10-01,buenos-aires,Balvanera,4,a,0,,,43,19,12,3,49.00,21.00,93
2026-10-01,buenos-aires,Balvanera,4,a,1,,900.00,8,8,7,2,42.00,54.00,24
2026-10-01,buenos-aires,Balvanera,4,a,2,900.00,1500.00,14,4,1,0,76.00,15.00,24
2026-10-01,buenos-aires,Balvanera,4,a,3,1500.00,2204.47,8,2,3,1,25.00,17.00,20
2026-10-01,buenos-aires,Balvanera,4,a,4,2204.47,,10,5,0,0,31.00,,21
2026-10-01,buenos-aires,Balvanera,4,n,0,,,23,8,7,2,54.00,54.00,50
2026-10-01,buenos-aires,Balvanera,4,u,0,,,18,10,4,1,31.00,13.50,36
2026-10-01,buenos-aires,Barracas,-1,a,0,,,167,131,107,13,28.00,27.00,859
2026-10-01,buenos-aires,Barracas,0,a,0,,,38,28,18,1,28.00,28.00,179
2026-10-01,buenos-aires,Barracas,0,a,1,,387.10,8,7,3,0,28.00,28.00,48
2026-10-01,buenos-aires,Barracas,0,a,2,387.10,475.25,7,3,3,0,27.00,27.00,46
2026-10-01,buenos-aires,Barracas,0,a,3,475.25,600.00,10,9,7,1,27.00,27.00,45
2026-10-01,buenos-aires,Barracas,0,a,4,600.00,,12,9,5,0,30.00,30.00,39
2026-10-01,buenos-aires,Barracas,0,f,0,,,7,1,4,0,28.00,28.00,45
2026-10-01,buenos-aires,Barracas,0,n,0,,,9,7,5,0,27.00,35.00,86
2026-10-01,buenos-aires,Barracas,0,n,1,,355.99,2,2,1,0,27.00,48.00,24
2026-10-01,buenos-aires,Barracas,0,n,2,355.99,400.00,1,1,1,0,27.00,12.00,21
2026-10-01,buenos-aires,Barracas,0,n,3,400.00,460.27,3,2,0,0,26.00,,20
2026-10-01,buenos-aires,Barracas,0,n,4,460.27,,3,2,3,0,35.00,35.00,21
2026-10-01,buenos-aires,Barracas,0,u,0,,,22,20,9,1,29.00,27.00,48
2026-10-01,buenos-aires,Barracas,1,a,0,,,78,65,44,9,28.00,26.00,358
2026-10-01,buenos-aires,Barracas,1,a,1,,459.02,17,14,10,4,28.00,23.50,93
2026-10-01,buenos-aires,Barracas,1,a,2,459.02,557.69,20,17,11,0,28.00,28.00,91
2026-10-01,buenos-aires,Barracas,1,a,3,557.69,673.40,17,12,13,1,28.00,25.00,86
2026-10-01,buenos-aires,Barracas,1,a,4,673.40,,22,20,10,4,28.00,24.50,84
2026-10-01,buenos-aires,Barracas,1,f,0,,,22,16,9,3,31.00,22.00,62
2026-10-01,buenos-aires,Barracas,1,n,0,,,17,12,9,1,28.00,27.00,179
2026-10-01,buenos-aires,Barracas,1,n,1,,450.16,6,3,2,0,28.00,26.00,48
2026-10-01,buenos-aires,Barracas,1,n,2,450.16,514.47,4,3,1,0,26.00,53.00,44
2026-10-01,buenos-aires,Barracas,1,n,3,514.47,582.52,2,0,2,0,26.00,26.00,46
2026-10-01,buenos-aires,Barracas,1,n,4,582.52,,5,6,4,1,28.00,26.00,41
2026-10-01,buenos-aires,Barracas,1,u,0,,,39,37,26,5,28.00,26.50,117
2026-10-01,buenos-aires,Barracas,1,u,1,,467.53,11,12,8,4,29.00,22.50,31
2026-10-01,buenos-aires,Barracas,1,u,2,467.53,554.14,12,11,7,0,29.00,28.00,28
2026-10-01,buenos-aires,Barracas,1,u,3,554.14,651.13,8,7,8,0,28.00,27.00,28
2026-10-01,buenos-aires,Barracas,1,u,4,651.13,,6,5,3,1,28.00,28.00,26
2026-10-01,buenos-aires,Barracas,2,a,0,,,33,25,32,3,28.00,27.00,251
2026-10-01,buenos-aires,Barracas,2,a,1,,595.47,8,6,12,2,26.00,25.50,64
2026-10-01,buenos-aires,Barracas,2,a,2,595.47,730.76,9,7,3,1,27.00,22.00,67
2026-10-01,buenos-aires,Barracas,2,a,3,730.76,906.15,7,5,9,0,27.00,27.00,58
2026-10-01,buenos-aires,Barracas,2,a,4,906.15,,9,7,8,0,29.00,27.50,61
2026-10-01,buenos-aires,Barracas,2,f,0,,,5,3,3,0,24.00,22.00,24
2026-10-01,buenos-aires,Barracas,2,n,0,,,7,3,6,0,27.00,27.00,130
2026-10-01,buenos-aires,Barracas,2,n,1,,594.06,1,0,1,0,24.00,24.00,34
2026-10-01,buenos-aires,Barracas,2,n,2,594.06,662.25,0,0,0,0,26.00,,32
2026-10-01,buenos-aires,Barracas,2,n,3,662.25,815.44,4,3,2,0,28.00,24.00,34
2026-10-01,buenos-aires,Barracas,2,n,4,815.44,,2,0,3,0,32.00,27.00,30
2026-10-01,buenos-aires,Barracas,2,u,0,,,21,19,23,3,28.00,27.00,97
2026-10-01,buenos-aires,Barracas,2,u,1,,586.32,7,6,10,2,28.00,25.00,26
2026-10-01,buenos-aires,Barracas,2,u,2,586.32,748.39,8,7,4,1,28.00,24.00,27
2026-10-01,buenos-aires,Barracas,2,u,3,748.39,948.68,2,2,6,0,28.00,25.50,22
2026-10-01,buenos-aires,Barracas,2,u,4,948.68,,4,4,3,0,29.00,29.00,21
2026-10-01,buenos-aires,Barracas,3,a,0,,,12,11,10,0,26.00,27.00,57
2026-10-01,buenos-aires,Barracas,3,n,0,,,5,5,2,0,28.00,27.50,22
2026-10-01,buenos-aires,Barracas,3,u,0,,,6,5,8,0,25.00,26.50,34
2026-10-01,buenos-aires,Beccar,-1,a,0,,,170,126,132,11,29.00,27.00,808
2026-10-01,buenos-aires,Beccar,0,a,0,,,19,11,14,1,28.00,28.00,104
2026-10-01,buenos-aires,Beccar,0,a,1,,529.80,4,2,1,0,31.00,23.00,27
2026-10-01,buenos-aires,Beccar,0,a,2,529.80,843.73,0,0,4,0,28.00,29.00,26
2026-10-01,buenos-aires,Beccar,0,a,3,843.73,2535.00,10,8,2,0,28.00,29.00,26
2026-10-01,buenos-aires,Beccar,0,a,4,2535.00,,5,1,7,1,28.00,23.00,23
2026-10-01,buenos-aires,Beccar,0,u,0,,,16,9,12,0,28.00,28.00,80
2026-10-01,buenos-aires,Beccar,0,u,1,,610.39,3,1,1,0,29.00,23.00,20
2026-10-01,buenos-aires,Beccar,0,u,2,610.39,1100.00,1,1,4,0,27.00,30.00,22
2026-10-01,buenos-aires,Beccar,1,a,0,,,35,26,38,1,29.00,27.00,221
2026-10-01,buenos-aires,Beccar,1,a,1,,482.32,3,0,2,0,33.00,27.00,58
2026-10-01,buenos-aires,Beccar,1,a,2,482.32,679.61,11,11,11,1,29.00,27.00,52
2026-10-01,buenos-aires,Beccar,1,a,3,679.61,900.33,15,13,13,0,29.00,28.00,56
2026-10-01,buenos-aires,Beccar,1,a,4,900.33,,6,2,11,0,29.00,28.00,54
2026-10-01,buenos-aires,Beccar,1,f,0,,,4,3,8,0,29.00,27.50,27
2026-10-01,buenos-aires,Beccar,1,n,0,,,16,8,8,1,33.00,26.50,123
2026-10-01,buenos-aires,Beccar,1,n,1,,440.52,3,0,0,0,48.00,,30
2026-10-01,buenos-aires,Beccar,1,n,2,440.52,519.21,2,2,3,0,29.00,26.00,33
2026-10-01,buenos-aires,Beccar,1,n,3,519.21,771.70,5,5,3,1,31.00,27.00,28
2026-10-01,buenos-aires,Beccar,1,n,4,771.70,,6,1,2,0,32.00,27.00,32
2026-10-01,buenos-aires,Beccar,1,u,0,,,15,15,22,0,28.00,28.00,71
2026-10-01,buenos-aires,Beccar,1,u,2,590.91,744.34,8,8,7,0,29.00,29.00,21
2026-10-01,buenos-aires,Beccar,2,a,0,,,32,27,36,2,29.00,27.00,196
2026-10-01,buenos-aires,Beccar,2,a,1,,779.22,10,8,8,0,28.00,25.00,53
2026-10-01,buenos-aires,Beccar,2,a,2,779.22,1091.81,2,2,9,0,29.00,27.00,47
2026-10-01,buenos-aires,Beccar,2,a,3,1091.81,1597.35,11,10,9,0,35.00,22.00,47
2026-10-01,buenos-aires,Beccar,2,a,4,1597.35,,9,7,10,2,29.00,28.00,49
2026-10-01,buenos-aires,Beccar,2,n,0,,,11,10,3,1,31.00,27.00,88
2026-10-01,buenos-aires,Beccar,2,n,1,,707.40,2,2,0,0,28.00,,22
2026-10-01,buenos-aires,Beccar,2,n,2,707.40,964.63,2,2,1,0,34.00,27.00,24
2026-10-01,buenos-aires,Beccar,2,n,3,964.63,1382.95,4,3,1,0,41.00,30.00,21
2026-10-01,buenos-aires,Beccar,2,n,4,1382.95,,3,3,1,1,34.00,0.00,21
2026-10-01,buenos-aires,Beccar,2,u,0,,,15,13,30,1,29.00,27.00,90
2026-10-01,buenos-aires,Beccar,2,u,1,,844.16,6,4,10,0,28.00,25.50,26
2026-10-01,buenos-aires,Beccar,2,u,2,844.16,1217.95,1,1,9,0,28.00,23.00,22
2026-10-01,buenos-aires,Beccar,2,u,4,1551.32,,3,3,8,1,28.00,28.50,24
2026-10-01,buenos-aires,Beccar,3,a,0,,,47,34,27,4,29.00,25.00,176
2026-10-01,buenos-aires,Beccar,3,a,1,,2100.00,3,3,5,1,28.00,27.00,40
2026-10-01,buenos-aires,Beccar,3,a,2,2100.00,2700.00,16,14,6,1,29.00,22.00,50
2026-10-01,buenos-aires,Beccar,3,a,3,2700.00,3000.00,11,6,8,1,28.00,24.50,43
2026-10-01,buenos-aires,Beccar,3,a,4,3000.00,,17,11,8,1,38.00,28.00,41
2026-10-01,buenos-aires,Beccar,3,f,0,,,5,4,4,1,35.00,27.00,25
2026-10-01,buenos-aires,Beccar,3,n,0,,,8,3,3,0,31.00,24.00,64
2026-10-01,buenos-aires,Beccar,3,n,2,1414.79,2500.00,3,2,1,0,30.00,24.00,29
2026-10-01,buenos-aires,Beccar,3,u,0,,,34,27,20,3,28.00,24.00,87
2026-10-01,buenos-aires,Beccar,3,u,2,2135.92,2700.00,13,11,6,1,30.00,22.00,25
2026-10-01,buenos-aires,Beccar,3,u,3,2700.00,3200.00,8,4,7,1,28.00,23.00,23
2026-10-01,buenos-aires,Beccar,4,a,0,,,37,28,17,3,38.00,26.00,111
2026-10-01,buenos-aires,Beccar,4,a,1,,2800.00,10,9,4,1,38.00,22.00,31
2026-10-01,buenos-aires,Beccar,4,a,2,2800.00,4000.00,8,5,3,1,38.00,26.00,29
2026-10-01,buenos-aires,Beccar,4,a,3,4000.00,6500.00,5,2,4,0,31.00,35.00,21
2026-10-01,buenos-aires,Beccar,4,a,4,6500.00,,14,12,6,1,62.00,25.00,30
2026-10-01,buenos-aires,Beccar,4,f,0,,,10,4,5,1,43.00,27.00,34
2026-10-01,buenos-aires,Beccar,4,n,0,,,3,2,2,0,38.00,25.50,23
2026-10-01,buenos-aires,Beccar,4,u,0,,,24,22,10,2,38.00,22.50,54
2026-10-01,buenos-aires,Belgrano,-1,a,0,,,3645,1425,970,186,32.00,17.00,9374
2026-10-01,buenos-aires,Belgrano,0,a,0,,,933,353,232,44,32.00,18.00,2368
2026-10-01,buenos-aires,Belgrano,0,a,1,,496.82,209,77,69,9,31.00,21.00,597
2026-10-01,buenos-aires,Belgrano,0,a,2,496.82,577.27,218,66,57,10,29.00,20.00,586
2026-10-01,buenos-aires,Belgrano,0,a,3,577.27,699.00,217,105,70,19,30.00,14.00,585
2026-10-01,buenos-aires,Belgrano,0,a,4,699.00,,271,104,36,6,50.00,20.00,577
2026-10-01,buenos-aires,Belgrano,0,f,0,,,317,120,76,18,33.00,18.00,817
2026-10-01,buenos-aires,Belgrano,0,f,1,,581.23,56,23,25,5,21.00,20.00,203
2026-10-01,buenos-aires,Belgrano,0,f,2,581.23,700.00,66,33,25,9,22.00,13.00,212
2026-10-01,buenos-aires,Belgrano,0,f,3,700.00,875.00,81,35,10,1,33.00,19.00,187
2026-10-01,buenos-aires,Belgrano,0,f,4,875.00,,99,29,16,3,66.00,21.00,198
2026-10-01,buenos-aires,Belgrano,0,n,0,,,462,175,124,18,33.00,20.50,1133
2026-10-01,buenos-aires,Belgrano,0,n,1,,454.96,105,36,31,2,35.00,25.00,285
2026-10-01,buenos-aires,Belgrano,0,n,2,454.96,528.05,114,40,35,5,32.00,18.00,286
2026-10-01,buenos-aires,Belgrano,0,n,3,528.05,600.00,119,42,32,6,31.00,23.00,308
2026-10-01,buenos-aires,Belgrano,0,n,4,600.00,,122,56,26,5,61.00,19.00,252
2026-10-01,buenos-aires,Belgrano,0,u,0,,,154,58,32,8,27.00,14.00,418
2026-10-01,buenos-aires,Belgrano,0,u,1,,498.38,35,11,11,3,30.00,33.00,104
2026-10-01,buenos-aires,Belgrano,0,u,2,498.38,575.00,38,11,6,2,21.00,14.50,105
2026-10-01,buenos-aires,Belgrano,0,u,3,575.00,642.46,35,17,6,1,14.00,13.00,102
2026-10-01,buenos-aires,Belgrano,0,u,4,642.46,,45,19,9,2,49.00,14.00,103
2026-10-01,buenos-aires,Belgrano,1,a,0,,,1350,570,370,71,31.00,15.00,3563
2026-10-01,buenos-aires,Belgrano,1,a,1,,577.92,299,135,80,16,29.00,19.00,886
2026-10-01,buenos-aires,Belgrano,1,a,2,577.92,740.26,321,143,103,14,30.00,17.00,878
2026-10-01,buenos-aires,Belgrano,1,a,3,740.26,932.48,365,162,93,19,32.00,14.00,887
2026-10-01,buenos-aires,Belgrano,1,a,4,932.48,,338,129,94,22,34.00,13.50,874
2026-10-01,buenos-aires,Belgrano,1,f,0,,,422,135,91,15,36.00,14.00,998
2026-10-01,buenos-aires,Belgrano,1,f,1,,693.85,76,27,23,5,26.00,17.00,238
2026-10-01,buenos-aires,Belgrano,1,f,2,693.85,828.98,123,43,14,2,50.00,15.50,249
2026-10-01,buenos-aires,Belgrano,1,f,3,828.98,1078.57,99,27,27,2,36.00,14.00,248
2026-10-01,buenos-aires,Belgrano,1,f,4,1078.57,,103,38,27,6,41.00,14.00,237
2026-10-01,buenos-aires,Belgrano,1,n,0,,,752,365,236,46,30.00,15.00,2069
2026-10-01,buenos-aires,Belgrano,1,n,1,,538.51,179,92,45,9,30.00,18.00,518
2026-10-01,buenos-aires,Belgrano,1,n,2,538.51,667.84,192,80,60,8,31.00,17.00,516
2026-10-01,buenos-aires,Belgrano,1,n,3,667.84,850.00,199,105,66,13,30.00,15.00,514
2026-10-01,buenos-aires,Belgrano,1,n,4,850.00,,179,88,65,16,30.00,13.00,515
2026-10-01,buenos-aires,Belgrano,1,u,0,,,176,70,43,10,32.00,17.00,496
2026-10-01,buenos-aires,Belgrano,1,u,1,,653.72,36,15,14,3,30.00,19.50,124
2026-10-01,buenos-aires,Belgrano,1,u,2,653.72,805.28,40,21,13,4,29.00,12.00,122
2026-10-01,buenos-aires,Belgrano,1,u,3,805.28,1000.00,45,17,9,3,30.00,14.00,126
2026-10-01,buenos-aires,Belgrano,1,u,4,1000.00,,52,16,7,0,52.00,25.00,118
2026-10-01,buenos-aires,Belgrano,2,a,0,,,761,281,201,36,32.00,19.00,2041
2026-10-01,buenos-aires,Belgrano,2,a,1,,873.79,168,83,54,9,30.00,17.50,514
2026-10-01,buenos-aires,Belgrano,2,a,2,873.79,1133.77,190,60,51,7,31.00,19.00,501
2026-10-01,buenos-aires,Belgrano,2,a,3,1133.77,1506.41,199,67,51,11,32.00,18.00,501
2026-10-01,buenos-aires,Belgrano,2,a,4,1506.41,,188,70,45,9,35.00,22.00,505
2026-10-01,buenos-aires,Belgrano,2,f,0,,,248,63,61,9,39.00,18.00,612
2026-10-01,buenos-aires,Belgrano,2,f,1,,1050.00,60,17,24,2,37.00,15.50,151
2026-10-01,buenos-aires,Belgrano,2,f,2,1050.00,1300.00,60,14,15,2,31.00,19.00,163
2026-10-01,buenos-aires,Belgrano,2,f,3,1300.00,1800.00,63,16,7,2,46.00,12.00,138
2026-10-01,buenos-aires,Belgrano,2,f,4,1800.00,,52,16,15,3,35.00,20.00,146
2026-10-01,buenos-aires,Belgrano,2,n,0,,,414,188,114,22,30.00,20.00,1178
2026-10-01,buenos-aires,Belgrano,2,n,1,,800.00,94,54,31,5,29.00,20.00,299
2026-10-01,buenos-aires,Belgrano,2,n,2,800.00,1003.24,98,38,25,5,29.00,21.00,294
2026-10-01,buenos-aires,Belgrano,2,n,3,1003.24,1414.79,113,45,32,7,31.00,16.00,290
2026-10-01,buenos-aires,Belgrano,2,n,4,1414.79,,107,51,26,5,31.00,24.50,293
2026-10-01,buenos-aires,Belgrano,2,u,0,,,99,30,26,5,40.00,14.50,251
2026-10-01,buenos-aires,Belgrano,2,u,1,,903.22,24,7,4,0,44.00,13.50,63
2026-10-01,buenos-aires,Belgrano,2,u,2,903.22,1221.86,23,9,12,2,37.00,20.50,62
2026-10-01,buenos-aires,Belgrano,2,u,3,1221.86,1800.00,32,10,6,3,65.00,11.00,62
2026-10-01,buenos-aires,Belgrano,2,u,4,1800.00,,19,3,4,0,30.00,24.50,60
2026-10-01,buenos-aires,Belgrano,3,a,0,,,468,182,127,27,44.00,17.00,1083
2026-10-01,buenos-aires,Belgrano,3,a,1,,1410.26,87,39,44,9,32.00,21.50,265
2026-10-01,buenos-aires,Belgrano,3,a,2,1410.26,2168.28,120,41,18,4,43.00,15.00,271
2026-10-01,buenos-aires,Belgrano,3,a,3,2168.28,3500.00,130,50,31,6,50.00,15.00,284
2026-10-01,buenos-aires,Belgrano,3,a,4,3500.00,,128,52,34,8,57.00,17.00,260
2026-10-01,buenos-aires,Belgrano,3,f,0,,,105,36,18,3,57.00,15.00,217
2026-10-01,buenos-aires,Belgrano,3,f,1,,1800.00,21,4,6,0,32.00,19.50,54
2026-10-01,buenos-aires,Belgrano,3,f,2,1800.00,3000.00,26,7,3,0,43.00,26.00,61
2026-10-01,buenos-aires,Belgrano,3,f,3,3000.00,4100.00,22,10,4,2,42.00,10.00,44
2026-10-01,buenos-aires,Belgrano,3,f,4,4100.00,,33,15,5,1,84.00,15.00,55
2026-10-01,buenos-aires,Belgrano,3,n,0,,,245,101,77,16,46.00,20.00,582
2026-10-01,buenos-aires,Belgrano,3,n,1,,1300.00,57,26,24,5,43.00,24.50,152
2026-10-01,buenos-aires,Belgrano,3,n,2,1300.00,1915.85,63,24,15,3,47.00,15.00,140
2026-10-01,buenos-aires,Belgrano,3,n,3,1915.85,3200.00,73,34,20,5,50.00,14.50,157
2026-10-01,buenos-aires,Belgrano,3,n,4,3200.00,,52,17,18,3,46.00,27.00,133
2026-10-01,buenos-aires,Belgrano,3,u,0,,,118,45,32,8,36.00,15.00,284
2026-10-01,buenos-aires,Belgrano,3,u,1,,1496.73,22,15,13,5,28.00,15.00,72
2026-10-01,buenos-aires,Belgrano,3,u,2,1496.73,2300.00,27,10,3,0,36.00,35.00,71
2026-10-01,buenos-aires,Belgrano,3,u,3,2300.00,3500.00,32,5,7,0,45.00,15.00,76
2026-10-01,buenos-aires,Belgrano,3,u,4,3500.00,,37,15,9,3,90.00,14.00,65
2026-10-01,buenos-aires,Belgrano,4,a,0,,,133,39,40,8,47.00,18.00,319
2026-10-01,buenos-aires,Belgrano,4,a,1,,2418.30,28,7,9,2,49.00,15.00,79
2026-10-01,buenos-aires,Belgrano,4,a,2,2418.30,3800.00,27,6,9,1,29.00,15.00,79
2026-10-01,buenos-aires,Belgrano,4,a,3,3800.00,6500.00,33,13,9,4,45.00,12.00,77
2026-10-01,buenos-aires,Belgrano,4,a,4,6500.00,,44,13,13,1,78.00,26.00,77
2026-10-01,buenos-aires,Belgrano,4,f,0,,,34,9,2,0,79.00,49.50,59
2026-10-01,buenos-aires,Belgrano,4,n,0,,,70,24,29,7,41.00,17.00,178
2026-10-01,buenos-aires,Belgrano,4,n,1,,2391.56,15,6,5,2,45.00,8.00,46
2026-10-01,buenos-aires,Belgrano,4,n,2,2391.56,3126.22,15,4,7,1,28.00,15.00,42
2026-10-01,buenos-aires,Belgrano,4,n,3,3126.22,6500.00,23,6,6,3,89.00,13.00,45
2026-10-01,buenos-aires,Belgrano,4,n,4,6500.00,,17,8,11,1,50.00,21.00,42
2026-10-01,buenos-aires,Belgrano,4,u,0,,,29,6,9,1,45.00,34.00,82
2026-10-01,buenos-aires,Belgrano,4,u,1,,2442.24,4,0,3,0,31.00,63.00,20
2026-10-01,buenos-aires,Belgrano,4,u,2,2442.24,3800.00,7,1,2,0,29.00,24.00,21
2026-10-01,buenos-aires,Berazategui,-1,a,0,,,28,32,41,7,35.00,27.00,610
2026-10-01,buenos-aires,Berazategui,0,a,0,,,4,9,9,5,35.00,0.00,236
2026-10-01,buenos-aires,Berazategui,0,a,1,,298.01,1,1,1,0,35.00,28.00,58
2026-10-01,buenos-aires,Berazategui,0,a,2,298.01,522.88,3,3,3,0,35.00,28.00,56
2026-10-01,buenos-aires,Berazategui,0,a,3,522.88,3000.00,0,5,5,5,35.00,0.00,62
2026-10-01,buenos-aires,Berazategui,0,a,4,3000.00,,0,0,0,0,35.00,,57
2026-10-01,buenos-aires,Berazategui,0,n,0,,,0,1,1,1,35.00,0.00,94
2026-10-01,buenos-aires,Berazategui,0,n,1,,261.44,0,0,0,0,35.00,,25
2026-10-01,buenos-aires,Berazategui,0,n,2,261.44,433.33,0,0,0,0,35.00,,20
2026-10-01,buenos-aires,Berazategui,0,n,3,433.33,9600.00,0,1,1,1,35.00,0.00,26
2026-10-01,buenos-aires,Berazategui,0,n,4,9600.00,,0,0,0,0,27.00,,23
2026-10-01,buenos-aires,Berazategui,0,u,0,,,4,8,8,4,35.00,13.50,142
2026-10-01,buenos-aires,Berazategui,0,u,1,,355.99,3,3,2,0,35.00,27.50,36
2026-10-01,buenos-aires,Berazategui,0,u,2,355.99,620.69,1,1,2,0,35.00,28.00,33
2026-10-01,buenos-aires,Berazategui,0,u,3,620.69,2500.00,0,4,4,4,35.00,0.00,38
2026-10-01,buenos-aires,Berazategui,0,u,4,2500.00,,0,0,0,0,35.00,,32
2026-10-01,buenos-aires,Berazategui,1,a,0,,,14,12,21,1,30.00,27.00,194
2026-10-01,buenos-aires,Berazategui,1,a,1,,313.73,1,1,3,0,36.00,28.00,46
2026-10-01,buenos-aires,Berazategui,1,a,2,313.73,392.16,6,7,9,1,31.00,27.00,55
2026-10-01,buenos-aires,Berazategui,1,a,3,392.16,464.06,2,1,2,0,29.00,28.00,40
2026-10-01,buenos-aires,Berazategui,1,a,4,464.06,,5,3,6,0,28.00,25.50,51
2026-10-01,buenos-aires,Berazategui,1,n,0,,,1,1,3,1,31.00,24.00,117
2026-10-01,buenos-aires,Berazategui,1,n,1,,294.12,0,0,0,0,36.00,,30
2026-10-01,buenos-aires,Berazategui,1,n,2,294.12,361.84,0,0,1,0,29.00,25.00,28
2026-10-01,buenos-aires,Berazategui,1,n,3,361.84,430.46,0,1,1,1,34.00,0.00,31
2026-10-01,buenos-aires,Berazategui,1,n,4,430.46,,1,0,1,0,30.00,24.00,28
2026-10-01,buenos-aires,Berazategui,1,u,0,,,13,11,17,0,28.00,28.00,70
2026-10-01,buenos-aires,Berazategui,1,u,4,507.04,,3,2,3,0,28.00,27.00,21
2026-10-01,buenos-aires,Berazategui,2,a,0,,,8,9,7,1,40.00,27.00,119
2026-10-01,buenos-aires,Berazategui,2,a,1,,450.16,2,2,1,0,42.00,21.00,33
2026-10-01,buenos-aires,Berazategui,2,a,2,450.16,543.69,2,2,1,0,28.00,28.00,27
2026-10-01,buenos-aires,Berazategui,2,a,3,543.69,718.95,2,2,2,0,46.00,27.00,31
2026-10-01,buenos-aires,Berazategui,2,a,4,718.95,,2,3,3,1,35.00,27.00,28
2026-10-01,buenos-aires,Berazategui,2,n,0,,,2,2,0,0,48.00,,73
2026-10-01,buenos-aires,Berazategui,2,n,1,,450.33,0,0,0,0,55.00,,21
2026-10-01,buenos-aires,Berazategui,2,u,0,,,6,7,7,1,28.00,27.00,42
2026-10-01,buenos-aires,Berazategui,3,a,0,,,2,2,3,0,30.00,27.00,38
2026-10-01,buenos-aires,Berazategui,4,a,0,,,0,0,1,0,45.00,68.00,23
2026-10-01,buenos-aires,Berisso,-1,a,0,,,2,2,13,0,29.00,28.00,83
2026-10-01,buenos-aires,Berisso,1,a,0,,,1,1,7,0,29.00,27.00,41
2026-10-01,buenos-aires,Berisso,1,n,0,,,0,0,2,0,29.00,28.50,30
2026-10-01,buenos-aires,Boedo,-1,a,0,,,112,88,96,3,28.00,28.00,738
2026-10-01,buenos-aires,Boedo,0,a,0,,,50,42,23,0,29.00,27.00,241
2026-10-01,buenos-aires,Boedo,0,a,1,,385.85,11,9,5,0,28.00,23.00,71
2026-10-01,buenos-aires,Boedo,0,a,2,385.85,453.95,10,6,7,0,30.00,28.00,58
2026-10-01,buenos-aires,Boedo,0,a,3,453.95,511.25,9,8,8,0,28.00,27.00,55
2026-10-01,buenos-aires,Boedo,0,a,4,511.25,,20,19,3,0,30.00,28.00,55
2026-10-01,buenos-aires,Boedo,0,f,0,,,9,7,5,0,29.00,27.00,45
2026-10-01,buenos-aires,Boedo,0,n,0,,,12,8,6,0,30.00,24.50,127
2026-10-01,buenos-aires,Boedo,0,n,1,,370.13,5,4,1,0,27.00,23.00,38
2026-10-01,buenos-aires,Boedo,0,n,2,370.13,429.04,4,3,3,0,30.00,14.00,33
2026-10-01,buenos-aires,Boedo,0,n,3,429.04,483.94,3,1,1,0,33.00,33.00,31
2026-10-01,buenos-aires,Boedo,0,n,4,483.94,,0,0,1,0,29.00,26.00,25
2026-10-01,buenos-aires,Boedo,0,u,0,,,29,27,12,0,28.00,27.00,69
2026-10-01,buenos-aires,Boedo,0,u,3,464.93,513.64,8,8,5,0,28.00,27.00,20
2026-10-01,buenos-aires,Boedo,1,a,0,,,37,30,36,0,28.00,28.00,299
2026-10-01,buenos-aires,Boedo,1,a,1,,451.30,9,8,10,0,30.00,27.50,80
2026-10-01,buenos-aires,Boedo,1,a,2,451.30,514.47,11,8,4,0,27.00,27.50,74
2026-10-01,buenos-aires,Boedo,1,a,3,514.47,590.16,6,5,12,0,28.00,28.00,76
2026-10-01,buenos-aires,Boedo,1,a,4,590.16,,11,9,10,0,30.00,28.00,68
2026-10-01,buenos-aires,Boedo,1,f,0,,,3,1,3,0,39.00,37.00,27
2026-10-01,buenos-aires,Boedo,1,n,0,,,7,5,8,0,27.00,30.50,170
2026-10-01,buenos-aires,Boedo,1,n,1,,426.90,0,0,3,0,31.00,33.00,44
2026-10-01,buenos-aires,Boedo,1,n,2,426.90,483.94,4,3,2,0,27.00,25.50,44
2026-10-01,buenos-aires,Boedo,1,n,3,483.94,565.92,0,0,1,0,24.00,35.00,42
2026-10-01,buenos-aires,Boedo,1,n,4,565.92,,3,2,2,0,27.00,24.50,40
2026-10-01,buenos-aires,Boedo,1,u,0,,,27,24,25,0,28.00,28.00,102
2026-10-01,buenos-aires,Boedo,1,u,1,,467.53,12,10,6,0,28.00,26.00,23
2026-10-01,buenos-aires,Boedo,1,u,2,467.53,538.46,4,3,6,0,28.00,28.00,28
2026-10-01,buenos-aires,Boedo,1,u,3,538.46,607.85,6,6,5,0,28.00,28.00,25
2026-10-01,buenos-aires,Boedo,1,u,4,607.85,,5,5,8,0,28.00,28.00,25
2026-10-01,buenos-aires,Boedo,2,a,0,,,19,11,25,2,29.00,28.00,148
2026-10-01,buenos-aires,Boedo,2,a,1,,624.67,5,3,6,1,26.00,28.50,38
2026-10-01,buenos-aires,Boedo,2,a,2,624.67,752.91,8,5,7,1,29.00,25.00,37
2026-10-01,buenos-aires,Boedo,2,a,3,752.91,855.26,4,2,7,0,36.00,29.00,34
2026-10-01,buenos-aires,Boedo,2,a,4,855.26,,2,1,5,0,32.00,28.00,39
2026-10-01,buenos-aires,Boedo,2,f,0,,,2,2,2,1,48.00,24.50,23
2026-10-01,buenos-aires,Boedo,2,n,0,,,9,3,9,0,30.00,30.00,82
2026-10-01,buenos-aires,Boedo,2,n,1,,600.71,3,2,2,0,25.00,33.00,24
2026-10-01,buenos-aires,Boedo,2,n,2,600.71,739.55,4,0,1,0,28.00,20.00,20
2026-10-01,buenos-aires,Boedo,2,n,4,858.08,,0,0,1,0,32.00,34.00,20
2026-10-01,buenos-aires,Boedo,2,u,0,,,8,6,14,1,28.00,28.00,43
2026-10-01,buenos-aires,Boedo,3,a,0,,,5,4,6,0,27.00,27.00,41
2026-10-01,buenos-aires,Boedo,3,n,0,,,2,1,0,0,30.00,,20
2026-10-01,buenos-aires,Boulogne,-1,a,0,,,123,91,68,3,33.00,28.00,568
2026-10-01,buenos-aires,Boulogne,0,a,0,,,32,22,8,0,42.00,28.50,96
2026-10-01,buenos-aires,Boulogne,0,a,1,,334.40,3,2,4,0,49.00,39.50,23
2026-10-01,buenos-aires,Boulogne,0,a,2,334.40,561.06,4,0,3,0,29.00,22.00,21
2026-10-01,buenos-aires,Boulogne,0,a,3,561.06,2800.00,11,9,0,0,35.00,,24
2026-10-01,buenos-aires,Boulogne,0,a,4,2800.00,,14,11,1,0,42.00,28.00,24
2026-10-01,buenos-aires,Boulogne,0,n,0,,,4,1,0,0,42.00,,22
2026-10-01,buenos-aires,Boulogne,0,u,0,,,27,21,8,0,42.00,28.50,73
2026-10-01,buenos-aires,Boulogne,0,u,3,1200.00,5194.81,15,13,0,0,42.00,,20
2026-10-01,buenos-aires,Boulogne,1,a,0,,,16,14,13,0,34.00,28.00,99
2026-10-01,buenos-aires,Boulogne,1,a,1,,323.43,5,4,2,0,29.00,28.00,25
2026-10-01,buenos-aires,Boulogne,1,a,2,323.43,429.04,6,5,6,0,34.00,22.50,27
2026-10-01,buenos-aires,Boulogne,1,a,3,429.04,496.69,1,1,4,0,35.00,28.00,22
2026-10-01,buenos-aires,Boulogne,1,a,4,496.69,,4,4,1,0,35.00,28.00,22
2026-10-01,buenos-aires,Boulogne,1,n,0,,,2,1,4,0,36.00,25.50,58
2026-10-01,buenos-aires,Boulogne,1,u,0,,,14,13,9,0,28.00,28.00,40
2026-10-01,buenos-aires,Boulogne,2,a,0,,,19,13,12,0,31.00,28.00,140
2026-10-01,buenos-aires,Boulogne,2,a,1,,457.91,3,1,3,0,29.00,28.00,33
2026-10-01,buenos-aires,Boulogne,2,a,2,457.91,555.56,3,1,4,0,32.00,25.50,31
2026-10-01,buenos-aires,Boulogne,2,a,3,555.56,718.95,3,3,0,0,34.00,,37
2026-10-01,buenos-aires,Boulogne,2,a,4,718.95,,10,8,4,0,31.00,27.00,38
2026-10-01,buenos-aires,Boulogne,2,n,0,,,5,3,3,0,32.00,28.00,84
2026-10-01,buenos-aires,Boulogne,2,n,1,,457.52,0,0,2,0,28.00,51.50,21
2026-10-01,buenos-aires,Boulogne,2,n,2,457.52,548.39,1,0,0,0,37.00,,20
2026-10-01,buenos-aires,Boulogne,2,n,3,548.39,641.03,0,0,0,0,32.00,,20
2026-10-01,buenos-aires,Boulogne,2,n,4,641.03,,4,3,1,0,46.00,28.00,23
2026-10-01,buenos-aires,Boulogne,2,u,0,,,12,9,9,0,29.00,27.00,48
2026-10-01,buenos-aires,Boulogne,3,a,0,,,22,17,9,2,33.00,23.00,78
2026-10-01,buenos-aires,Boulogne,3,a,2,1400.00,2307.69,5,5,2,0,26.00,25.50,22
2026-10-01,buenos-aires,Boulogne,3,a,3,2307.69,3600.00,4,0,3,0,33.00,26.00,20
2026-10-01,buenos-aires,Boulogne,3,n,0,,,1,0,0,0,33.00,,29
2026-10-01,buenos-aires,Boulogne,3,u,0,,,14,12,8,2,29.00,24.00,39
2026-10-01,buenos-aires,Boulogne,4,a,0,,,34,25,26,1,29.00,27.50,155
2026-10-01,buenos-aires,Boulogne,4,a,1,,2400.00,1,1,8,0,30.00,28.00,40
2026-10-01,buenos-aires,Boulogne,4,a,2,2400.00,4500.00,16,10,8,0,29.00,28.00,40
2026-10-01,buenos-aires,Boulogne,4,a,3,4500.00,6000.00,14,11,2,0,29.00,34.50,39
2026-10-01,buenos-aires,Boulogne,4,a,4,6000.00,,2,3,6,1,30.00,26.50,30
2026-10-01,buenos-aires,Boulogne,4,f,0,,,8,5,6,1,29.00,28.50,23
2026-10-01,buenos-aires,Boulogne,4,n,0,,,7,6,4,0,34.00,27.50,55
2026-10-01,buenos-aires,Boulogne,4,n,1,,2400.00,0,0,2,0,30.00,56.50,20
2026-10-01,buenos-aires,Boulogne,4,n,3,4500.00,6500.00,4,4,0,0,32.00,,23
2026-10-01,buenos-aires,Boulogne,4,u,0,,,19,14,16,0,29.00,25.50,77
2026-10-01,buenos-aires,Boulogne,4,u,2,2400.00,4500.00,10,7,6,0,28.00,28.00,25
2026-10-01,buenos-aires,Caballito,-1,a,0,,,2845,1140,821,132,32.00,19.00,7603
2026-10-01,buenos-aires,Caballito,0,a,0,,,740,283,202,24,36.00,20.00,1786
2026-10-01,buenos-aires,Caballito,0,a,1,,389.61,139,59,63,12,29.00,24.00,451
2026-10-01,buenos-aires,Caballito,0,a,2,389.61,469.25,186,73,45,4,43.00,24.00,439
2026-10-01,buenos-aires,Caballito,0,a,3,469.25,549.84,179,75,49,5,34.00,14.00,438
2026-10-01,buenos-aires,Caballito,0,a,4,549.84,,225,75,45,3,50.00,18.00,439
2026-10-01,buenos-aires,Caballito,0,f,0,,,136,35,40,2,38.00,23.00,298
2026-10-01,buenos-aires,Caballito,0,f,1,,485.44,22,12,10,2,28.00,25.00,74
2026-10-01,buenos-aires,Caballito,0,f,2,485.44,554.84,39,9,16,0,43.00,23.00,73
2026-10-01,buenos-aires,Caballito,0,f,3,554.84,608.02,33,7,11,0,37.00,16.00,73
2026-10-01,buenos-aires,Caballito,0,f,4,608.02,,36,7,3,0,50.00,50.00,70
2026-10-01,buenos-aires,Caballito,0,n,0,,,492,204,138,19,36.00,20.00,1194
2026-10-01,buenos-aires,Caballito,0,n,1,,381.88,95,38,37,6,29.00,25.00,306
2026-10-01,buenos-aires,Caballito,0,n,2,381.88,440.52,112,48,42,5,32.00,17.00,292
2026-10-01,buenos-aires,Caballito,0,n,3,440.52,511.01,134,46,27,2,49.00,22.00,297
2026-10-01,buenos-aires,Caballito,0,n,4,511.01,,148,72,32,6,38.00,13.50,295
2026-10-01,buenos-aires,Caballito,0,u,0,,,112,44,24,3,33.00,18.00,294
2026-10-01,buenos-aires,Caballito,0,u,1,,420.71,20,9,7,2,31.00,26.00,73
2026-10-01,buenos-aires,Caballito,0,u,2,420.71,492.08,28,11,6,0,32.00,27.50,71
2026-10-01,buenos-aires,Caballito,0,u,3,492.08,564.94,24,10,5,0,32.00,14.00,71
2026-10-01,buenos-aires,Caballito,0,u,4,564.94,,38,13,6,1,76.00,14.00,72
2026-10-01,buenos-aires,Caballito,1,a,0,,,1156,460,335,60,30.00,19.00,3382
2026-10-01,buenos-aires,Caballito,1,a,1,,477.37,236,81,83,9,29.00,23.00,847
2026-10-01,buenos-aires,Caballito,1,a,2,477.37,561.16,299,119,90,16,31.00,19.00,846
2026-10-01,buenos-aires,Caballito,1,a,3,561.16,679.34,284,129,84,19,31.00,17.00,822
2026-10-01,buenos-aires,Caballito,1,a,4,679.34,,322,129,73,15,31.00,16.00,832
2026-10-01,buenos-aires,Caballito,1,f,0,,,176,68,46,15,31.00,17.50,459
2026-10-01,buenos-aires,Caballito,1,f,1,,581.70,25,20,17,7,20.00,9.00,113
2026-10-01,buenos-aires,Caballito,1,f,2,581.70,650.23,29,17,13,3,26.00,22.00,105
2026-10-01,buenos-aires,Caballito,1,f,3,650.23,800.00,46,15,6,2,31.00,16.50,120
2026-10-01,buenos-aires,Caballito,1,f,4,800.00,,66,16,10,3,109.00,15.00,108
2026-10-01,buenos-aires,Caballito,1,n,0,,,826,334,251,33,30.00,20.00,2529
2026-10-01,buenos-aires,Caballito,1,n,1,,459.02,178,57,63,4,29.00,26.00,635
2026-10-01,buenos-aires,Caballito,1,n,2,459.02,535.48,208,83,63,10,30.00,20.00,633
2026-10-01,buenos-aires,Caballito,1,n,3,535.48,647.25,244,101,66,10,31.00,15.50,642
2026-10-01,buenos-aires,Caballito,1,n,4,647.25,,194,93,59,9,26.00,17.00,617
2026-10-01,buenos-aires,Caballito,1,u,0,,,154,58,38,12,35.00,15.00,394
2026-10-01,buenos-aires,Caballito,1,u,1,,491.90,33,6,8,0,36.00,22.00,95
2026-10-01,buenos-aires,Caballito,1,u,2,491.90,602.70,35,8,5,1,32.00,16.00,94
2026-10-01,buenos-aires,Caballito,1,u,3,602.70,718.44,45,27,14,6,51.00,13.00,95
2026-10-01,buenos-aires,Caballito,1,u,4,718.44,,38,15,6,4,36.00,3.00,90
2026-10-01,buenos-aires,Caballito,2,a,0,,,609,267,201,37,32.00,18.00,1647
2026-10-01,buenos-aires,Caballito,2,a,1,,701.33,130,61,48,9,30.00,16.50,410
2026-10-01,buenos-aires,Caballito,2,a,2,701.33,844.16,160,67,45,6,35.00,21.00,410
2026-10-01,buenos-aires,Caballito,2,a,3,844.16,1087.95,136,60,44,6,31.00,25.50,405
2026-10-01,buenos-aires,Caballito,2,a,4,1087.95,,170,78,63,16,32.00,14.00,405
2026-10-01,buenos-aires,Caballito,2,f,0,,,120,40,38,7,33.00,14.00,269
2026-10-01,buenos-aires,Caballito,2,f,1,,858.98,28,13,10,2,30.00,12.50,67
2026-10-01,buenos-aires,Caballito,2,f,2,858.98,1103.90,27,10,6,1,30.00,15.50,65
2026-10-01,buenos-aires,Caballito,2,f,3,1103.90,1400.00,22,12,14,2,22.00,12.50,67
2026-10-01,buenos-aires,Caballito,2,f,4,1400.00,,33,5,8,2,58.00,33.00,60
2026-10-01,buenos-aires,Caballito,2,n,0,,,400,191,136,23,31.00,18.50,1130
2026-10-01,buenos-aires,Caballito,2,n,1,,658.15,86,37,34,4,29.00,18.50,283
2026-10-01,buenos-aires,Caballito,2,n,2,658.15,783.17,106,50,31,7,34.00,19.00,282
2026-10-01,buenos-aires,Caballito,2,n,3,783.17,974.03,102,50,31,5,33.00,25.00,285
2026-10-01,buenos-aires,Caballito,2,n,4,974.03,,106,54,40,7,31.00,16.00,280
2026-10-01,buenos-aires,Caballito,2,u,0,,,89,36,27,7,39.00,21.00,248
2026-10-01,buenos-aires,Caballito,2,u,1,,746.73,24,9,7,1,44.00,23.00,61
2026-10-01,buenos-aires,Caballito,2,u,2,746.73,910.89,21,12,7,2,25.00,21.00,61
2026-10-01,buenos-aires,Caballito,2,u,3,910.89,1140.98,19,7,4,0,38.00,49.00,59
2026-10-01,buenos-aires,Caballito,2,u,4,1140.98,,22,7,8,4,54.00,11.00,60
2026-10-01,buenos-aires,Caballito,3,a,0,,,253,100,62,7,37.00,22.00,613
2026-10-01,buenos-aires,Caballito,3,a,1,,993.38,51,24,15,2,31.00,20.00,156
2026-10-01,buenos-aires,Caballito,3,a,2,993.38,1223.30,72,36,17,3,35.00,15.00,151
2026-10-01,buenos-aires,Caballito,3,a,3,1223.30,1941.75,68,26,12,2,48.00,20.00,148
2026-10-01,buenos-aires,Caballito,3,a,4,1941.75,,59,14,18,0,40.00,29.50,153
2026-10-01,buenos-aires,Caballito,3,f,0,,,33,15,5,0,56.00,30.00,63
2026-10-01,buenos-aires,Caballito,3,f,1,,1200.00,12,9,0,0,63.00,,20
2026-10-01,buenos-aires,Caballito,3,n,0,,,153,63,44,5,33.00,20.00,409
2026-10-01,buenos-aires,Caballito,3,n,1,,961.54,31,14,7,0,31.00,31.00,104
2026-10-01,buenos-aires,Caballito,3,n,2,961.54,1172.31,39,21,16,3,31.00,15.00,103
2026-10-01,buenos-aires,Caballito,3,n,3,1172.31,1716.17,43,10,13,2,43.00,13.00,99
2026-10-01,buenos-aires,Caballito,3,n,4,1716.17,,40,18,8,0,39.00,40.50,103
2026-10-01,buenos-aires,Caballito,3,u,0,,,67,22,13,2,52.00,27.00,141
2026-10-01,buenos-aires,Caballito,3,u,1,,1070.51,18,9,5,2,40.00,24.00,36
2026-10-01,buenos-aires,Caballito,3,u,2,1070.51,1288.60,16,6,0,0,53.00,,31
2026-10-01,buenos-aires,Caballito,3,u,3,1288.60,2500.00,15,4,2,0,43.00,17.00,37
2026-10-01,buenos-aires,Caballito,3,u,4,2500.00,,17,3,6,0,82.00,29.00,35
2026-10-01,buenos-aires,Caballito,4,a,0,,,87,30,21,4,79.00,27.00,175
2026-10-01,buenos-aires,Caballito,4,a,1,,1450.49,16,9,7,1,46.00,17.00,44
2026-10-01,buenos-aires,Caballito,4,a,2,1450.49,2000.00,20,6,5,1,36.00,33.00,48
2026-10-01,buenos-aires,Caballito,4,a,3,2000.00,2500.00,25,1,4,0,,29.00,39
2026-10-01,buenos-aires,Caballito,4,a,4,2500.00,,25,12,4,1,91.00,54.50,41
2026-10-01,buenos-aires,Caballito,4,n,0,,,60,18,15,1,81.00,29.00,115
2026-10-01,buenos-aires,Caballito,4,n,1,,1397.44,12,6,4,0,72.00,37.50,30
2026-10-01,buenos-aires,Caballito,4,n,2,1397.44,1920.53,10,4,6,1,28.00,19.50,31
2026-10-01,buenos-aires,Caballito,4,n,3,1920.53,2400.00,21,1,3,0,,27.00,28
2026-10-01,buenos-aires,Caballito,4,n,4,2400.00,,17,7,2,0,91.00,89.00,25
2026-10-01,buenos-aires,Caballito,4,u,0,,,24,12,6,3,53.00,16.00,53
2026-10-01,buenos-aires,Caballito,4,u,3,2071.20,3000.00,9,3,1,0,53.00,10.00,22
2026-10-01,buenos-aires,Campana,-1,a,0,,,51,52,32,4,29.00,28.00,317
2026-10-01,buenos-aires,Campana,1,a,0,,,11,9,8,0,29.00,28.00,62
2026-10-01,buenos-aires,Campana,1,n,0,,,1,1,2,0,30.00,26.00,25
2026-10-01,buenos-aires,Campana,1,u,0,,,8,7,4,0,28.00,28.00,28
2026-10-01,buenos-aires,Campana,2,a,0,,,7,9,7,2,28.00,28.00,65
2026-10-01,buenos-aires,Campana,2,n,0,,,0,0,1,0,35.00,27.00,21
2026-10-01,buenos-aires,Campana,2,u,0,,,5,6,4,1,28.00,28.00,36
2026-10-01,buenos-aires,Campana,3,a,0,,,14,13,8,0,29.00,28.00,113
2026-10-01,buenos-aires,Campana,3,a,1,,993.38,1,1,1,0,28.00,28.00,33
2026-10-01,buenos-aires,Campana,3,a,2,993.38,1300.00,8,8,2,0,29.00,40.50,38
2026-10-01,buenos-aires,Campana,3,a,3,1300.00,1700.00,4,3,2,0,31.00,25.50,23
2026-10-01,buenos-aires,Campana,3,f,0,,,6,6,5,0,29.00,28.00,40
2026-10-01,buenos-aires,Campana,3,n,0,,,1,0,1,0,29.00,27.00,26
2026-10-01,buenos-aires,Campana,3,u,0,,,7,7,2,0,29.00,28.00,47
2026-10-01,buenos-aires,Campana,4,a,0,,,19,20,8,1,30.00,27.00,63
2026-10-01,buenos-aires,Campana,4,a,2,1400.00,1700.00,7,7,1,0,60.00,28.00,20
2026-10-01,buenos-aires,Campana,4,f,0,,,8,8,2,0,32.00,27.00,29
2026-10-01,buenos-aires,Campana,4,u,0,,,9,10,5,1,28.00,28.00,21
2026-10-01,buenos-aires,Cañuelas,-1,a,0,,,6,5,19,0,29.00,28.00,91
2026-10-01,buenos-aires,Cañuelas,1,a,0,,,0,0,5,0,28.00,23.00,20
2026-10-01,buenos-aires,Cañuelas,2,a,0,,,2,2,5,0,28.00,28.00,23
2026-10-01,buenos-aires,Cañuelas,3,a,0,,,1,1,6,0,31.00,28.00,28
2026-10-01,buenos-aires,Chacarita,-1,a,0,,,631,267,233,50,31.00,16.00,1667
2026-10-01,buenos-aires,Chacarita,0,a,0,,,313,121,92,19,43.00,19.50,727
2026-10-01,buenos-aires,Chacarita,0,a,1,,472.49,67,31,20,5,42.00,25.50,184
2026-10-01,buenos-aires,Chacarita,0,a,2,472.49,555.91,68,30,31,8,30.00,15.00,183
2026-10-01,buenos-aires,Chacarita,0,a,3,555.91,665.56,75,36,26,4,35.00,21.00,183
2026-10-01,buenos-aires,Chacarita,0,a,4,665.56,,99,24,14,2,62.00,22.50,172
2026-10-01,buenos-aires,Chacarita,0,f,0,,,126,47,46,11,51.00,21.00,285
2026-10-01,buenos-aires,Chacarita,0,f,1,,569.53,20,15,16,6,21.00,15.00,73
2026-10-01,buenos-aires,Chacarita,0,f,2,569.53,650.00,32,17,19,3,34.00,34.00,94
2026-10-01,buenos-aires,Chacarita,0,f,3,650.00,750.00,26,6,7,1,52.00,17.00,51
2026-10-01,buenos-aires,Chacarita,0,f,4,750.00,,44,9,4,1,100.00,54.00,63
2026-10-01,buenos-aires,Chacarita,0,n,0,,,142,60,39,8,42.00,17.00,342
2026-10-01,buenos-aires,Chacarita,0,n,1,,424.84,31,11,8,2,42.00,31.50,88
2026-10-01,buenos-aires,Chacarita,0,n,2,424.84,498.40,32,10,9,1,48.00,22.00,84
2026-10-01,buenos-aires,Chacarita,0,n,3,498.40,578.78,42,19,14,4,68.00,11.50,86
2026-10-01,buenos-aires,Chacarita,0,n,4,578.78,,37,20,8,1,30.00,16.00,84
2026-10-01,buenos-aires,Chacarita,0,u,0,,,45,14,7,0,42.00,23.00,100
2026-10-01,buenos-aires,Chacarita,0,u,1,,442.49,10,2,2,0,37.00,20.00,26
2026-10-01,buenos-aires,Chacarita,0,u,2,442.49,546.88,11,6,2,0,42.00,25.50,25
2026-10-01,buenos-aires,Chacarita,0,u,3,546.88,657.61,11,5,2,0,28.00,15.50,24
2026-10-01,buenos-aires,Chacarita,0,u,4,657.61,,13,1,0,0,86.00,,24
2026-10-01,buenos-aires,Chacarita,1,a,0,,,217,93,92,17,29.00,15.00,621
2026-10-01,buenos-aires,Chacarita,1,a,1,,519.48,49,26,17,5,27.00,13.00,157
2026-10-01,buenos-aires,Chacarita,1,a,2,519.48,686.08,61,23,18,1,38.00,18.50,152
2026-10-01,buenos-aires,Chacarita,1,a,3,686.08,880.79,43,20,32,4,21.00,15.00,154
2026-10-01,buenos-aires,Chacarita,1,a,4,880.79,,59,23,25,7,30.00,15.00,152
2026-10-01,buenos-aires,Chacarita,1,f,0,,,61,23,30,6,34.00,20.50,149
2026-10-01,buenos-aires,Chacarita,1,f,1,,732.45,14,4,6,1,30.00,16.50,39
2026-10-01,buenos-aires,Chacarita,1,f,2,732.45,900.00,10,6,14,2,27.00,22.50,45
2026-10-01,buenos-aires,Chacarita,1,f,3,900.00,1016.23,14,8,6,2,41.00,12.50,28
2026-10-01,buenos-aires,Chacarita,1,f,4,1016.23,,20,5,4,1,54.00,45.50,34
2026-10-01,buenos-aires,Chacarita,1,n,0,,,120,57,51,10,28.00,15.00,369
2026-10-01,buenos-aires,Chacarita,1,n,1,,483.49,26,12,13,4,23.00,13.00,92
2026-10-01,buenos-aires,Chacarita,1,n,2,483.49,578.78,34,17,4,1,30.00,22.50,94
2026-10-01,buenos-aires,Chacarita,1,n,3,578.78,721.31,31,13,10,0,31.00,32.50,93
2026-10-01,buenos-aires,Chacarita,1,n,4,721.31,,29,15,24,5,22.00,15.00,89
2026-10-01,buenos-aires,Chacarita,1,u,0,,,36,13,11,1,29.00,14.00,103
2026-10-01,buenos-aires,Chacarita,1,u,1,,681.96,14,8,3,1,56.00,10.00,25
2026-10-01,buenos-aires,Chacarita,1,u,2,681.96,846.16,8,3,4,0,20.00,13.50,27
2026-10-01,buenos-aires,Chacarita,1,u,3,846.16,904.46,8,1,3,0,14.00,14.00,25
2026-10-01,buenos-aires,Chacarita,1,u,4,904.46,,4,0,1,0,29.00,65.00,24
2026-10-01,buenos-aires,Chacarita,2,a,0,,,56,32,24,8,26.00,11.50,201
2026-10-01,buenos-aires,Chacarita,2,a,1,,728.48,10,6,5,2,20.00,11.00,52
2026-10-01,buenos-aires,Chacarita,2,a,2,728.48,970.88,12,8,6,1,16.00,13.00,49
2026-10-01,buenos-aires,Chacarita,2,a,3,970.88,1442.31,12,5,7,2,27.00,9.00,48
2026-10-01,buenos-aires,Chacarita,2,a,4,1442.31,,21,13,6,3,34.00,8.00,50
2026-10-01,buenos-aires,Chacarita,2,f,0,,,17,9,6,2,16.00,21.00,67
2026-10-01,buenos-aires,Chacarita,2,f,3,1500.00,1900.00,5,4,3,1,21.00,15.00,20
2026-10-01,buenos-aires,Chacarita,2,n,0,,,30,18,17,5,25.00,11.00,111
2026-10-01,buenos-aires,Chacarita,2,n,1,,707.40,9,6,5,2,31.00,11.00,28
2026-10-01,buenos-aires,Chacarita,2,n,2,707.40,819.35,5,3,3,1,25.00,13.00,28
2026-10-01,buenos-aires,Chacarita,2,n,3,819.35,1127.87,6,3,3,0,11.00,13.00,27
2026-10-01,buenos-aires,Chacarita,2,n,4,1127.87,,10,6,6,2,27.00,9.00,27
2026-10-01,buenos-aires,Chacarita,2,u,0,,,9,5,1,1,52.00,1.00,23
2026-10-01,buenos-aires,Chacarita,3,a,0,,,27,15,13,3,35.00,20.00,63
2026-10-01,buenos-aires,Chacarita,3,n,0,,,24,15,13,3,35.00,20.00,50
2026-10-01,buenos-aires,Chacarita,4,a,0,,,18,6,12,3,13.00,17.00,55
2026-10-01,buenos-aires,Chacarita,4,a,2,2300.00,2500.00,4,4,3,2,7.00,4.00,22
2026-10-01,buenos-aires,Chacarita,4,u,0,,,13,4,4,2,11.00,8.00,36
2026-10-01,buenos-aires,Coghlan,-1,a,0,,,333,137,123,23,30.00,22.00,911
2026-10-01,buenos-aires,Coghlan,0,a,0,,,160,69,54,11,31.00,21.50,425
2026-10-01,buenos-aires,Coghlan,0,a,1,,472.65,33,10,9,0,32.00,25.00,107
2026-10-01,buenos-aires,Coghlan,0,a,2,472.65,558.44,29,12,12,1,29.00,24.50,105
2026-10-01,buenos-aires,Coghlan,0,a,3,558.44,650.00,52,31,13,5,33.00,14.00,109
2026-10-01,buenos-aires,Coghlan,0,a,4,650.00,,43,15,20,5,32.00,24.00,101
2026-10-01,buenos-aires,Coghlan,0,f,0,,,46,23,20,7,31.00,21.50,113
2026-10-01,buenos-aires,Coghlan,0,f,1,,600.00,10,8,6,2,29.00,10.00,34
2026-10-01,buenos-aires,Coghlan,0,f,2,600.00,700.00,14,12,9,5,28.00,2.00,44
2026-10-01,buenos-aires,Coghlan,0,f,4,728.21,,16,2,5,0,88.00,26.00,26
2026-10-01,buenos-aires,Coghlan,0,n,0,,,88,33,27,2,31.00,22.00,240
2026-10-01,buenos-aires,Coghlan,0,n,1,,449.84,26,7,6,0,36.00,13.50,61
2026-10-01,buenos-aires,Coghlan,0,n,2,449.84,511.33,11,6,6,1,28.00,17.50,59
2026-10-01,buenos-aires,Coghlan,0,n,3,511.33,584.42,23,8,7,0,30.00,27.00,60
2026-10-01,buenos-aires,Coghlan,0,n,4,584.42,,28,12,8,1,32.00,23.00,60
2026-10-01,buenos-aires,Coghlan,0,u,0,,,26,13,7,2,32.00,21.00,72
2026-10-01,buenos-aires,Coghlan,1,a,0,,,89,39,42,5,28.00,21.50,275
2026-10-01,buenos-aires,Coghlan,1,a,1,,517.79,20,10,10,2,28.00,23.00,69
2026-10-01,buenos-aires,Coghlan,1,a,2,517.79,680.21,23,9,11,1,29.00,17.00,64
2026-10-01,buenos-aires,Coghlan,1,a,3,680.21,819.67,24,8,8,2,25.00,23.50,69
2026-10-01,buenos-aires,Coghlan,1,a,4,819.67,,21,11,12,0,29.00,15.50,70
2026-10-01,buenos-aires,Coghlan,1,f,0,,,15,1,7,0,21.00,21.00,52
2026-10-01,buenos-aires,Coghlan,1,n,0,,,56,32,30,5,28.00,21.50,180
2026-10-01,buenos-aires,Coghlan,1,n,1,,509.39,14,9,6,2,30.00,27.50,46
2026-10-01,buenos-aires,Coghlan,1,n,2,509.39,589.00,14,8,7,1,29.00,20.00,40
2026-10-01,buenos-aires,Coghlan,1,n,3,589.00,784.57,15,9,11,2,26.00,17.00,47
2026-10-01,buenos-aires,Coghlan,1,n,4,784.57,,13,6,5,0,25.00,16.00,46
2026-10-01,buenos-aires,Coghlan,1,u,0,,,18,6,5,0,43.00,22.00,43
2026-10-01,buenos-aires,Coghlan,2,a,0,,,75,28,21,6,31.00,27.00,185
2026-10-01,buenos-aires,Coghlan,2,a,1,,769.23,15,7,5,0,27.00,30.00,45
2026-10-01,buenos-aires,Coghlan,2,a,2,769.23,1000.00,19,7,5,2,31.00,12.00,51
2026-10-01,buenos-aires,Coghlan,2,a,3,1000.00,1172.81,19,6,4,2,38.00,21.50,42
2026-10-01,buenos-aires,Coghlan,2,a,4,1172.81,,21,8,7,2,44.00,27.00,46
2026-10-01,buenos-aires,Coghlan,2,f,0,,,26,5,3,0,91.00,38.00,46
2026-10-01,buenos-aires,Coghlan,2,n,0,,,36,17,14,5,29.00,19.50,104
2026-10-01,buenos-aires,Coghlan,2,n,1,,690.07,9,3,4,0,28.00,27.50,26
2026-10-01,buenos-aires,Coghlan,2,n,2,690.07,900.33,10,6,3,1,27.00,12.00,26
2026-10-01,buenos-aires,Coghlan,2,n,3,900.33,1089.11,6,2,3,1,22.00,31.00,26
2026-10-01,buenos-aires,Coghlan,2,n,4,1089.11,,11,6,4,3,43.00,4.50,26
2026-10-01,buenos-aires,Coghlan,2,u,0,,,13,6,4,1,29.00,20.50,35
2026-10-01,buenos-aires,Coghlan,3,a,0,,,8,1,4,1,37.00,17.00,21
2026-10-01,buenos-aires,Colegiales,-1,a,0,,,1604,715,507,134,32.00,15.00,3970
2026-10-01,buenos-aires,Colegiales,0,a,0,,,479,202,152,39,37.00,15.00,1121
2026-10-01,buenos-aires,Colegiales,0,a,1,,491.80,109,64,44,14,33.00,15.50,283
2026-10-01,buenos-aires,Colegiales,0,a,2,491.80,584.42,103,47,44,10,31.00,14.50,280
2026-10-01,buenos-aires,Colegiales,0,a,3,584.42,746.75,117,46,38,9,37.00,14.00,278
2026-10-01,buenos-aires,Colegiales,0,a,4,746.75,,142,45,26,6,57.00,23.50,269
2026-10-01,buenos-aires,Colegiales,0,f,0,,,187,62,72,17,42.00,16.00,446
2026-10-01,buenos-aires,Colegiales,0,f,1,,590.00,26,16,29,10,20.00,12.00,113
2026-10-01,buenos-aires,Colegiales,0,f,2,590.00,700.00,42,13,20,3,38.00,14.00,113
2026-10-01,buenos-aires,Colegiales,0,f,3,700.00,900.00,58,14,13,3,50.00,17.00,119
2026-10-01,buenos-aires,Colegiales,0,f,4,900.00,,56,19,10,1,74.00,28.00,96
2026-10-01,buenos-aires,Colegiales,0,n,0,,,216,108,67,19,37.00,15.00,501
2026-10-01,buenos-aires,Colegiales,0,n,1,,447.28,48,32,15,7,35.00,11.00,126
2026-10-01,buenos-aires,Colegiales,0,n,2,447.28,517.80,65,31,19,3,47.00,17.00,131
2026-10-01,buenos-aires,Colegiales,0,n,3,517.80,600.00,49,24,17,4,36.00,18.00,120
2026-10-01,buenos-aires,Colegiales,0,n,4,600.00,,53,21,16,5,56.00,14.00,123
2026-10-01,buenos-aires,Colegiales,0,u,0,,,76,32,13,3,33.00,17.00,174
2026-10-01,buenos-aires,Colegiales,0,u,1,,508.25,17,6,4,0,30.00,23.50,43
2026-10-01,buenos-aires,Colegiales,0,u,2,508.25,560.51,9,4,3,0,14.00,32.00,42
2026-10-01,buenos-aires,Colegiales,0,u,3,560.51,695.36,22,9,1,0,47.00,29.00,42
2026-10-01,buenos-aires,Colegiales,0,u,4,695.36,,26,13,5,3,,7.00,42
2026-10-01,buenos-aires,Colegiales,1,a,0,,,668,306,190,45,30.00,15.00,1702
2026-10-01,buenos-aires,Colegiales,1,a,1,,578.78,118,68,55,14,24.00,17.00,430
2026-10-01,buenos-aires,Colegiales,1,a,2,578.78,748.37,164,83,45,14,29.00,13.00,423
2026-10-01,buenos-aires,Colegiales,1,a,3,748.37,1000.00,178,79,47,10,31.00,16.00,420
2026-10-01,buenos-aires,Colegiales,1,a,4,1000.00,,194,76,43,7,46.00,17.00,414
2026-10-01,buenos-aires,Colegiales,1,f,0,,,304,143,69,15,38.00,15.00,655
2026-10-01,buenos-aires,Colegiales,1,f,1,,711.97,58,49,21,9,27.00,10.00,159
2026-10-01,buenos-aires,Colegiales,1,f,2,711.97,1000.00,81,34,19,2,30.00,22.00,193
2026-10-01,buenos-aires,Colegiales,1,f,3,1000.00,1423.23,66,27,19,2,55.00,13.00,128
2026-10-01,buenos-aires,Colegiales,1,f,4,1423.23,,86,33,10,2,53.00,25.00,162
2026-10-01,buenos-aires,Colegiales,1,n,0,,,280,135,102,26,26.00,15.00,851
2026-10-01,buenos-aires,Colegiales,1,n,1,,516.13,57,18,23,2,25.00,24.00,215
2026-10-01,buenos-aires,Colegiales,1,n,2,516.13,620.85,74,44,29,10,25.00,14.00,212
2026-10-01,buenos-aires,Colegiales,1,n,3,620.85,791.72,77,38,22,7,26.00,12.00,213
2026-10-01,buenos-aires,Colegiales,1,n,4,791.72,,71,35,28,7,29.00,16.00,210
2026-10-01,buenos-aires,Colegiales,1,u,0,,,84,28,19,4,33.00,15.00,196
2026-10-01,buenos-aires,Colegiales,1,u,1,,634.30,17,7,5,0,24.00,24.00,51
2026-10-01,buenos-aires,Colegiales,1,u,2,634.30,782.52,27,10,7,2,,13.00,49
2026-10-01,buenos-aires,Colegiales,1,u,3,782.52,918.03,21,4,3,1,31.00,19.00,49
2026-10-01,buenos-aires,Colegiales,1,u,4,918.03,,19,7,4,1,44.00,13.50,46
2026-10-01,buenos-aires,Colegiales,2,a,0,,,286,140,117,38,31.00,14.00,737
2026-10-01,buenos-aires,Colegiales,2,a,1,,797.38,63,29,27,11,26.00,13.00,184
2026-10-01,buenos-aires,Colegiales,2,a,2,797.38,983.87,66,41,27,13,26.00,9.00,183
2026-10-01,buenos-aires,Colegiales,2,a,3,983.87,1300.00,76,34,32,8,29.00,15.50,199
2026-10-01,buenos-aires,Colegiales,2,a,4,1300.00,,74,36,31,6,41.00,25.00,164
2026-10-01,buenos-aires,Colegiales,2,f,0,,,99,34,33,4,39.00,25.00,234
2026-10-01,buenos-aires,Colegiales,2,f,1,,925.83,15,8,4,2,20.00,6.50,50
2026-10-01,buenos-aires,Colegiales,2,f,2,925.83,1292.36,24,5,8,0,19.00,18.50,62
2026-10-01,buenos-aires,Colegiales,2,f,3,1292.36,2000.00,32,11,10,0,56.00,25.00,69
2026-10-01,buenos-aires,Colegiales,2,f,4,2000.00,,21,10,11,2,39.00,46.00,46
2026-10-01,buenos-aires,Colegiales,2,n,0,,,154,87,64,26,28.00,12.00,412
2026-10-01,buenos-aires,Colegiales,2,n,1,,756.58,42,18,16,4,28.00,17.50,105
2026-10-01,buenos-aires,Colegiales,2,n,2,756.58,891.72,33,19,13,6,25.00,9.00,103
2026-10-01,buenos-aires,Colegiales,2,n,3,891.72,1086.14,39,25,17,8,22.00,9.00,105
2026-10-01,buenos-aires,Colegiales,2,n,4,1086.14,,40,25,18,8,30.00,12.00,99
2026-10-01,buenos-aires,Colegiales,2,u,0,,,33,19,20,8,31.00,11.00,91
2026-10-01,buenos-aires,Colegiales,2,u,1,,857.51,7,4,6,4,18.00,5.50,23
2026-10-01,buenos-aires,Colegiales,2,u,2,857.51,980.70,8,3,4,1,35.00,11.50,23
2026-10-01,buenos-aires,Colegiales,2,u,3,980.70,1149.02,9,6,5,2,31.00,22.00,23
2026-10-01,buenos-aires,Colegiales,2,u,4,1149.02,,9,6,5,1,38.00,14.00,22
2026-10-01,buenos-aires,Colegiales,3,a,0,,,114,48,27,7,32.00,20.00,293
2026-10-01,buenos-aires,Colegiales,3,a,1,,1157.56,21,14,8,1,23.00,33.50,73
2026-10-01,buenos-aires,Colegiales,3,a,2,1157.56,1429.49,33,16,7,2,53.00,24.00,73
2026-10-01,buenos-aires,Colegiales,3,a,3,1429.49,2000.00,29,5,5,0,38.00,12.00,76
2026-10-01,buenos-aires,Colegiales,3,a,4,2000.00,,28,13,7,4,39.00,7.00,68
2026-10-01,buenos-aires,Colegiales,3,f,0,,,29,12,6,2,31.00,15.50,73
2026-10-01,buenos-aires,Colegiales,3,f,2,1130.99,2000.00,6,2,2,0,12.00,15.50,30
2026-10-01,buenos-aires,Colegiales,3,n,0,,,62,26,15,3,32.00,21.00,163
2026-10-01,buenos-aires,Colegiales,3,n,1,,1114.75,9,8,6,1,20.00,29.50,41
2026-10-01,buenos-aires,Colegiales,3,n,2,1114.75,1324.51,19,13,3,1,30.00,24.00,41
2026-10-01,buenos-aires,Colegiales,3,n,3,1324.51,1851.13,17,2,2,0,53.00,15.50,40
2026-10-01,buenos-aires,Colegiales,3,n,4,1851.13,,17,3,4,1,42.00,13.00,41
2026-10-01,buenos-aires,Colegiales,3,u,0,,,23,10,6,2,43.00,19.50,57
2026-10-01,buenos-aires,Colegiales,4,a,0,,,57,19,21,5,62.00,16.00,117
2026-10-01,buenos-aires,Colegiales,4,a,1,,1920.53,17,1,1,0,99.00,10.00,30
2026-10-01,buenos-aires,Colegiales,4,a,2,1920.53,2800.00,14,7,5,1,62.00,16.00,28
2026-10-01,buenos-aires,Colegiales,4,a,3,2800.00,6500.00,19,11,15,4,47.00,16.00,36
2026-10-01,buenos-aires,Colegiales,4,a,4,6500.00,,6,0,0,0,4.00,,21
2026-10-01,buenos-aires,Colegiales,4,f,0,,,8,0,0,0,62.00,,20
2026-10-01,buenos-aires,Colegiales,4,n,0,,,34,12,14,3,82.00,16.00,66
2026-10-01,buenos-aires,Colegiales,4,u,0,,,15,7,7,2,40.00,15.00,31
2026-10-01,buenos-aires,Constitución,-1,a,0,,,617,250,175,37,37.00,21.00,1552
2026-10-01,buenos-aires,Constitución,0,a,0,,,329,124,100,18,46.00,20.00,766
2026-10-01,buenos-aires,Constitución,0,a,1,,384.11,57,30,30,5,30.00,21.50,192
2026-10-01,buenos-aires,Constitución,0,a,2,384.11,453.07,80,37,24,5,43.00,17.00,191
2026-10-01,buenos-aires,Constitución,0,a,3,453.07,555.92,71,19,23,2,40.00,23.00,187
2026-10-01,buenos-aires,Constitución,0,a,4,555.92,,109,38,23,6,75.00,17.00,184
2026-10-01,buenos-aires,Constitución,0,f,0,,,131,48,43,7,52.00,21.00,272
2026-10-01,buenos-aires,Constitución,0,f,1,,490.00,26,15,10,1,42.00,20.50,68
2026-10-01,buenos-aires,Constitución,0,f,2,490.00,550.00,21,7,15,1,33.00,24.00,72
2026-10-01,buenos-aires,Constitución,0,f,3,550.00,631.93,27,14,10,2,42.00,20.50,59
2026-10-01,buenos-aires,Constitución,0,f,4,631.93,,46,12,8,3,,12.00,62
2026-10-01,buenos-aires,Constitución,0,n,0,,,140,55,45,9,37.00,20.00,377
2026-10-01,buenos-aires,Constitución,0,n,1,,339.74,25,15,18,4,29.00,21.00,98
2026-10-01,buenos-aires,Constitución,0,n,2,339.74,400.66,33,11,13,2,31.00,19.00,94
2026-10-01,buenos-aires,Constitución,0,n,3,400.66,459.81,37,20,9,3,32.00,13.00,94
2026-10-01,buenos-aires,Constitución,0,n,4,459.81,,45,9,5,0,53.00,21.00,91
2026-10-01,buenos-aires,Constitución,0,u,0,,,58,21,12,2,63.00,19.00,117
2026-10-01,buenos-aires,Constitución,0,u,1,,400.00,13,4,4,0,62.00,33.50,31
2026-10-01,buenos-aires,Constitución,0,u,2,400.00,474.60,12,4,4,1,35.00,15.00,29
2026-10-01,buenos-aires,Constitución,0,u,3,474.60,570.52,14,6,2,0,63.00,90.00,28
2026-10-01,buenos-aires,Constitución,0,u,4,570.52,,18,7,2,1,,7.00,28
2026-10-01,buenos-aires,Constitución,1,a,0,,,200,90,48,15,33.00,20.50,517
2026-10-01,buenos-aires,Constitución,1,a,1,,420.00,35,17,16,2,30.00,25.00,134
2026-10-01,buenos-aires,Constitución,1,a,2,420.00,498.41,45,22,14,7,29.00,17.00,122
2026-10-01,buenos-aires,Constitución,1,a,3,498.41,592.76,52,24,5,3,31.00,6.00,128
2026-10-01,buenos-aires,Constitución,1,a,4,592.76,,60,26,12,2,48.00,22.50,124
2026-10-01,buenos-aires,Constitución,1,f,0,,,69,16,8,1,62.00,21.00,143
2026-10-01,buenos-aires,Constitución,1,f,1,,507.38,10,0,3,0,48.00,49.00,36
2026-10-01,buenos-aires,Constitución,1,f,2,507.38,578.78,9,1,1,0,30.00,14.00,33
2026-10-01,buenos-aires,Constitución,1,f,3,578.78,700.00,25,9,1,0,69.00,27.00,35
2026-10-01,buenos-aires,Constitución,1,f,4,700.00,,18,5,2,0,,17.50,31
2026-10-01,buenos-aires,Constitución,1,n,0,,,111,63,35,12,31.00,20.00,304
2026-10-01,buenos-aires,Constitución,1,n,1,,394.82,20,12,12,2,30.00,26.50,77
2026-10-01,buenos-aires,Constitución,1,n,2,394.82,463.51,28,18,14,7,26.00,13.00,76
2026-10-01,buenos-aires,Constitución,1,n,3,463.51,550.16,33,12,1,0,30.00,24.00,76
2026-10-01,buenos-aires,Constitución,1,n,4,550.16,,30,21,8,3,34.00,18.50,75
2026-10-01,buenos-aires,Constitución,1,u,0,,,20,11,5,2,29.00,22.00,70
2026-10-01,buenos-aires,Constitución,2,a,0,,,73,29,25,3,35.00,25.00,218
2026-10-01,buenos-aires,Constitución,2,a,1,,550.32,9,4,5,0,27.00,23.00,53
2026-10-01,buenos-aires,Constitución,2,a,2,550.32,645.16,13,3,5,0,30.00,25.00,54
2026-10-01,buenos-aires,Constitución,2,a,3,645.16,782.92,23,12,4,0,56.00,20.50,52
2026-10-01,buenos-aires,Constitución,2,a,4,782.92,,22,10,11,3,36.00,28.00,53
2026-10-01,buenos-aires,Constitución,2,f,0,,,21,4,4,0,61.00,29.00,42
2026-10-01,buenos-aires,Constitución,2,n,0,,,43,21,17,2,35.00,27.00,132
2026-10-01,buenos-aires,Constitución,2,n,1,,530.74,2,0,4,0,27.00,25.00,33
2026-10-01,buenos-aires,Constitución,2,n,2,530.74,616.83,12,2,3,0,41.00,27.00,33
2026-10-01,buenos-aires,Constitución,2,n,3,616.83,759.08,16,10,1,0,55.00,25.00,33
2026-10-01,buenos-aires,Constitución,2,n,4,759.08,,13,9,9,2,36.00,28.00,33
2026-10-01,buenos-aires,Constitución,2,u,0,,,9,4,4,1,29.00,13.00,44
2026-10-01,buenos-aires,Constitución,3,a,0,,,6,5,2,1,24.00,22.50,35
2026-10-01,buenos-aires,Constitución,3,n,0,,,1,1,1,1,24.00,7.00,21
2026-10-01,buenos-aires,Escobar,-1,a,0,,,401,281,225,6,30.00,28.00,1935
2026-10-01,buenos-aires,Escobar,0,a,0,,,42,27,26,4,29.00,27.50,220
2026-10-01,buenos-aires,Escobar,0,a,1,,326.80,8,3,7,0,31.00,28.00,55
2026-10-01,buenos-aires,Escobar,0,a,2,326.80,445.86,4,4,4,0,36.00,28.00,51
2026-10-01,buenos-aires,Escobar,0,a,3,445.86,1100.32,15,8,5,1,30.00,25.00,52
2026-10-01,buenos-aires,Escobar,0,a,4,1100.32,,14,11,10,3,27.00,22.00,60
2026-10-01,buenos-aires,Escobar,0,f,0,,,15,7,2,1,54.00,11.50,49
2026-10-01,buenos-aires,Escobar,0,n,0,,,5,3,6,3,36.00,13.50,71
2026-10-01,buenos-aires,Escobar,0,n,2,300.00,359.48,1,0,1,0,50.00,28.00,21
2026-10-01,buenos-aires,Escobar,0,u,0,,,22,17,18,0,28.00,28.00,100
2026-10-01,buenos-aires,Escobar,0,u,1,,323.62,3,3,5,0,29.00,28.00,23
2026-10-01,buenos-aires,Escobar,0,u,2,323.62,550.00,6,6,3,0,29.00,28.00,22
2026-10-01,buenos-aires,Escobar,0,u,3,550.00,2207.79,4,3,5,0,28.00,28.00,23
2026-10-01,buenos-aires,Escobar,0,u,4,2207.79,,9,5,5,0,27.00,24.00,31
2026-10-01,buenos-aires,Escobar,1,a,0,,,86,65,41,0,29.00,28.00,454
2026-10-01,buenos-aires,Escobar,1,a,1,,364.24,19,14,7,0,29.00,27.00,119
2026-10-01,buenos-aires,Escobar,1,a,2,364.24,424.84,24,22,16,0,31.00,28.00,121
2026-10-01,buenos-aires,Escobar,1,a,3,424.84,516.34,7,6,7,0,29.00,28.00,99
2026-10-01,buenos-aires,Escobar,1,a,4,516.34,,36,23,11,0,34.00,27.00,111
2026-10-01,buenos-aires,Escobar,1,f,0,,,17,11,8,0,30.00,27.50,90
2026-10-01,buenos-aires,Escobar,1,f,1,,495.42,0,0,3,0,29.00,28.00,26
2026-10-01,buenos-aires,Escobar,1,f,2,495.42,600.71,2,2,1,0,38.00,28.00,20
2026-10-01,buenos-aires,Escobar,1,f,3,600.71,900.00,6,4,3,0,29.00,27.00,23
2026-10-01,buenos-aires,Escobar,1,n,0,,,28,22,11,0,30.00,27.00,246
2026-10-01,buenos-aires,Escobar,1,n,1,,354.84,8,6,2,0,28.00,27.00,64
2026-10-01,buenos-aires,Escobar,1,n,2,354.84,400.00,8,7,3,0,31.00,28.00,67
2026-10-01,buenos-aires,Escobar,1,n,3,400.00,450.16,6,5,5,0,30.00,26.00,60
2026-10-01,buenos-aires,Escobar,1,n,4,450.16,,6,4,1,0,31.00,29.00,54
2026-10-01,buenos-aires,Escobar,1,u,0,,,41,32,22,0,29.00,28.00,118
2026-10-01,buenos-aires,Escobar,1,u,1,,375.98,8,5,5,0,28.00,28.00,30
2026-10-01,buenos-aires,Escobar,1,u,2,375.98,420.71,13,13,5,0,43.00,28.00,29
2026-10-01,buenos-aires,Escobar,1,u,3,420.71,510.93,5,5,5,0,28.00,28.00,25
2026-10-01,buenos-aires,Escobar,1,u,4,510.93,,15,9,7,0,36.00,28.00,33
2026-10-01,buenos-aires,Escobar,2,a,0,,,57,33,42,0,29.00,27.00,338
2026-10-01,buenos-aires,Escobar,2,a,1,,535.48,16,10,8,0,28.00,27.50,86
2026-10-01,buenos-aires,Escobar,2,a,2,535.48,662.25,16,10,8,0,29.00,28.00,84
2026-10-01,buenos-aires,Escobar,2,a,3,662.25,793.11,13,6,9,0,34.00,25.00,84
2026-10-01,buenos-aires,Escobar,2,a,4,793.11,,12,7,17,0,29.00,27.00,83
2026-10-01,buenos-aires,Escobar,2,f,0,,,9,4,4,0,33.00,28.00,37
2026-10-01,buenos-aires,Escobar,2,n,0,,,21,8,15,0,29.00,27.00,188
2026-10-01,buenos-aires,Escobar,2,n,1,,522.88,4,2,1,0,28.00,27.00,49
2026-10-01,buenos-aires,Escobar,2,n,2,522.88,643.09,9,4,6,0,33.00,28.00,50
2026-10-01,buenos-aires,Escobar,2,n,3,643.09,728.48,4,2,2,0,35.00,25.50,45
2026-10-01,buenos-aires,Escobar,2,n,4,728.48,,4,0,6,0,29.00,26.50,44
2026-10-01,buenos-aires,Escobar,2,u,0,,,27,21,23,0,29.00,27.00,113
2026-10-01,buenos-aires,Escobar,2,u,1,,544.87,10,7,4,0,31.00,27.50,29
2026-10-01,buenos-aires,Escobar,2,u,2,544.87,700.00,5,4,4,0,28.00,27.50,25
2026-10-01,buenos-aires,Escobar,2,u,3,700.00,809.06,6,4,7,0,29.00,26.00,30
2026-10-01,buenos-aires,Escobar,2,u,4,809.06,,6,6,8,0,28.00,27.00,28
2026-10-01,buenos-aires,Escobar,3,a,0,,,153,112,77,2,32.00,28.00,594
2026-10-01,buenos-aires,Escobar,3,a,1,,1500.00,24,14,31,0,34.00,29.00,184
2026-10-01,buenos-aires,Escobar,3,a,2,1500.00,1700.00,24,20,13,1,31.00,26.00,135
2026-10-01,buenos-aires,Escobar,3,a,3,1700.00,2500.00,37,27,15,1,30.00,28.00,143
2026-10-01,buenos-aires,Escobar,3,a,4,2500.00,,66,49,18,0,31.00,28.00,123
2026-10-01,buenos-aires,Escobar,3,f,0,,,47,28,25,1,30.00,28.00,200
2026-10-01,buenos-aires,Escobar,3,f,1,,1600.00,13,7,7,0,35.00,29.00,68
2026-10-01,buenos-aires,Escobar,3,f,2,1600.00,2000.00,11,9,6,1,29.00,28.50,36
2026-10-01,buenos-aires,Escobar,3,f,3,2000.00,2914.47,8,4,2,0,28.00,35.50,43
2026-10-01,buenos-aires,Escobar,3,f,4,2914.47,,13,6,10,0,30.00,28.00,44
2026-10-01,buenos-aires,Escobar,3,n,0,,,25,15,19,0,36.00,28.00,192
2026-10-01,buenos-aires,Escobar,3,n,1,,1300.00,6,2,7,0,38.00,28.00,61
2026-10-01,buenos-aires,Escobar,3,n,2,1300.00,1600.00,8,6,8,0,36.00,35.50,80
2026-10-01,buenos-aires,Escobar,3,n,4,1800.00,,8,4,4,0,28.00,24.00,38
2026-10-01,buenos-aires,Escobar,3,u,0,,,81,69,33,1,30.00,28.00,202
2026-10-01,buenos-aires,Escobar,3,u,1,,1500.00,9,8,14,0,29.00,28.00,57
2026-10-01,buenos-aires,Escobar,3,u,2,1500.00,1800.00,9,6,7,0,29.00,28.00,49
2026-10-01,buenos-aires,Escobar,3,u,3,1800.00,2800.00,16,16,10,1,30.00,27.50,42
2026-10-01,buenos-aires,Escobar,3,u,4,2800.00,,47,39,2,0,69.00,25.00,54
2026-10-01,buenos-aires,Escobar,4,a,0,,,63,44,39,0,32.00,28.00,329
2026-10-01,buenos-aires,Escobar,4,a,1,,1550.00,16,11,17,0,29.00,27.00,87
2026-10-01,buenos-aires,Escobar,4,a,2,1550.00,2000.00,10,5,7,0,35.00,27.00,97
2026-10-01,buenos-aires,Escobar,4,a,3,2000.00,2500.00,16,15,9,0,29.00,28.00,76
2026-10-01,buenos-aires,Escobar,4,a,4,2500.00,,18,10,4,0,34.00,28.00,64
2026-10-01,buenos-aires,Escobar,4,f,0,,,18,11,18,0,36.00,28.00,121
2026-10-01,buenos-aires,Escobar,4,f,1,,1624.59,4,2,8,0,35.00,27.50,30
2026-10-01,buenos-aires,Escobar,4,f,2,1624.59,2300.00,2,1,3,0,43.00,27.00,31
2026-10-01,buenos-aires,Escobar,4,f,3,2300.00,3000.00,5,5,3,0,29.00,28.00,33
2026-10-01,buenos-aires,Escobar,4,f,4,3000.00,,5,1,2,0,35.00,25.50,23
2026-10-01,buenos-aires,Escobar,4,n,0,,,17,11,3,0,33.00,27.00,101
2026-10-01,buenos-aires,Escobar,4,n,1,,1500.00,7,6,2,0,36.00,38.00,34
2026-10-01,buenos-aires,Escobar,4,n,2,1500.00,1700.00,2,0,0,0,35.00,,29
2026-10-01,buenos-aires,Escobar,4,n,3,1700.00,2200.00,5,3,1,0,29.00,27.00,23
2026-10-01,buenos-aires,Escobar,4,u,0,,,28,22,18,0,29.00,27.50,107
2026-10-01,buenos-aires,Escobar,4,u,1,,1550.00,6,4,8,0,28.00,27.00,27
2026-10-01,buenos-aires,Escobar,4,u,2,1550.00,1950.00,3,3,3,0,33.00,28.00,28
2026-10-01,buenos-aires,Escobar,4,u,3,1950.00,2500.00,9,9,6,0,28.00,27.50,33
2026-10-01,buenos-aires,Esteban Echeverría,-1,a,0,,,113,126,272,23,29.00,27.00,2733
2026-10-01,buenos-aires,Esteban Echeverría,0,a,0,,,8,9,22,2,29.00,28.00,369
2026-10-01,buenos-aires,Esteban Echeverría,0,a,1,,322.58,1,1,9,0,28.00,28.00,83
2026-10-01,buenos-aires,Esteban Echeverría,0,a,2,322.58,500.00,5,6,8,1,28.00,28.00,88
2026-10-01,buenos-aires,Esteban Echeverría,0,a,3,500.00,1165.05,2,2,4,1,28.00,27.50,82
2026-10-01,buenos-aires,Esteban Echeverría,0,a,4,1165.05,,0,0,1,0,30.00,21.00,85
2026-10-01,buenos-aires,Esteban Echeverría,0,n,0,,,1,1,4,0,29.00,28.50,156
2026-10-01,buenos-aires,Esteban Echeverría,0,n,1,,298.01,0,0,2,0,27.00,28.00,40
2026-10-01,buenos-aires,Esteban Echeverría,0,n,2,298.01,464.06,0,0,1,0,28.00,28.00,41
2026-10-01,buenos-aires,Esteban Echeverría,0,n,3,464.06,653.59,1,1,1,0,32.00,47.00,40
2026-10-01,buenos-aires,Esteban Echeverría,0,n,4,653.59,,0,0,0,0,30.00,,35
2026-10-01,buenos-aires,Esteban Echeverría,0,u,0,,,5,7,18,2,28.00,28.00,201
2026-10-01,buenos-aires,Esteban Echeverría,0,u,1,,327.98,1,2,8,1,28.00,26.00,39
2026-10-01,buenos-aires,Esteban Echeverría,0,u,2,327.98,559.68,4,4,7,0,28.00,28.00,42
2026-10-01,buenos-aires,Esteban Echeverría,0,u,3,559.68,1600.00,0,1,2,1,26.00,13.00,44
2026-10-01,buenos-aires,Esteban Echeverría,0,u,4,1600.00,,0,0,1,0,30.00,21.00,45
2026-10-01,buenos-aires,Esteban Echeverría,1,a,0,,,43,41,88,5,29.00,28.00,819
2026-10-01,buenos-aires,Esteban Echeverría,1,a,1,,388.35,12,13,20,4,29.00,23.50,212
2026-10-01,buenos-aires,Esteban Echeverría,1,a,2,388.35,566.34,9,8,22,1,34.00,28.00,204
2026-10-01,buenos-aires,Esteban Echeverría,1,a,3,566.34,750.00,10,9,26,0,29.00,28.00,223
2026-10-01,buenos-aires,Esteban Echeverría,1,a,4,750.00,,11,10,18,0,30.00,28.00,172
2026-10-01,buenos-aires,Esteban Echeverría,1,f,0,,,5,5,11,0,36.00,28.00,74
2026-10-01,buenos-aires,Esteban Echeverría,1,f,1,,562.91,0,0,0,0,37.00,,20
2026-10-01,buenos-aires,Esteban Echeverría,1,f,2,562.91,800.00,4,4,5,0,34.00,28.00,27
2026-10-01,buenos-aires,Esteban Echeverría,1,n,0,,,3,8,13,5,31.00,24.00,468
2026-10-01,buenos-aires,Esteban Echeverría,1,n,1,,363.04,1,4,5,3,29.00,0.00,122
2026-10-01,buenos-aires,Esteban Echeverría,1,n,2,363.04,550.00,1,3,4,2,34.00,13.00,117
2026-10-01,buenos-aires,Esteban Echeverría,1,n,3,550.00,700.00,0,0,3,0,33.00,28.00,129
2026-10-01,buenos-aires,Esteban Echeverría,1,n,4,700.00,,1,1,1,0,34.00,24.00,99
2026-10-01,buenos-aires,Esteban Echeverría,1,u,0,,,35,28,64,0,28.00,28.00,277
2026-10-01,buenos-aires,Esteban Echeverría,1,u,1,,392.16,12,9,15,0,29.00,27.00,80
2026-10-01,buenos-aires,Esteban Echeverría,1,u,2,392.16,571.43,7,5,19,0,28.00,27.00,61
2026-10-01,buenos-aires,Esteban Echeverría,1,u,3,571.43,766.13,7,6,18,0,28.00,28.00,64
2026-10-01,buenos-aires,Esteban Echeverría,1,u,4,766.13,,8,7,10,0,28.00,28.00,68
2026-10-01,buenos-aires,Esteban Echeverría,2,a,0,,,22,32,51,12,28.00,26.00,436
2026-10-01,buenos-aires,Esteban Echeverría,2,a,1,,422.08,10,20,16,10,28.00,0.00,112
2026-10-01,buenos-aires,Esteban Echeverría,2,a,2,422.08,552.45,5,6,10,1,27.00,27.50,110
2026-10-01,buenos-aires,Esteban Echeverría,2,a,3,552.45,1100.00,5,5,15,1,31.00,27.00,125
2026-10-01,buenos-aires,Esteban Echeverría,2,a,4,1100.00,,2,1,9,0,29.00,27.00,80
2026-10-01,buenos-aires,Esteban Echeverría,2,f,0,,,0,1,7,1,28.00,27.00,42
2026-10-01,buenos-aires,Esteban Echeverría,2,n,0,,,2,8,8,6,31.00,0.00,240
2026-10-01,buenos-aires,Esteban Echeverría,2,n,1,,384.11,2,8,6,6,30.00,0.00,63
2026-10-01,buenos-aires,Esteban Echeverría,2,n,2,384.11,522.88,0,0,0,0,27.00,,61
2026-10-01,buenos-aires,Esteban Echeverría,2,n,3,522.88,900.00,0,0,1,0,34.00,22.00,58
2026-10-01,buenos-aires,Esteban Echeverría,2,n,4,900.00,,0,0,1,0,30.00,27.00,57
2026-10-01,buenos-aires,Esteban Echeverría,2,u,0,,,20,23,36,5,28.00,26.50,154
2026-10-01,buenos-aires,Esteban Echeverría,2,u,1,,426.23,8,12,10,4,28.00,22.00,40
2026-10-01,buenos-aires,Esteban Echeverría,2,u,2,426.23,550.16,5,5,8,0,28.00,28.00,37
2026-10-01,buenos-aires,Esteban Echeverría,2,u,3,550.16,953.94,5,5,9,1,28.00,27.00,38
2026-10-01,buenos-aires,Esteban Echeverría,2,u,4,953.94,,2,1,8,0,28.00,26.50,31
2026-10-01,buenos-aires,Esteban Echeverría,3,a,0,,,22,24,68,2,30.00,27.00,624
2026-10-01,buenos-aires,Esteban Echeverría,3,a,1,,1324.50,10,12,20,2,29.00,26.50,167
2026-10-01,buenos-aires,Esteban Echeverría,3,a,2,1324.50,1700.00,9,9,26,0,29.00,28.00,192
2026-10-01,buenos-aires,Esteban Echeverría,3,a,3,1700.00,2200.00,2,2,9,0,36.00,27.00,135
2026-10-01,buenos-aires,Esteban Echeverría,3,a,4,2200.00,,1,1,7,0,34.00,28.00,121
2026-10-01,buenos-aires,Esteban Echeverría,3,f,0,,,4,4,18,0,37.00,27.00,229
2026-10-01,buenos-aires,Esteban Echeverría,3,f,1,,1700.00,2,2,8,0,31.00,27.50,67
2026-10-01,buenos-aires,Esteban Echeverría,3,f,2,1700.00,2200.00,1,1,6,0,37.00,27.00,83
2026-10-01,buenos-aires,Esteban Echeverría,3,f,3,2200.00,2964.52,0,0,1,0,42.00,28.00,29
2026-10-01,buenos-aires,Esteban Echeverría,3,f,4,2964.52,,1,1,2,0,45.00,27.50,49
2026-10-01,buenos-aires,Esteban Echeverría,3,n,0,,,3,4,13,1,31.00,26.00,214
2026-10-01,buenos-aires,Esteban Echeverría,3,n,1,,1200.00,0,1,3,1,35.00,23.00,57
2026-10-01,buenos-aires,Esteban Echeverría,3,n,2,1200.00,1500.00,1,1,1,0,30.00,22.00,53
2026-10-01,buenos-aires,Esteban Echeverría,3,n,3,1500.00,1700.00,2,2,6,0,29.00,27.00,55
2026-10-01,buenos-aires,Esteban Echeverría,3,n,4,1700.00,,0,0,2,0,36.00,28.00,47
2026-10-01,buenos-aires,Esteban Echeverría,3,u,0,,,15,16,37,1,28.00,27.00,181
2026-10-01,buenos-aires,Esteban Echeverría,3,u,1,,980.39,6,7,13,1,28.00,26.00,48
2026-10-01,buenos-aires,Esteban Echeverría,3,u,2,980.39,1500.00,5,5,9,0,28.00,28.00,49
2026-10-01,buenos-aires,Esteban Echeverría,3,u,3,1500.00,2000.00,4,4,7,0,29.00,28.00,47
2026-10-01,buenos-aires,Esteban Echeverría,3,u,4,2000.00,,0,0,4,0,28.00,27.00,31
2026-10-01,buenos-aires,Esteban Echeverría,4,a,0,,,18,20,43,2,33.00,27.00,485
2026-10-01,buenos-aires,Esteban Echeverría,4,a,1,,1900.00,7,9,23,2,28.00,26.00,135
2026-10-01,buenos-aires,Esteban Echeverría,4,a,2,1900.00,2775.86,2,2,4,0,35.00,25.00,112
2026-10-01,buenos-aires,Esteban Echeverría,4,a,3,2775.86,4500.00,7,7,10,0,34.00,28.00,143
2026-10-01,buenos-aires,Esteban Echeverría,4,a,4,4500.00,,1,1,3,0,35.00,27.00,81
2026-10-01,buenos-aires,Esteban Echeverría,4,f,0,,,3,3,19,0,36.00,27.00,239
2026-10-01,buenos-aires,Esteban Echeverría,4,f,1,,2000.00,0,0,6,0,38.00,27.00,75
2026-10-01,buenos-aires,Esteban Echeverría,4,f,2,2000.00,2800.00,0,0,0,0,31.00,,48
2026-10-01,buenos-aires,Esteban Echeverría,4,f,3,2800.00,4500.00,2,2,7,0,38.00,28.00,62
2026-10-01,buenos-aires,Esteban Echeverría,4,f,4,4500.00,,1,1,3,0,31.00,27.00,46
2026-10-01,buenos-aires,Esteban Echeverría,4,n,0,,,0,0,3,0,36.00,27.00,117
2026-10-01,buenos-aires,Esteban Echeverría,4,n,1,,1724.32,0,0,2,0,38.00,24.50,31
2026-10-01,buenos-aires,Esteban Echeverría,4,n,2,1724.32,3000.00,0,0,0,0,33.00,,37
2026-10-01,buenos-aires,Esteban Echeverría,4,n,3,3000.00,3962.05,0,0,0,0,38.00,,24
2026-10-01,buenos-aires,Esteban Echeverría,4,n,4,3962.05,,0,0,1,0,47.00,27.00,25
2026-10-01,buenos-aires,Esteban Echeverría,4,u,0,,,15,17,21,2,28.00,27.00,129
2026-10-01,buenos-aires,Esteban Echeverría,4,u,1,,1500.00,6,8,10,2,28.00,25.00,38
2026-10-01,buenos-aires,Esteban Echeverría,4,u,2,1500.00,2500.00,3,3,8,0,27.00,27.00,30
2026-10-01,buenos-aires,Esteban Echeverría,4,u,3,2500.00,3500.00,3,3,3,0,28.00,28.00,29
2026-10-01,buenos-aires,Esteban Echeverría,4,u,4,3500.00,,2,2,0,0,30.00,,26
2026-10-01,buenos-aires,Ezeiza,-1,a,0,,,23,26,89,4,30.00,27.00,736
2026-10-01,buenos-aires,Ezeiza,0,a,0,,,4,3,8,0,30.00,28.00,152
2026-10-01,buenos-aires,Ezeiza,0,a,1,,376.24,0,0,2,0,31.00,28.00,36
2026-10-01,buenos-aires,Ezeiza,0,a,2,376.24,600.00,4,3,5,0,30.00,28.00,36
2026-10-01,buenos-aires,Ezeiza,0,a,3,600.00,1750.00,0,0,1,0,27.00,28.00,31
2026-10-01,buenos-aires,Ezeiza,0,a,4,1750.00,,0,0,0,0,29.00,,39
2026-10-01,buenos-aires,Ezeiza,0,n,0,,,0,0,0,0,31.00,,72
2026-10-01,buenos-aires,Ezeiza,0,n,1,,331.13,0,0,0,0,32.00,,20
2026-10-01,buenos-aires,Ezeiza,0,u,0,,,3,2,6,0,29.00,28.00,70
2026-10-01,buenos-aires,Ezeiza,1,a,0,,,8,9,36,1,35.00,27.00,252
2026-10-01,buenos-aires,Ezeiza,1,a,1,,418.01,0,0,9,0,35.00,27.00,71
2026-10-01,buenos-aires,Ezeiza,1,a,2,418.01,552.29,2,3,8,1,35.00,26.00,66
2026-10-01,buenos-aires,Ezeiza,1,a,3,552.29,750.00,5,5,11,0,30.00,27.00,74
2026-10-01,buenos-aires,Ezeiza,1,a,4,750.00,,1,1,8,0,35.00,27.50,40
2026-10-01,buenos-aires,Ezeiza,1,n,0,,,0,0,3,0,37.00,22.00,160
2026-10-01,buenos-aires,Ezeiza,1,n,1,,375.40,0,0,0,0,36.00,,42
2026-10-01,buenos-aires,Ezeiza,1,n,2,375.40,483.66,0,0,1,0,40.00,22.00,42
2026-10-01,buenos-aires,Ezeiza,1,n,3,483.66,690.61,0,0,1,0,36.00,22.00,41
2026-10-01,buenos-aires,Ezeiza,1,n,4,690.61,,0,0,1,0,39.00,28.00,34
2026-10-01,buenos-aires,Ezeiza,1,u,0,,,8,9,31,1,28.00,27.00,76
2026-10-01,buenos-aires,Ezeiza,1,u,1,,500.00,2,3,10,1,28.00,27.50,24
2026-10-01,buenos-aires,Ezeiza,1,u,3,636.36,759.74,3,3,8,0,28.00,27.50,20
2026-10-01,buenos-aires,Ezeiza,2,a,0,,,11,13,36,2,28.00,25.00,260
2026-10-01,buenos-aires,Ezeiza,2,a,1,,555.56,3,4,6,1,29.00,24.50,66
2026-10-01,buenos-aires,Ezeiza,2,a,2,555.56,750.00,3,3,10,0,28.00,25.00,76
2026-10-01,buenos-aires,Ezeiza,2,a,3,750.00,990.00,2,2,2,0,29.00,28.50,59
2026-10-01,buenos-aires,Ezeiza,2,a,4,990.00,,3,4,16,1,27.00,24.50,57
2026-10-01,buenos-aires,Ezeiza,2,f,0,,,1,1,5,0,27.00,22.00,23
2026-10-01,buenos-aires,Ezeiza,2,n,0,,,2,2,5,0,31.00,22.00,151
2026-10-01,buenos-aires,Ezeiza,2,n,1,,522.88,0,0,2,0,32.00,25.50,37
2026-10-01,buenos-aires,Ezeiza,2,n,2,522.88,673.21,2,2,1,0,30.00,22.00,37
2026-10-01,buenos-aires,Ezeiza,2,n,3,673.21,841.42,0,0,1,0,29.00,22.00,41
2026-10-01,buenos-aires,Ezeiza,2,n,4,841.42,,0,0,1,0,27.00,27.00,36
2026-10-01,buenos-aires,Ezeiza,2,u,0,,,8,10,26,2,28.00,26.00,86
2026-10-01,buenos-aires,Ezeiza,2,u,1,,543.13,2,2,3,0,28.00,27.00,23
2026-10-01,buenos-aires,Ezeiza,2,u,2,543.13,718.95,2,3,8,1,27.00,25.50,23
2026-10-01,buenos-aires,Ezeiza,2,u,3,718.95,1000.00,3,3,4,0,29.00,27.50,24
2026-10-01,buenos-aires,Ezeiza,3,a,0,,,0,1,7,1,30.00,27.00,52
2026-10-01,buenos-aires,Ezeiza,3,n,0,,,0,0,0,0,31.00,,26
2026-10-01,buenos-aires,Ezeiza,4,a,0,,,0,0,2,0,38.00,28.00,20
2026-10-01,buenos-aires,Florencio Varela,-1,a,0,,,18,14,33,0,36.00,28.00,363
2026-10-01,buenos-aires,Florencio Varela,0,a,0,,,2,2,3,0,40.00,27.00,127
2026-10-01,buenos-aires,Florencio Varela,0,a,1,,326.80,0,0,2,0,34.00,28.00,29
2026-10-01,buenos-aires,Florencio Varela,0,a,2,326.80,1488.67,2,2,1,0,36.00,27.00,31
2026-10-01,buenos-aires,Florencio Varela,0,a,3,1488.67,8000.00,0,0,0,0,38.00,,32
2026-10-01,buenos-aires,Florencio Varela,0,a,4,8000.00,,0,0,0,0,57.00,,26
2026-10-01,buenos-aires,Florencio Varela,0,n,0,,,0,0,0,0,57.00,,36
2026-10-01,buenos-aires,Florencio Varela,0,u,0,,,2,2,3,0,38.00,27.00,87
2026-10-01,buenos-aires,Florencio Varela,0,u,2,289.39,1503.27,2,2,2,0,36.00,28.00,22
2026-10-01,buenos-aires,Florencio Varela,0,u,3,1503.27,7999.00,0,0,0,0,34.00,,21
2026-10-01,buenos-aires,Florencio Varela,1,a,0,,,7,5,15,0,36.00,27.00,117
2026-10-01,buenos-aires,Florencio Varela,1,a,1,,283.83,0,0,1,0,33.00,24.00,27
2026-10-01,buenos-aires,Florencio Varela,1,a,2,283.83,359.48,2,2,5,0,40.00,28.00,36
2026-10-01,buenos-aires,Florencio Varela,1,a,3,359.48,437.91,2,1,4,0,36.00,26.50,28
2026-10-01,buenos-aires,Florencio Varela,1,a,4,437.91,,3,2,5,0,43.00,28.00,26
2026-10-01,buenos-aires,Florencio Varela,1,n,0,,,1,1,2,0,40.00,61.00,71
2026-10-01,buenos-aires,Florencio Varela,1,u,0,,,6,4,13,0,28.00,26.00,42
2026-10-01,buenos-aires,Florencio Varela,2,a,0,,,8,7,13,0,35.00,28.00,89
2026-10-01,buenos-aires,Florencio Varela,2,a,1,,389.61,0,0,5,0,35.00,28.00,22
2026-10-01,buenos-aires,Florencio Varela,2,a,2,389.61,500.00,1,1,0,0,35.00,,24
2026-10-01,buenos-aires,Florencio Varela,2,a,3,500.00,649.35,3,3,3,0,29.00,26.00,20
2026-10-01,buenos-aires,Florencio Varela,2,a,4,649.35,,4,3,5,0,47.00,28.00,21
2026-10-01,buenos-aires,Florencio Varela,2,n,0,,,0,0,1,0,37.00,67.00,45
2026-10-01,buenos-aires,Florencio Varela,2,u,0,,,8,7,12,0,28.00,28.00,42
2026-10-01,buenos-aires,Florencio Varela,3,a,0,,,0,0,2,0,35.00,25.50,24
2026-10-01,buenos-aires,Flores,-1,a,0,,,535,403,421,26,29.00,28.00,2976
2026-10-01,buenos-aires,Flores,0,a,0,,,172,133,108,7,29.00,27.00,843
2026-10-01,buenos-aires,Flores,0,a,1,,385.85,38,18,24,1,33.00,27.50,236
2026-10-01,buenos-aires,Flores,0,a,2,385.85,434.22,39,33,20,0,29.00,27.00,196
2026-10-01,buenos-aires,Flores,0,a,3,434.22,491.80,43,38,34,3,28.00,28.00,218
2026-10-01,buenos-aires,Flores,0,a,4,491.80,,51,43,30,3,29.00,27.50,191
2026-10-01,buenos-aires,Flores,0,f,0,,,14,9,7,1,28.00,29.00,77
2026-10-01,buenos-aires,Flores,0,f,1,,405.14,2,1,1,0,29.00,26.00,20
2026-10-01,buenos-aires,Flores,0,f,2,405.14,480.00,4,3,2,0,31.00,41.00,22
2026-10-01,buenos-aires,Flores,0,f,4,582.52,,3,2,2,1,26.00,19.00,21
2026-10-01,buenos-aires,Flores,0,n,0,,,47,27,28,0,32.00,29.50,413
2026-10-01,buenos-aires,Flores,0,n,1,,364.24,14,5,9,0,36.00,37.00,116
2026-10-01,buenos-aires,Flores,0,n,2,364.24,411.58,16,10,6,0,36.00,26.00,94
2026-10-01,buenos-aires,Flores,0,n,3,411.58,456.59,12,8,7,0,32.00,41.00,102
2026-10-01,buenos-aires,Flores,0,n,4,456.59,,5,4,6,0,29.00,27.50,101
2026-10-01,buenos-aires,Flores,0,u,0,,,111,97,73,6,28.00,27.00,353
2026-10-01,buenos-aires,Flores,0,u,1,,398.71,24,17,16,1,29.00,26.50,90
2026-10-01,buenos-aires,Flores,0,u,2,398.71,451.61,25,22,18,0,28.00,27.00,94
2026-10-01,buenos-aires,Flores,0,u,3,451.61,500.00,33,31,19,3,28.00,26.00,88
2026-10-01,buenos-aires,Flores,0,u,4,500.00,,28,26,20,2,29.00,28.00,79
2026-10-01,buenos-aires,Flores,1,a,0,,,192,139,185,9,29.00,27.00,1191
2026-10-01,buenos-aires,Flores,1,a,1,,454.55,31,19,32,2,29.00,28.00,315
2026-10-01,buenos-aires,Flores,1,a,2,454.55,535.77,55,43,45,2,28.00,28.00,296
2026-10-01,buenos-aires,Flores,1,a,3,535.77,635.76,48,33,54,2,29.00,28.00,285
2026-10-01,buenos-aires,Flores,1,a,4,635.76,,58,44,53,3,28.00,27.00,289
2026-10-01,buenos-aires,Flores,1,f,0,,,32,17,16,0,35.00,27.00,122
2026-10-01,buenos-aires,Flores,1,f,1,,576.92,5,4,2,0,36.00,28.50,33
2026-10-01,buenos-aires,Flores,1,f,2,576.92,666.66,9,4,2,0,38.00,27.50,30
2026-10-01,buenos-aires,Flores,1,f,3,666.66,750.00,12,5,5,0,48.00,26.00,32
2026-10-01,buenos-aires,Flores,1,f,4,750.00,,6,4,7,0,28.00,27.00,27
2026-10-01,buenos-aires,Flores,1,n,0,,,52,34,59,6,29.00,28.00,669
2026-10-01,buenos-aires,Flores,1,n,1,,430.87,12,5,13,0,30.00,33.00,172
2026-10-01,buenos-aires,Flores,1,n,2,430.87,504.85,19,15,10,3,29.00,21.00,171
2026-10-01,buenos-aires,Flores,1,n,3,504.85,593.10,11,5,18,2,28.00,36.50,163
2026-10-01,buenos-aires,Flores,1,n,4,593.10,,10,9,18,1,27.00,27.50,162
2026-10-01,buenos-aires,Flores,1,u,0,,,108,88,110,3,28.00,27.00,400
2026-10-01,buenos-aires,Flores,1,u,1,,478.97,22,17,21,0,28.00,27.00,106
2026-10-01,buenos-aires,Flores,1,u,2,478.97,550.16,29,25,36,1,28.00,28.00,95
2026-10-01,buenos-aires,Flores,1,u,3,550.16,643.09,31,25,25,1,28.00,27.00,97
2026-10-01,buenos-aires,Flores,1,u,4,643.09,,26,21,27,1,28.00,28.00,97
2026-10-01,buenos-aires,Flores,2,a,0,,,105,91,87,6,29.00,28.00,659
2026-10-01,buenos-aires,Flores,2,a,1,,616.88,26,23,20,3,30.00,28.50,174
2026-10-01,buenos-aires,Flores,2,a,2,616.88,737.18,26,24,23,2,29.00,28.00,151
2026-10-01,buenos-aires,Flores,2,a,3,737.18,906.15,24,19,22,1,30.00,28.00,171
2026-10-01,buenos-aires,Flores,2,a,4,906.15,,29,25,22,0,28.00,28.00,162
2026-10-01,buenos-aires,Flores,2,f,0,,,10,9,4,0,30.00,29.00,51
2026-10-01,buenos-aires,Flores,2,n,0,,,29,22,30,2,31.00,34.00,365
2026-10-01,buenos-aires,Flores,2,n,1,,591.48,9,7,8,0,33.00,45.50,94
2026-10-01,buenos-aires,Flores,2,n,2,591.48,702.26,5,5,6,1,29.00,26.00,88
2026-10-01,buenos-aires,Flores,2,n,3,702.26,842.45,9,5,7,0,35.00,34.00,90
2026-10-01,buenos-aires,Flores,2,n,4,842.45,,6,5,9,1,29.00,34.00,93
2026-10-01,buenos-aires,Flores,2,u,0,,,66,60,53,4,28.00,28.00,243
2026-10-01,buenos-aires,Flores,2,u,1,,638.07,13,14,16,3,27.00,26.50,59
2026-10-01,buenos-aires,Flores,2,u,2,638.07,746.75,18,15,14,1,28.00,28.00,59
2026-10-01,buenos-aires,Flores,2,u,3,746.75,964.63,14,13,13,0,28.00,28.00,60
2026-10-01,buenos-aires,Flores,2,u,4,964.63,,21,18,10,0,29.00,27.00,64
2026-10-01,buenos-aires,Flores,3,a,0,,,52,31,35,3,32.00,28.00,218
2026-10-01,buenos-aires,Flores,3,a,1,,810.39,12,12,11,2,29.00,27.00,57
2026-10-01,buenos-aires,Flores,3,a,2,810.39,1000.00,13,4,7,0,31.00,28.00,54
2026-10-01,buenos-aires,Flores,3,a,3,1000.00,1320.13,6,2,13,1,29.00,27.00,49
2026-10-01,buenos-aires,Flores,3,a,4,1320.13,,20,13,4,0,43.00,26.00,53
2026-10-01,buenos-aires,Flores,3,f,0,,,6,2,4,0,31.00,26.50,27
2026-10-01,buenos-aires,Flores,3,n,0,,,14,4,7,1,41.00,25.00,104
2026-10-01,buenos-aires,Flores,3,n,1,,773.51,3,2,2,1,35.00,49.00,27
2026-10-01,buenos-aires,Flores,3,n,2,773.51,970.87,7,1,1,0,41.00,25.00,28
2026-10-01,buenos-aires,Flores,3,n,3,970.87,1176.47,2,0,3,0,40.00,21.00,24
2026-10-01,buenos-aires,Flores,3,n,4,1176.47,,2,1,1,0,48.00,52.00,24
2026-10-01,buenos-aires,Flores,3,u,0,,,32,25,24,2,28.00,28.00,87
2026-10-01,buenos-aires,Flores,3,u,1,,810.39,9,10,7,1,28.00,28.00,23
2026-10-01,buenos-aires,Flores,3,u,2,810.39,964.63,4,3,4,0,28.00,28.00,21
2026-10-01,buenos-aires,Flores,3,u,4,1201.30,,13,11,5,1,29.00,23.00,22
2026-10-01,buenos-aires,Flores,4,a,0,,,14,9,6,1,35.00,27.00,65
2026-10-01,buenos-aires,Flores,4,n,0,,,6,2,1,0,35.00,29.00,36
2026-10-01,buenos-aires,Flores,4,u,0,,,7,5,4,0,36.00,27.00,23
2026-10-01,buenos-aires,Floresta,-1,a,0,,,92,70,62,2,29.00,28.00,543
2026-10-01,buenos-aires,Floresta,0,a,0,,,16,13,10,1,34.00,28.00,103
2026-10-01,buenos-aires,Floresta,0,a,1,,353.70,3,1,3,0,48.00,31.00,31
2026-10-01,buenos-aires,Floresta,0,a,2,353.70,397.39,1,1,3,0,28.00,28.00,22
2026-10-01,buenos-aires,Floresta,0,a,3,397.39,452.79,7,6,1,0,34.00,28.00,28
2026-10-01,buenos-aires,Floresta,0,a,4,452.79,,5,5,3,1,30.00,27.00,22
2026-10-01,buenos-aires,Floresta,0,n,0,,,7,5,3,1,35.00,31.00,60
2026-10-01,buenos-aires,Floresta,0,u,0,,,9,8,7,0,31.00,28.00,42
2026-10-01,buenos-aires,Floresta,1,a,0,,,36,29,24,0,28.00,27.50,211
2026-10-01,buenos-aires,Floresta,1,a,1,,420.71,3,1,5,0,28.00,27.00,58
2026-10-01,buenos-aires,Floresta,1,a,2,420.71,472.85,10,9,5,0,27.00,23.00,53
2026-10-01,buenos-aires,Floresta,1,a,3,472.85,533.77,11,7,7,0,29.00,27.00,52
2026-10-01,buenos-aires,Floresta,1,a,4,533.77,,12,12,7,0,28.00,28.00,48
2026-10-01,buenos-aires,Floresta,1,n,0,,,9,5,4,0,29.00,36.50,123
2026-10-01,buenos-aires,Floresta,1,n,1,,413.11,3,1,2,0,35.00,58.00,33
2026-10-01,buenos-aires,Floresta,1,n,2,413.11,468.64,1,1,0,0,27.00,,31
2026-10-01,buenos-aires,Floresta,1,n,3,468.64,509.87,4,3,1,0,28.00,26.00,29
2026-10-01,buenos-aires,Floresta,1,n,4,509.87,,1,0,1,0,29.00,38.00,30
2026-10-01,buenos-aires,Floresta,1,u,0,,,25,23,19,0,28.00,27.00,83
2026-10-01,buenos-aires,Floresta,1,u,1,,434.08,3,2,5,0,27.00,22.00,25
2026-10-01,buenos-aires,Floresta,1,u,3,475.98,548.39,7,6,6,0,28.00,27.50,20
2026-10-01,buenos-aires,Floresta,1,u,4,548.39,,9,9,4,0,28.00,28.00,20
2026-10-01,buenos-aires,Floresta,2,a,0,,,20,15,18,1,27.00,27.00,147
2026-10-01,buenos-aires,Floresta,2,a,1,,550.16,5,3,2,1,33.00,13.00,41
2026-10-01,buenos-aires,Floresta,2,a,2,550.16,655.95,3,3,7,0,27.00,27.00,34
2026-10-01,buenos-aires,Floresta,2,a,3,655.95,800.00,7,5,6,0,27.00,27.50,31
2026-10-01,buenos-aires,Floresta,2,a,4,800.00,,4,3,3,0,26.00,29.00,40
2026-10-01,buenos-aires,Floresta,2,n,0,,,4,1,2,0,27.00,40.00,72
2026-10-01,buenos-aires,Floresta,2,n,1,,529.80,2,1,0,0,46.00,,20
2026-10-01,buenos-aires,Floresta,2,u,0,,,15,14,15,1,27.00,27.00,62
2026-10-01,buenos-aires,Floresta,3,a,0,,,14,9,8,0,30.00,28.00,61
2026-10-01,buenos-aires,Floresta,3,n,0,,,4,0,0,0,50.00,,31
2026-10-01,buenos-aires,Floresta,3,u,0,,,10,9,7,0,28.00,28.00,29
2026-10-01,buenos-aires,Floresta,4,a,0,,,6,4,2,0,37.00,41.50,21
2026-10-01,buenos-aires,Florida,-1,a,0,,,116,71,61,15,25.00,12.00,414
2026-10-01,buenos-aires,Florida,0,a,0,,,21,12,7,2,35.00,30.00,56
2026-10-01,buenos-aires,Florida,0,n,0,,,5,1,1,1,49.00,0.00,21
2026-10-01,buenos-aires,Florida,0,u,0,,,14,10,6,1,30.00,30.00,33
2026-10-01,buenos-aires,Florida,1,a,0,,,37,20,22,4,22.00,13.00,143
2026-10-01,buenos-aires,Florida,1,a,1,,544.87,12,5,4,1,30.00,11.50,39
2026-10-01,buenos-aires,Florida,1,a,2,544.87,614.89,7,2,5,0,23.00,14.00,33
2026-10-01,buenos-aires,Florida,1,a,3,614.89,774.19,11,7,5,1,26.00,12.00,33
2026-10-01,buenos-aires,Florida,1,a,4,774.19,,7,6,8,2,22.00,12.50,35
2026-10-01,buenos-aires,Florida,1,n,0,,,16,4,9,0,17.00,13.00,78
2026-10-01,buenos-aires,Florida,1,n,1,,514.47,3,1,2,0,27.00,22.00,21
2026-10-01,buenos-aires,Florida,1,n,2,514.47,561.06,6,1,1,0,28.00,10.00,21
2026-10-01,buenos-aires,Florida,1,u,0,,,20,16,11,4,26.00,12.00,51
2026-10-01,buenos-aires,Florida,2,a,0,,,37,31,25,9,17.00,12.00,139
2026-10-01,buenos-aires,Florida,2,a,1,,754.84,7,6,5,3,12.00,6.00,33
2026-10-01,buenos-aires,Florida,2,a,2,754.84,970.87,7,6,3,0,16.00,12.00,36
2026-10-01,buenos-aires,Florida,2,a,3,970.87,1300.00,15,10,8,3,49.00,11.50,34
2026-10-01,buenos-aires,Florida,2,a,4,1300.00,,8,9,9,3,16.00,10.00,36
2026-10-01,buenos-aires,Florida,2,f,0,,,5,5,9,3,12.00,12.00,30
2026-10-01,buenos-aires,Florida,2,n,0,,,9,12,11,5,17.00,11.00,56
2026-10-01,buenos-aires,Florida,2,u,0,,,23,14,5,1,49.00,12.00,53
2026-10-01,buenos-aires,Florida,3,a,0,,,13,5,5,0,20.00,14.00,58
2026-10-01,buenos-aires,Florida,3,n,0,,,7,2,3,0,29.00,14.00,30
2026-10-01,buenos-aires,Florida,3,u,0,,,6,3,2,0,16.00,14.00,28
2026-10-01,buenos-aires,General Rodríguez,-1,a,0,,,31,25,61,1,30.00,27.00,418
2026-10-01,buenos-aires,General Rodríguez,0,a,0,,,1,2,5,1,37.00,27.00,57
2026-10-01,buenos-aires,General Rodríguez,0,u,0,,,1,2,3,1,43.00,27.00,43
2026-10-01,buenos-aires,General Rodríguez,1,a,0,,,4,4,8,0,35.00,25.50,63
2026-10-01,buenos-aires,General Rodríguez,1,n,0,,,0,0,0,0,40.00,,30
2026-10-01,buenos-aires,General Rodríguez,1,u,0,,,4,4,7,0,32.00,24.00,29
2026-10-01,buenos-aires,General Rodríguez,2,a,0,,,5,4,12,0,28.00,24.00,84
2026-10-01,buenos-aires,General Rodríguez,2,a,1,,455.45,2,2,5,0,28.00,28.00,20
2026-10-01,buenos-aires,General Rodríguez,2,a,2,455.45,550.00,1,1,2,0,30.00,25.50,21
2026-10-01,buenos-aires,General Rodríguez,2,a,3,550.00,1100.00,0,0,2,0,27.00,22.00,24
2026-10-01,buenos-aires,General Rodríguez,2,n,0,,,0,0,1,0,30.00,28.00,28
2026-10-01,buenos-aires,General Rodríguez,2,u,0,,,2,2,8,0,28.00,23.00,42
2026-10-01,buenos-aires,General Rodríguez,3,a,0,,,13,9,19,0,29.00,27.00,117
2026-10-01,buenos-aires,General Rodríguez,3,a,1,,1300.00,2,2,2,0,28.00,25.00,30
2026-10-01,buenos-aires,General Rodríguez,3,a,2,1300.00,1800.00,0,0,6,0,28.00,23.50,27
2026-10-01,buenos-aires,General Rodríguez,3,a,3,1800.00,2718.54,4,3,8,0,29.00,28.00,28
2026-10-01,buenos-aires,General Rodríguez,3,a,4,2718.54,,6,3,2,0,31.00,27.50,26
2026-10-01,buenos-aires,General Rodríguez,3,f,0,,,3,2,2,0,30.00,25.00,23
2026-10-01,buenos-aires,General Rodríguez,3,n,0,,,1,0,3,0,32.00,28.00,36
2026-10-01,buenos-aires,General Rodríguez,3,u,0,,,9,7,14,0,28.00,26.50,58
2026-10-01,buenos-aires,General Rodríguez,4,a,0,,,8,6,17,0,30.00,28.00,97
2026-10-01,buenos-aires,General Rodríguez,4,a,1,,2113.11,2,2,1,0,27.00,26.00,25
2026-10-01,buenos-aires,General Rodríguez,4,a,2,2113.11,3000.00,1,1,5,0,31.00,29.00,26
2026-10-01,buenos-aires,General Rodríguez,4,a,3,3000.00,4000.00,1,1,5,0,32.00,28.00,21
2026-10-01,buenos-aires,General Rodríguez,4,f,0,,,0,0,5,0,40.00,28.00,33
2026-10-01,buenos-aires,General Rodríguez,4,n,0,,,1,1,2,0,30.00,27.00,21
2026-10-01,buenos-aires,General Rodríguez,4,u,0,,,7,5,10,0,29.00,28.00,43
2026-10-01,buenos-aires,General San Martín,-1,a,0,,,721,512,422,19,29.00,27.00,4114
2026-10-01,buenos-aires,General San Martín,0,a,0,,,219,118,100,8,30.00,27.00,924
2026-10-01,buenos-aires,General San Martín,0,a,1,,296.77,30,15,18,0,29.00,27.00,217
2026-10-01,buenos-aires,General San Martín,0,a,2,296.77,384.62,25,16,22,0,28.00,28.00,218
2026-10-01,buenos-aires,General San Martín,0,a,3,384.62,771.70,38,28,25,0,28.00,28.00,205
2026-10-01,buenos-aires,General San Martín,0,a,4,771.70,,117,55,35,8,44.00,26.00,266
2026-10-01,buenos-aires,General San Martín,0,n,0,,,23,14,15,5,29.00,27.00,383
2026-10-01,buenos-aires,General San Martín,0,n,1,,279.22,8,6,3,0,32.00,29.00,100
2026-10-01,buenos-aires,General San Martín,0,n,2,279.22,320.27,4,1,3,0,28.00,28.00,96
2026-10-01,buenos-aires,General San Martín,0,n,3,320.27,396.17,6,0,3,0,30.00,22.00,98
2026-10-01,buenos-aires,General San Martín,0,n,4,396.17,,5,7,6,5,28.00,0.00,88
2026-10-01,buenos-aires,General San Martín,0,u,0,,,196,104,82,3,31.00,27.00,529
2026-10-01,buenos-aires,General San Martín,0,u,1,,336.57,30,19,20,0,28.00,27.00,107
2026-10-01,buenos-aires,General San Martín,0,u,2,336.57,457.52,21,16,24,0,28.00,28.00,110
2026-10-01,buenos-aires,General San Martín,0,u,3,457.52,2272.73,57,33,18,0,40.00,27.00,140
2026-10-01,buenos-aires,General San Martín,0,u,4,2272.73,,79,32,20,3,51.00,27.00,155
2026-10-01,buenos-aires,General San Martín,1,a,0,,,272,219,180,10,29.00,27.00,1758
2026-10-01,buenos-aires,General San Martín,1,a,1,,353.70,32,26,26,1,31.00,27.00,432
2026-10-01,buenos-aires,General San Martín,1,a,2,353.70,420.71,65,50,44,1,28.00,28.00,448
2026-10-01,buenos-aires,General San Martín,1,a,3,420.71,486.76,71,56,50,2,29.00,28.00,430
2026-10-01,buenos-aires,General San Martín,1,a,4,486.76,,99,85,58,6,28.00,27.00,436
2026-10-01,buenos-aires,General San Martín,1,f,0,,,20,19,12,5,31.00,22.00,61
2026-10-01,buenos-aires,General San Martín,1,f,3,512.82,850.00,6,6,6,3,27.00,8.50,20
2026-10-01,buenos-aires,General San Martín,1,n,0,,,63,39,29,3,30.00,27.00,1043
2026-10-01,buenos-aires,General San Martín,1,n,1,,330.03,2,2,5,0,34.00,26.00,254
2026-10-01,buenos-aires,General San Martín,1,n,2,330.03,393.44,12,10,9,2,29.00,27.00,271
2026-10-01,buenos-aires,General San Martín,1,n,3,393.44,463.58,20,14,9,1,29.00,27.00,263
2026-10-01,buenos-aires,General San Martín,1,n,4,463.58,,27,12,6,0,31.00,44.50,253
2026-10-01,buenos-aires,General San Martín,1,u,0,,,189,161,139,2,28.00,27.00,654
2026-10-01,buenos-aires,General San Martín,1,u,1,,367.74,37,30,26,0,28.00,27.00,161
2026-10-01,buenos-aires,General San Martín,1,u,2,367.74,435.06,46,36,39,0,28.00,28.00,159
2026-10-01,buenos-aires,General San Martín,1,u,3,435.06,506.50,51,44,34,1,28.00,28.00,155
2026-10-01,buenos-aires,General San Martín,1,u,4,506.50,,53,50,38,1,28.00,27.00,170
2026-10-01,buenos-aires,General San Martín,2,a,0,,,188,145,112,1,29.00,27.00,1170
2026-10-01,buenos-aires,General San Martín,2,a,1,,464.51,31,27,15,0,31.00,27.00,285
2026-10-01,buenos-aires,General San Martín,2,a,2,464.51,555.56,47,38,27,1,29.00,28.00,306
2026-10-01,buenos-aires,General San Martín,2,a,3,555.56,655.74,51,39,33,0,29.00,28.00,290
2026-10-01,buenos-aires,General San Martín,2,a,4,655.74,,59,41,37,0,30.00,27.00,288
2026-10-01,buenos-aires,General San Martín,2,f,0,,,3,3,7,0,29.00,28.00,47
2026-10-01,buenos-aires,General San Martín,2,n,0,,,36,18,18,1,31.00,27.00,674
2026-10-01,buenos-aires,General San Martín,2,n,1,,450.98,3,2,3,0,33.00,27.00,165
2026-10-01,buenos-aires,General San Martín,2,n,2,450.98,528.05,6,4,3,1,30.00,23.00,168
2026-10-01,buenos-aires,General San Martín,2,n,3,528.05,620.92,11,4,6,0,29.00,28.00,172
2026-10-01,buenos-aires,General San Martín,2,n,4,620.92,,16,8,6,0,33.00,25.50,169
2026-10-01,buenos-aires,General San Martín,2,u,0,,,149,124,87,0,28.00,27.00,449
2026-10-01,buenos-aires,General San Martín,2,u,1,,495.05,38,35,17,0,28.00,28.00,113
2026-10-01,buenos-aires,General San Martín,2,u,2,495.05,582.52,40,32,23,0,28.00,27.00,122
2026-10-01,buenos-aires,General San Martín,2,u,3,582.52,708.39,39,31,21,0,28.00,28.00,104
2026-10-01,buenos-aires,General San Martín,2,u,4,708.39,,32,26,26,0,28.00,27.00,109
2026-10-01,buenos-aires,General San Martín,3,a,0,,,30,25,26,0,28.00,28.00,219
2026-10-01,buenos-aires,General San Martín,3,a,1,,596.03,5,4,6,0,27.00,27.00,61
2026-10-01,buenos-aires,General San Martín,3,a,2,596.03,796.18,7,5,5,0,31.00,27.00,53
2026-10-01,buenos-aires,General San Martín,3,a,3,796.18,1022.36,6,4,8,0,27.00,28.00,53
2026-10-01,buenos-aires,General San Martín,3,a,4,1022.36,,12,12,5,0,31.00,27.00,49
2026-10-01,buenos-aires,General San Martín,3,n,0,,,0,0,6,0,29.00,25.50,100
2026-10-01,buenos-aires,General San Martín,3,n,1,,596.03,0,0,0,0,27.00,,27
2026-10-01,buenos-aires,General San Martín,3,n,2,596.03,754.90,0,0,1,0,31.00,22.00,24
2026-10-01,buenos-aires,General San Martín,3,n,3,754.90,983.66,0,0,2,0,29.00,26.00,25
2026-10-01,buenos-aires,General San Martín,3,n,4,983.66,,0,0,2,0,35.00,24.00,23
2026-10-01,buenos-aires,General San Martín,3,u,0,,,29,25,20,0,28.00,28.00,115
2026-10-01,buenos-aires,General San Martín,3,u,1,,596.03,5,4,6,0,25.00,27.00,33
2026-10-01,buenos-aires,General San Martín,3,u,2,596.03,827.81,8,6,5,0,29.00,28.00,27
2026-10-01,buenos-aires,General San Martín,3,u,3,827.81,1016.18,3,3,5,0,27.00,29.00,27
2026-10-01,buenos-aires,General San Martín,3,u,4,1016.18,,13,12,3,0,29.00,28.00,26
2026-10-01,buenos-aires,General San Martín,4,a,0,,,12,5,4,0,29.00,27.00,43
2026-10-01,buenos-aires,General San Martín,4,n,0,,,4,2,1,0,29.00,27.00,22
2026-10-01,buenos-aires,General San Martín,4,u,0,,,8,3,3,0,29.00,27.00,21
2026-10-01,buenos-aires,Hurlingham,-1,a,0,,,27,26,70,1,30.00,28.00,947
2026-10-01,buenos-aires,Hurlingham,0,a,0,,,7,7,10,0,35.00,28.00,394
2026-10-01,buenos-aires,Hurlingham,0,a,1,,322.58,4,4,6,0,35.00,27.50,80
2026-10-01,buenos-aires,Hurlingham,0,a,2,322.58,980.39,3,3,3,0,35.00,28.00,84
2026-10-01,buenos-aires,Hurlingham,0,a,3,980.39,8100.00,0,0,1,0,35.00,29.00,101
2026-10-01,buenos-aires,Hurlingham,0,a,4,8100.00,,0,0,0,0,35.00,,88
2026-10-01,buenos-aires,Hurlingham,0,n,0,,,1,1,1,0,35.00,24.00,131
2026-10-01,buenos-aires,Hurlingham,0,n,1,,278.32,1,1,0,0,35.00,,32
2026-10-01,buenos-aires,Hurlingham,0,n,2,278.32,334.45,0,0,1,0,35.00,24.00,29
2026-10-01,buenos-aires,Hurlingham,0,n,3,334.45,6000.00,0,0,0,0,35.00,,35
2026-10-01,buenos-aires,Hurlingham,0,n,4,6000.00,,0,0,0,0,35.00,,35
2026-10-01,buenos-aires,Hurlingham,0,u,0,,,6,6,9,0,35.00,28.00,261
2026-10-01,buenos-aires,Hurlingham,0,u,1,,388.35,6,6,6,0,28.00,28.00,49
2026-10-01,buenos-aires,Hurlingham,0,u,2,388.35,1655.63,0,0,2,0,35.00,27.50,54
2026-10-01,buenos-aires,Hurlingham,0,u,3,1655.63,8100.00,0,0,1,0,35.00,29.00,59
2026-10-01,buenos-aires,Hurlingham,0,u,4,8100.00,,0,0,0,0,35.00,,58
2026-10-01,buenos-aires,Hurlingham,1,a,0,,,4,2,20,0,29.00,28.00,205
2026-10-01,buenos-aires,Hurlingham,1,a,1,,294.12,2,1,6,0,30.00,28.00,56
2026-10-01,buenos-aires,Hurlingham,1,a,2,294.12,359.48,0,0,3,0,29.00,28.00,53
2026-10-01,buenos-aires,Hurlingham,1,a,3,359.48,429.04,1,0,4,0,30.00,27.50,44
2026-10-01,buenos-aires,Hurlingham,1,a,4,429.04,,1,1,7,0,28.00,28.00,52
2026-10-01,buenos-aires,Hurlingham,1,n,0,,,0,0,3,0,31.00,28.00,131
2026-10-01,buenos-aires,Hurlingham,1,n,1,,296.05,0,0,1,0,34.00,21.00,35
2026-10-01,buenos-aires,Hurlingham,1,n,2,296.05,349.65,0,0,2,0,33.00,42.50,32
2026-10-01,buenos-aires,Hurlingham,1,n,3,349.65,410.60,0,0,0,0,30.00,,33
2026-10-01,buenos-aires,Hurlingham,1,n,4,410.60,,0,0,0,0,31.00,,31
2026-10-01,buenos-aires,Hurlingham,1,u,0,,,4,2,15,0,28.00,28.00,62
2026-10-01,buenos-aires,Hurlingham,2,a,0,,,9,10,23,1,28.00,27.00,234
2026-10-01,buenos-aires,Hurlingham,2,a,1,,437.08,1,1,3,0,28.00,29.00,60
2026-10-01,buenos-aires,Hurlingham,2,a,2,437.08,516.34,4,4,5,0,28.00,23.00,57
2026-10-01,buenos-aires,Hurlingham,2,a,3,516.34,622.95,1,2,7,1,28.00,27.00,56
2026-10-01,buenos-aires,Hurlingham,2,a,4,622.95,,3,3,8,0,28.00,28.00,58
2026-10-01,buenos-aires,Hurlingham,2,n,0,,,1,2,1,1,28.00,0.00,142
2026-10-01,buenos-aires,Hurlingham,2,n,1,,424.84,0,0,0,0,28.00,,40
2026-10-01,buenos-aires,Hurlingham,2,n,2,424.84,490.20,1,1,0,0,29.00,,33
2026-10-01,buenos-aires,Hurlingham,2,n,3,490.20,588.24,0,1,1,1,30.00,0.00,32
2026-10-01,buenos-aires,Hurlingham,2,n,4,588.24,,0,0,0,0,28.00,,36
2026-10-01,buenos-aires,Hurlingham,2,u,0,,,8,8,21,0,28.00,28.00,86
2026-10-01,buenos-aires,Hurlingham,2,u,1,,472.49,4,4,7,0,28.00,27.00,22
2026-10-01,buenos-aires,Hurlingham,2,u,2,472.49,560.51,0,0,1,0,26.00,27.00,20
2026-10-01,buenos-aires,Hurlingham,2,u,3,560.51,676.21,2,2,8,0,28.00,28.00,22
2026-10-01,buenos-aires,Hurlingham,2,u,4,676.21,,2,2,5,0,28.00,28.00,20
2026-10-01,buenos-aires,Hurlingham,3,a,0,,,7,7,16,0,30.00,27.00,86
2026-10-01,buenos-aires,Hurlingham,3,a,1,,555.56,1,1,5,0,31.00,28.00,20
2026-10-01,buenos-aires,Hurlingham,3,a,2,555.56,992.91,1,1,5,0,27.00,27.00,23
2026-10-01,buenos-aires,Hurlingham,3,a,3,992.91,1176.47,1,1,3,0,30.00,28.00,22
2026-10-01,buenos-aires,Hurlingham,3,a,4,1176.47,,4,4,3,0,33.00,27.00,21
2026-10-01,buenos-aires,Hurlingham,3,n,0,,,2,2,2,0,36.00,60.50,43
2026-10-01,buenos-aires,Hurlingham,3,u,0,,,4,4,13,0,27.00,27.00,32
2026-10-01,buenos-aires,Hurlingham,4,a,0,,,0,0,1,0,28.00,28.00,28
2026-10-01,buenos-aires,Ituzaingó,-1,a,0,,,126,113,165,7,29.00,28.00,1963
2026-10-01,buenos-aires,Ituzaingó,0,a,0,,,22,20,24,4,27.00,26.50,598
2026-10-01,buenos-aires,Ituzaingó,0,a,1,,323.62,2,1,5,0,27.00,27.00,136
2026-10-01,buenos-aires,Ituzaingó,0,a,2,323.62,493.59,6,6,10,0,28.00,28.00,140
2026-10-01,buenos-aires,Ituzaingó,0,a,3,493.59,1800.00,8,9,7,2,28.00,22.00,160
2026-10-01,buenos-aires,Ituzaingó,0,a,4,1800.00,,6,4,2,2,22.00,0.00,152
2026-10-01,buenos-aires,Ituzaingó,0,f,0,,,0,0,2,0,29.00,28.50,26
2026-10-01,buenos-aires,Ituzaingó,0,n,0,,,2,2,1,1,29.00,0.00,180
2026-10-01,buenos-aires,Ituzaingó,0,n,1,,281.05,0,0,0,0,30.00,,43
2026-10-01,buenos-aires,Ituzaingó,0,n,2,281.05,376.71,0,0,0,0,47.00,,42
2026-10-01,buenos-aires,Ituzaingó,0,n,3,376.71,1311.48,1,1,0,0,28.00,,49
2026-10-01,buenos-aires,Ituzaingó,0,n,4,1311.48,,1,1,1,1,21.00,0.00,46
2026-10-01,buenos-aires,Ituzaingó,0,u,0,,,20,18,21,3,26.00,26.00,392
2026-10-01,buenos-aires,Ituzaingó,0,u,1,,355.99,3,2,7,0,22.00,26.00,89
2026-10-01,buenos-aires,Ituzaingó,0,u,2,355.99,776.70,6,7,11,1,28.00,27.00,90
2026-10-01,buenos-aires,Ituzaingó,0,u,3,776.70,2000.00,8,6,1,0,28.00,27.00,101
2026-10-01,buenos-aires,Ituzaingó,0,u,4,2000.00,,3,3,2,2,23.00,0.00,102
2026-10-01,buenos-aires,Ituzaingó,1,a,0,,,34,30,61,1,29.00,28.00,464
2026-10-01,buenos-aires,Ituzaingó,1,a,1,,350.00,3,4,13,1,31.00,28.00,114
2026-10-01,buenos-aires,Ituzaingó,1,a,2,350.00,453.07,11,8,11,0,32.00,28.00,115
2026-10-01,buenos-aires,Ituzaingó,1,a,3,453.07,588.24,13,12,12,0,29.00,27.00,118
2026-10-01,buenos-aires,Ituzaingó,1,a,4,588.24,,7,6,25,0,28.00,28.00,113
2026-10-01,buenos-aires,Ituzaingó,1,n,0,,,6,4,8,0,35.00,27.50,261
2026-10-01,buenos-aires,Ituzaingó,1,n,1,,326.80,1,1,3,0,35.00,27.00,71
2026-10-01,buenos-aires,Ituzaingó,1,n,2,326.80,397.35,2,2,1,0,30.00,29.00,55
2026-10-01,buenos-aires,Ituzaingó,1,n,3,397.35,496.69,0,0,0,0,36.00,,69
2026-10-01,buenos-aires,Ituzaingó,1,n,4,496.69,,3,1,4,0,31.00,25.00,65
2026-10-01,buenos-aires,Ituzaingó,1,u,0,,,28,26,50,1,28.00,28.00,188
2026-10-01,buenos-aires,Ituzaingó,1,u,1,,390.88,7,8,12,1,28.00,28.00,43
2026-10-01,buenos-aires,Ituzaingó,1,u,2,390.88,505.89,7,4,11,0,28.00,28.00,47
2026-10-01,buenos-aires,Ituzaingó,1,u,3,505.89,647.06,9,9,17,0,28.00,28.00,47
2026-10-01,buenos-aires,Ituzaingó,1,u,4,647.06,,5,5,10,0,28.00,28.00,48
2026-10-01,buenos-aires,Ituzaingó,2,a,0,,,38,39,47,2,29.00,28.00,520
2026-10-01,buenos-aires,Ituzaingó,2,a,1,,506.76,5,6,8,1,29.00,27.50,128
2026-10-01,buenos-aires,Ituzaingó,2,a,2,506.76,649.35,7,7,13,0,29.00,27.00,133
2026-10-01,buenos-aires,Ituzaingó,2,a,3,649.35,1045.75,15,15,10,0,29.00,25.00,131
2026-10-01,buenos-aires,Ituzaingó,2,a,4,1045.75,,10,10,15,1,29.00,28.00,125
2026-10-01,buenos-aires,Ituzaingó,2,f,0,,,2,2,1,0,35.00,22.00,29
2026-10-01,buenos-aires,Ituzaingó,2,n,0,,,3,3,3,0,31.00,31.00,299
2026-10-01,buenos-aires,Ituzaingó,2,n,1,,490.20,0,0,0,0,33.00,,83
2026-10-01,buenos-aires,Ituzaingó,2,n,2,490.20,647.25,0,0,0,0,33.00,,74
2026-10-01,buenos-aires,Ituzaingó,2,n,3,647.25,1100.00,0,0,0,0,29.00,,76
2026-10-01,buenos-aires,Ituzaingó,2,n,4,1100.00,,3,3,3,0,31.00,31.00,66
2026-10-01,buenos-aires,Ituzaingó,2,u,0,,,33,34,43,2,28.00,27.00,192
2026-10-01,buenos-aires,Ituzaingó,2,u,1,,517.80,5,6,9,1,28.00,27.00,44
2026-10-01,buenos-aires,Ituzaingó,2,u,2,517.80,653.59,6,6,12,0,28.00,27.50,52
2026-10-01,buenos-aires,Ituzaingó,2,u,3,653.59,980.39,13,13,7,0,28.00,23.00,49
2026-10-01,buenos-aires,Ituzaingó,2,u,4,980.39,,8,8,14,1,28.00,28.00,44
2026-10-01,buenos-aires,Ituzaingó,3,a,0,,,20,15,25,0,28.00,28.00,272
2026-10-01,buenos-aires,Ituzaingó,3,a,1,,919.09,5,5,10,0,29.00,27.00,68
2026-10-01,buenos-aires,Ituzaingó,3,a,2,919.09,1372.55,3,3,4,0,28.00,26.50,65
2026-10-01,buenos-aires,Ituzaingó,3,a,3,1372.55,2000.00,3,1,7,0,28.00,28.00,72
2026-10-01,buenos-aires,Ituzaingó,3,a,4,2000.00,,9,6,4,0,33.00,50.50,66
2026-10-01,buenos-aires,Ituzaingó,3,f,0,,,5,1,5,0,29.00,28.00,37
2026-10-01,buenos-aires,Ituzaingó,3,n,0,,,0,0,1,0,33.00,29.00,110
2026-10-01,buenos-aires,Ituzaingó,3,n,1,,860.93,0,0,0,0,31.00,,28
2026-10-01,buenos-aires,Ituzaingó,3,n,2,860.93,1114.75,0,0,0,0,33.00,,27
2026-10-01,buenos-aires,Ituzaingó,3,n,3,1114.75,1700.00,0,0,1,0,29.00,29.00,30
2026-10-01,buenos-aires,Ituzaingó,3,n,4,1700.00,,0,0,0,0,40.00,,25
2026-10-01,buenos-aires,Ituzaingó,3,u,0,,,15,14,19,0,28.00,28.00,125
2026-10-01,buenos-aires,Ituzaingó,3,u,1,,860.93,5,5,9,0,28.00,26.00,32
2026-10-01,buenos-aires,Ituzaingó,3,u,2,860.93,1300.00,3,3,3,0,27.00,28.00,29
2026-10-01,buenos-aires,Ituzaingó,3,u,3,1300.00,2038.82,2,1,5,0,28.00,28.00,31
2026-10-01,buenos-aires,Ituzaingó,3,u,4,2038.82,,5,5,2,0,27.00,28.50,32
2026-10-01,buenos-aires,Ituzaingó,4,a,0,,,12,9,8,0,35.00,28.00,109
2026-10-01,buenos-aires,Ituzaingó,4,a,1,,1180.33,2,2,2,0,29.00,24.50,27
2026-10-01,buenos-aires,Ituzaingó,4,a,2,1180.33,2300.00,2,2,4,0,29.00,26.50,33
2026-10-01,buenos-aires,Ituzaingó,4,a,3,2300.00,4000.00,3,3,1,0,50.00,72.00,21
2026-10-01,buenos-aires,Ituzaingó,4,a,4,4000.00,,5,2,1,0,37.00,65.00,28
2026-10-01,buenos-aires,Ituzaingó,4,f,0,,,5,2,1,0,44.00,72.00,30
2026-10-01,buenos-aires,Ituzaingó,4,n,0,,,0,0,0,0,36.00,,32
2026-10-01,buenos-aires,Ituzaingó,4,u,0,,,7,7,7,0,29.00,28.00,47
2026-10-01,buenos-aires,José C. Paz,-1,a,0,,,86,59,47,1,34.00,28.00,812
2026-10-01,buenos-aires,José C. Paz,0,a,0,,,20,12,5,0,35.00,26.00,247
2026-10-01,buenos-aires,José C. Paz,0,a,1,,271.52,3,3,0,0,35.00,,64
2026-10-01,buenos-aires,José C. Paz,0,a,2,271.52,478.96,9,4,0,0,35.00,,52
2026-10-01,buenos-aires,José C. Paz,0,a,3,478.96,1229.77,6,3,4,0,35.00,27.00,63
2026-10-01,buenos-aires,José C. Paz,0,a,4,1229.77,,2,2,1,0,35.00,24.00,68
2026-10-01,buenos-aires,José C. Paz,0,n,0,,,6,2,1,0,35.00,26.00,119
2026-10-01,buenos-aires,José C. Paz,0,n,1,,254.78,2,2,0,0,35.00,,29
2026-10-01,buenos-aires,José C. Paz,0,n,2,254.78,294.12,2,0,0,0,23.00,,30
2026-10-01,buenos-aires,José C. Paz,0,n,3,294.12,653.59,1,0,0,0,35.00,,29
2026-10-01,buenos-aires,José C. Paz,0,n,4,653.59,,1,0,1,0,35.00,26.00,31
2026-10-01,buenos-aires,José C. Paz,0,u,0,,,14,10,4,0,35.00,26.50,121
2026-10-01,buenos-aires,José C. Paz,0,u,1,,424.84,5,4,0,0,35.00,,28
2026-10-01,buenos-aires,José C. Paz,0,u,2,424.84,653.59,6,4,2,0,35.00,43.00,30
2026-10-01,buenos-aires,José C. Paz,0,u,3,653.59,1450.00,2,1,2,0,35.00,24.50,31
2026-10-01,buenos-aires,José C. Paz,0,u,4,1450.00,,1,1,0,0,35.00,,32
2026-10-01,buenos-aires,José C. Paz,1,a,0,,,34,24,22,1,32.00,26.00,275
2026-10-01,buenos-aires,José C. Paz,1,a,1,,274.51,4,3,4,0,40.00,27.50,75
2026-10-01,buenos-aires,José C. Paz,1,a,2,274.51,313.73,7,2,4,0,35.00,24.00,65
2026-10-01,buenos-aires,José C. Paz,1,a,3,313.73,369.63,7,6,5,1,31.00,26.00,67
2026-10-01,buenos-aires,José C. Paz,1,a,4,369.63,,16,13,9,0,27.00,26.00,66
2026-10-01,buenos-aires,José C. Paz,1,n,0,,,17,11,7,1,35.00,24.00,224
2026-10-01,buenos-aires,José C. Paz,1,n,1,,264.90,4,3,2,0,40.00,26.50,61
2026-10-01,buenos-aires,José C. Paz,1,n,2,264.90,310.46,3,0,2,0,38.00,24.00,56
2026-10-01,buenos-aires,José C. Paz,1,n,3,310.46,359.48,4,2,1,0,35.00,28.00,59
2026-10-01,buenos-aires,José C. Paz,1,n,4,359.48,,6,6,2,1,26.00,14.50,47
2026-10-01,buenos-aires,José C. Paz,1,u,0,,,16,13,12,0,28.00,26.00,40
2026-10-01,buenos-aires,José C. Paz,2,a,0,,,19,16,10,0,29.00,28.00,202
2026-10-01,buenos-aires,José C. Paz,2,a,1,,392.16,5,5,3,0,40.00,27.00,58
2026-10-01,buenos-aires,José C. Paz,2,a,2,392.16,475.86,2,1,2,0,28.00,28.00,45
2026-10-01,buenos-aires,José C. Paz,2,a,3,475.86,582.52,5,3,2,0,28.00,27.50,47
2026-10-01,buenos-aires,José C. Paz,2,a,4,582.52,,7,7,2,0,31.00,25.00,51
2026-10-01,buenos-aires,José C. Paz,2,n,0,,,10,7,2,0,36.00,26.50,123
2026-10-01,buenos-aires,José C. Paz,2,n,1,,383.39,3,3,1,0,40.00,26.00,34
2026-10-01,buenos-aires,José C. Paz,2,n,2,383.39,457.52,1,0,0,0,38.00,,33
2026-10-01,buenos-aires,José C. Paz,2,n,3,457.52,578.78,2,0,0,0,29.00,,26
2026-10-01,buenos-aires,José C. Paz,2,n,4,578.78,,4,4,1,0,37.00,27.00,30
2026-10-01,buenos-aires,José C. Paz,2,u,0,,,8,8,8,0,28.00,28.00,63
2026-10-01,buenos-aires,José C. Paz,3,a,0,,,5,2,6,0,30.00,35.00,52
2026-10-01,buenos-aires,José C. Paz,3,n,0,,,1,0,1,0,28.00,74.00,22
2026-10-01,buenos-aires,José C. Paz,4,a,0,,,8,5,4,0,29.00,28.50,36
2026-10-01,buenos-aires,La Boca,-1,a,0,,,81,67,50,6,29.00,27.00,464
2026-10-01,buenos-aires,La Boca,0,a,0,,,19,16,16,3,29.00,24.50,147
2026-10-01,buenos-aires,La Boca,0,a,1,,365.05,2,1,0,0,27.00,,38
2026-10-01,buenos-aires,La Boca,0,a,2,365.05,440.13,9,7,9,2,28.00,23.00,34
2026-10-01,buenos-aires,La Boca,0,a,3,440.13,646.31,2,1,2,0,30.00,22.50,33
2026-10-01,buenos-aires,La Boca,0,a,4,646.31,,2,2,4,0,31.00,27.50,37
2026-10-01,buenos-aires,La Boca,0,f,0,,,6,5,3,1,33.00,27.00,42
2026-10-01,buenos-aires,La Boca,0,n,0,,,5,4,3,1,28.00,21.00,63
2026-10-01,buenos-aires,La Boca,0,u,0,,,8,7,10,1,28.00,26.50,42
2026-10-01,buenos-aires,La Boca,1,a,0,,,35,34,22,3,29.00,27.50,168
2026-10-01,buenos-aires,La Boca,1,a,1,,412.18,5,8,4,3,27.00,7.00,41
2026-10-01,buenos-aires,La Boca,1,a,2,412.18,501.61,6,6,4,0,29.00,28.50,42
2026-10-01,buenos-aires,La Boca,1,a,3,501.61,672.03,13,10,9,0,30.00,40.00,42
2026-10-01,buenos-aires,La Boca,1,a,4,672.03,,11,10,5,0,32.00,27.00,42
2026-10-01,buenos-aires,La Boca,1,f,0,,,5,3,2,0,45.00,69.50,22
2026-10-01,buenos-aires,La Boca,1,n,0,,,3,3,7,1,28.00,38.00,72
2026-10-01,buenos-aires,La Boca,1,n,2,372.99,450.16,0,0,1,0,27.00,38.00,22
2026-10-01,buenos-aires,La Boca,1,u,0,,,27,28,13,2,29.00,26.00,74
2026-10-01,buenos-aires,La Boca,1,u,2,429.51,504.85,9,9,2,0,29.00,25.50,20
2026-10-01,buenos-aires,La Boca,2,a,0,,,19,12,11,0,28.00,28.00,108
2026-10-01,buenos-aires,La Boca,2,a,1,,561.06,2,0,2,0,37.00,27.50,29
2026-10-01,buenos-aires,La Boca,2,a,2,561.06,647.25,5,3,2,0,27.00,27.00,28
2026-10-01,buenos-aires,La Boca,2,a,3,647.25,717.24,8,7,2,0,27.00,25.00,28
2026-10-01,buenos-aires,La Boca,2,a,4,717.24,,4,2,5,0,28.00,28.00,23
2026-10-01,buenos-aires,La Boca,2,n,0,,,3,2,0,0,25.00,,53
2026-10-01,buenos-aires,La Boca,2,u,0,,,13,9,9,0,28.00,28.00,37
2026-10-01,buenos-aires,La Boca,3,a,0,,,8,5,0,0,29.00,,37
2026-10-01,buenos-aires,La Lucila,-1,a,0,,,106,47,25,6,33.00,20.00,288
2026-10-01,buenos-aires,La Lucila,1,a,0,,,24,9,6,0,30.00,16.00,88
2026-10-01,buenos-aires,La Lucila,1,a,1,,850.00,6,1,1,0,30.00,15.00,21
2026-10-01,buenos-aires,La Lucila,1,a,2,850.00,1200.00,2,1,1,0,11.00,12.00,22
2026-10-01,buenos-aires,La Lucila,1,a,3,1200.00,1500.00,5,4,2,0,47.00,55.50,23
2026-10-01,buenos-aires,La Lucila,1,a,4,1500.00,,11,3,2,0,57.00,34.00,22
2026-10-01,buenos-aires,La Lucila,1,n,0,,,9,5,2,0,30.00,35.50,44
2026-10-01,buenos-aires,La Lucila,1,u,0,,,8,2,2,0,47.00,14.50,27
2026-10-01,buenos-aires,La Lucila,2,a,0,,,39,23,10,4,28.00,19.50,91
2026-10-01,buenos-aires,La Lucila,2,a,1,,1074.43,5,0,2,0,27.00,41.50,24
2026-10-01,buenos-aires,La Lucila,2,a,2,1074.43,1400.00,14,13,5,2,39.00,18.00,26
2026-10-01,buenos-aires,La Lucila,2,a,3,1400.00,1800.00,12,7,2,1,82.00,15.50,22
2026-10-01,buenos-aires,La Lucila,2,n,0,,,25,14,6,2,28.00,20.00,58
2026-10-01,buenos-aires,La Lucila,3,a,0,,,33,14,6,2,51.00,24.50,76
2026-10-01,buenos-aires,La Lucila,3,a,1,,3000.00,10,10,5,2,49.00,20.00,23
2026-10-01,buenos-aires,La Lucila,3,a,2,3000.00,4000.00,16,3,1,0,,35.00,20
2026-10-01,buenos-aires,La Lucila,3,a,3,4000.00,5900.00,1,0,0,0,9.00,,21
2026-10-01,buenos-aires,La Lucila,3,n,0,,,27,12,4,1,65.00,32.00,55
2026-10-01,buenos-aires,La Lucila,3,u,0,,,6,2,2,1,30.00,10.00,20
2026-10-01,buenos-aires,La Lucila,4,a,0,,,7,1,1,0,34.00,29.00,22
2026-10-01,buenos-aires,La Matanza,-1,a,0,,,414,395,698,29,31.00,28.00,7511
2026-10-01,buenos-aires,La Matanza,0,a,0,,,41,39,66,6,31.00,28.00,1069
2026-10-01,buenos-aires,La Matanza,0,a,1,,251.66,4,4,19,0,29.00,28.00,257
2026-10-01,buenos-aires,La Matanza,0,a,2,251.66,313.73,11,12,23,3,29.00,27.00,258
2026-10-01,buenos-aires,La Matanza,0,a,3,313.73,483.87,20,21,21,3,30.00,28.00,236
2026-10-01,buenos-aires,La Matanza,0,a,4,483.87,,6,2,3,0,38.00,22.00,296
2026-10-01,buenos-aires,La Matanza,0,f,0,,,5,5,4,1,28.00,23.50,41
2026-10-01,buenos-aires,La Matanza,0,n,0,,,2,2,14,1,33.00,27.00,518
2026-10-01,buenos-aires,La Matanza,0,n,1,,232.03,0,0,4,0,33.00,27.50,125
2026-10-01,buenos-aires,La Matanza,0,n,2,232.03,281.05,0,0,3,0,29.00,27.00,137
2026-10-01,buenos-aires,La Matanza,0,n,3,281.05,351.64,1,0,3,0,33.00,28.00,132
2026-10-01,buenos-aires,La Matanza,0,n,4,351.64,,1,2,4,1,40.00,25.00,123
2026-10-01,buenos-aires,La Matanza,0,u,0,,,34,32,48,4,29.00,28.00,510
2026-10-01,buenos-aires,La Matanza,0,u,1,,286.62,5,4,23,0,28.00,28.00,114
2026-10-01,buenos-aires,La Matanza,0,u,2,286.62,375.82,15,19,20,4,29.00,28.00,106
2026-10-01,buenos-aires,La Matanza,0,u,3,375.82,1188.12,13,9,5,0,35.00,28.00,124
2026-10-01,buenos-aires,La Matanza,0,u,4,1188.12,,1,0,0,0,35.00,,145
2026-10-01,buenos-aires,La Matanza,1,a,0,,,206,196,353,11,35.00,28.00,3572
2026-10-01,buenos-aires,La Matanza,1,a,1,,308.22,25,21,58,1,38.00,28.00,856
2026-10-01,buenos-aires,La Matanza,1,a,2,308.22,363.04,26,26,56,2,34.00,27.00,916
2026-10-01,buenos-aires,La Matanza,1,a,3,363.04,426.23,65,59,111,3,34.00,28.00,921
2026-10-01,buenos-aires,La Matanza,1,a,4,426.23,,90,90,127,5,34.00,28.00,860
2026-10-01,buenos-aires,La Matanza,1,f,0,,,4,5,14,1,39.00,28.00,90
2026-10-01,buenos-aires,La Matanza,1,f,1,,354.61,0,0,4,0,39.00,27.50,24
2026-10-01,buenos-aires,La Matanza,1,f,2,354.61,405.23,1,1,2,0,40.00,28.50,24
2026-10-01,buenos-aires,La Matanza,1,f,3,405.23,529.80,1,1,4,0,48.00,26.50,23
2026-10-01,buenos-aires,La Matanza,1,n,0,,,15,14,52,2,40.00,28.00,2384
2026-10-01,buenos-aires,La Matanza,1,n,1,,297.03,1,1,7,1,43.00,28.00,578
2026-10-01,buenos-aires,La Matanza,1,n,2,297.03,352.94,0,0,7,0,36.00,27.00,597
2026-10-01,buenos-aires,La Matanza,1,n,3,352.94,410.81,4,5,15,1,37.00,28.00,608
2026-10-01,buenos-aires,La Matanza,1,n,4,410.81,,10,8,23,0,42.00,42.00,600
2026-10-01,buenos-aires,La Matanza,1,u,0,,,187,177,287,8,28.00,28.00,1098
2026-10-01,buenos-aires,La Matanza,1,u,1,,331.13,35,30,67,0,28.00,28.00,260
2026-10-01,buenos-aires,La Matanza,1,u,2,331.13,390.88,39,39,71,2,28.00,28.00,269
2026-10-01,buenos-aires,La Matanza,1,u,3,390.88,453.07,56,49,80,2,28.00,27.50,277
2026-10-01,buenos-aires,La Matanza,1,u,4,453.07,,57,59,68,4,29.00,28.00,274
2026-10-01,buenos-aires,La Matanza,2,a,0,,,116,112,210,8,29.00,28.00,2099
2026-10-01,buenos-aires,La Matanza,2,a,1,,418.01,19,16,33,0,29.00,28.00,500
2026-10-01,buenos-aires,La Matanza,2,a,2,418.01,500.00,28,27,57,2,29.00,27.00,533
2026-10-01,buenos-aires,La Matanza,2,a,3,500.00,607.26,38,36,63,3,29.00,28.00,526
2026-10-01,buenos-aires,La Matanza,2,a,4,607.26,,31,32,56,2,29.00,28.00,520
2026-10-01,buenos-aires,La Matanza,2,f,0,,,2,2,10,0,28.00,28.00,49
2026-10-01,buenos-aires,La Matanza,2,n,0,,,5,8,26,3,32.00,27.00,1316
2026-10-01,buenos-aires,La Matanza,2,n,1,,392.86,0,0,2,0,31.00,24.50,326
2026-10-01,buenos-aires,La Matanza,2,n,2,392.86,482.76,0,1,7,1,31.00,28.00,320
2026-10-01,buenos-aires,La Matanza,2,n,3,482.76,562.91,4,6,11,2,34.00,27.00,339
2026-10-01,buenos-aires,La Matanza,2,n,4,562.91,,1,1,6,0,33.00,27.50,330
2026-10-01,buenos-aires,La Matanza,2,u,0,,,109,102,174,5,28.00,28.00,734
2026-10-01,buenos-aires,La Matanza,2,u,1,,453.07,28,25,50,0,28.00,28.00,172
2026-10-01,buenos-aires,La Matanza,2,u,2,453.07,524.59,31,28,44,0,28.00,28.00,177
2026-10-01,buenos-aires,La Matanza,2,u,3,524.59,642.62,25,23,42,3,28.00,28.00,183
2026-10-01,buenos-aires,La Matanza,2,u,4,642.62,,25,25,37,1,28.00,27.00,183
2026-10-01,buenos-aires,La Matanza,3,a,0,,,40,38,53,4,29.00,28.00,574
2026-10-01,buenos-aires,La Matanza,3,a,1,,572.37,10,10,9,0,30.00,27.00,146
2026-10-01,buenos-aires,La Matanza,3,a,2,572.37,774.19,14,15,21,3,29.00,27.00,136
2026-10-01,buenos-aires,La Matanza,3,a,3,774.19,1052.63,8,8,17,1,29.00,28.00,144
2026-10-01,buenos-aires,La Matanza,3,a,4,1052.63,,8,5,6,0,29.00,28.00,145
2026-10-01,buenos-aires,La Matanza,3,n,0,,,5,6,4,1,30.00,24.00,308
2026-10-01,buenos-aires,La Matanza,3,n,1,,528.05,0,0,0,0,35.00,,75
2026-10-01,buenos-aires,La Matanza,3,n,2,528.05,718.95,1,2,2,1,30.00,15.00,75
2026-10-01,buenos-aires,La Matanza,3,n,3,718.95,1059.60,3,3,2,0,29.00,24.00,74
2026-10-01,buenos-aires,La Matanza,3,n,4,1059.60,,1,1,0,0,29.00,,83
2026-10-01,buenos-aires,La Matanza,3,u,0,,,35,32,48,3,28.00,28.00,249
2026-10-01,buenos-aires,La Matanza,3,u,1,,588.24,13,13,14,1,28.00,27.00,60
2026-10-01,buenos-aires,La Matanza,3,u,2,588.24,784.31,10,10,14,1,28.00,27.50,65
2026-10-01,buenos-aires,La Matanza,3,u,3,784.31,1035.60,5,5,14,1,28.00,28.00,65
2026-10-01,buenos-aires,La Matanza,3,u,4,1035.60,,7,4,6,0,29.00,28.00,57
2026-10-01,buenos-aires,La Matanza,4,a,0,,,11,10,16,0,29.00,28.00,197
2026-10-01,buenos-aires,La Matanza,4,a,1,,986.84,6,6,9,0,29.00,28.00,54
2026-10-01,buenos-aires,La Matanza,4,a,2,986.84,1800.00,4,3,3,0,37.00,28.00,47
2026-10-01,buenos-aires,La Matanza,4,a,3,1800.00,3000.00,1,1,4,0,25.00,30.00,80
2026-10-01,buenos-aires,La Matanza,4,f,0,,,0,0,1,0,22.00,27.00,36
2026-10-01,buenos-aires,La Matanza,4,f,1,,3000.00,0,0,1,0,21.00,27.00,30
2026-10-01,buenos-aires,La Matanza,4,n,0,,,2,2,1,0,37.00,28.00,76
2026-10-01,buenos-aires,La Matanza,4,n,1,,980.39,1,1,0,0,35.00,,20
2026-10-01,buenos-aires,La Matanza,4,n,3,1437.91,2200.00,0,0,0,0,38.00,,21
2026-10-01,buenos-aires,La Matanza,4,u,0,,,9,8,14,0,28.00,28.00,85
2026-10-01,buenos-aires,La Matanza,4,u,1,,897.44,4,4,7,0,28.00,28.00,25
2026-10-01,buenos-aires,La Matanza,4,u,3,1563.52,2500.00,0,0,3,0,30.00,32.00,22
2026-10-01,buenos-aires,La Matanza,4,u,4,2500.00,,0,0,0,0,21.00,,20
2026-10-01,buenos-aires,Lanús,-1,a,0,,,272,251,474,9,29.00,28.00,3444
2026-10-01,buenos-aires,Lanús,0,a,0,,,37,38,69,3,28.00,27.00,554
2026-10-01,buenos-aires,Lanús,0,a,1,,288.53,9,9,11,1,29.00,28.00,133
2026-10-01,buenos-aires,Lanús,0,a,2,288.53,347.54,7,7,25,0,28.00,28.00,146
2026-10-01,buenos-aires,Lanús,0,a,3,347.54,433.56,9,10,20,1,28.00,28.00,135
2026-10-01,buenos-aires,Lanús,0,a,4,433.56,,11,11,11,1,28.00,27.00,133
2026-10-01,buenos-aires,Lanús,0,f,0,,,4,3,3,0,29.00,29.00,24
2026-10-01,buenos-aires,Lanús,0,n,0,,,2,2,8,0,30.00,28.00,278
2026-10-01,buenos-aires,Lanús,0,n,1,,264.90,2,2,3,0,32.00,28.00,67
2026-10-01,buenos-aires,Lanús,0,n,2,264.90,315.79,0,0,0,0,33.00,,70
2026-10-01,buenos-aires,Lanús,0,n,3,315.79,383.87,0,0,5,0,28.00,28.00,71
2026-10-01,buenos-aires,Lanús,0,n,4,383.87,,0,0,0,0,28.00,,69
2026-10-01,buenos-aires,Lanús,0,u,0,,,31,33,58,3,28.00,27.00,252
2026-10-01,buenos-aires,Lanús,0,u,1,,308.68,11,11,16,1,28.00,27.00,64
2026-10-01,buenos-aires,Lanús,0,u,2,308.68,384.10,6,6,21,0,28.00,28.00,61
2026-10-01,buenos-aires,Lanús,0,u,3,384.10,498.06,9,10,16,1,28.00,27.50,57
2026-10-01,buenos-aires,Lanús,0,u,4,498.06,,4,5,3,1,28.00,23.00,64
2026-10-01,buenos-aires,Lanús,1,a,0,,,129,119,223,3,29.00,28.00,1671
2026-10-01,buenos-aires,Lanús,1,a,1,,326.80,16,16,31,3,33.00,28.00,416
2026-10-01,buenos-aires,Lanús,1,a,2,326.80,390.73,32,29,55,0,29.00,27.00,416
2026-10-01,buenos-aires,Lanús,1,a,3,390.73,457.52,36,33,52,0,29.00,28.00,433
2026-10-01,buenos-aires,Lanús,1,a,4,457.52,,43,39,83,0,29.00,28.00,395
2026-10-01,buenos-aires,Lanús,1,f,0,,,2,1,9,0,30.00,28.00,51
2026-10-01,buenos-aires,Lanús,1,n,0,,,9,6,36,2,33.00,28.00,1001
2026-10-01,buenos-aires,Lanús,1,n,1,,317.88,2,1,2,1,35.00,21.50,245
2026-10-01,buenos-aires,Lanús,1,n,2,317.88,379.08,3,3,7,1,36.00,26.00,260
2026-10-01,buenos-aires,Lanús,1,n,3,379.08,432.03,1,0,14,0,31.00,28.50,246
2026-10-01,buenos-aires,Lanús,1,n,4,432.03,,3,2,13,0,30.00,49.00,246
2026-10-01,buenos-aires,Lanús,1,u,0,,,118,112,178,1,28.00,28.00,619
2026-10-01,buenos-aires,Lanús,1,u,1,,352.56,20,20,37,1,29.00,28.00,149
2026-10-01,buenos-aires,Lanús,1,u,2,352.56,411.77,29,26,48,0,28.00,27.50,159
2026-10-01,buenos-aires,Lanús,1,u,3,411.77,484.59,37,36,44,0,28.00,28.00,155
2026-10-01,buenos-aires,Lanús,1,u,4,484.59,,30,28,47,0,28.00,28.00,149
2026-10-01,buenos-aires,Lanús,2,a,0,,,88,78,155,2,29.00,28.00,999
2026-10-01,buenos-aires,Lanús,2,a,1,,418.01,20,19,35,0,28.00,27.00,250
2026-10-01,buenos-aires,Lanús,2,a,2,418.01,501.32,16,16,31,1,30.00,28.00,248
2026-10-01,buenos-aires,Lanús,2,a,3,501.32,590.16,20,19,44,1,29.00,28.00,256
2026-10-01,buenos-aires,Lanús,2,a,4,590.16,,32,24,43,0,29.00,28.00,239
2026-10-01,buenos-aires,Lanús,2,f,0,,,4,2,1,0,36.00,52.00,26
2026-10-01,buenos-aires,Lanús,2,n,0,,,11,8,28,0,31.00,28.00,575
2026-10-01,buenos-aires,Lanús,2,n,1,,397.35,3,3,8,0,31.00,27.00,143
2026-10-01,buenos-aires,Lanús,2,n,2,397.35,491.80,3,2,2,0,36.00,27.00,153
2026-10-01,buenos-aires,Lanús,2,n,3,491.80,571.43,1,1,6,0,29.00,25.00,133
2026-10-01,buenos-aires,Lanús,2,n,4,571.43,,4,2,12,0,31.00,28.50,146
2026-10-01,buenos-aires,Lanús,2,u,0,,,73,68,126,2,28.00,28.00,398
2026-10-01,buenos-aires,Lanús,2,u,1,,419.36,16,15,30,0,27.00,28.00,100
2026-10-01,buenos-aires,Lanús,2,u,2,419.36,513.25,18,19,30,1,28.00,28.00,94
2026-10-01,buenos-aires,Lanús,2,u,3,513.25,608.11,14,14,38,1,28.00,28.00,103
2026-10-01,buenos-aires,Lanús,2,u,4,608.11,,25,20,26,0,28.00,28.00,95
2026-10-01,buenos-aires,Lanús,3,a,0,,,16,15,25,1,29.00,26.00,180
2026-10-01,buenos-aires,Lanús,3,a,1,,551.95,5,6,7,1,28.00,27.00,45
2026-10-01,buenos-aires,Lanús,3,a,2,551.95,711.97,4,3,7,0,31.00,24.00,46
2026-10-01,buenos-aires,Lanús,3,a,3,711.97,955.41,5,5,6,0,29.00,26.00,45
2026-10-01,buenos-aires,Lanús,3,a,4,955.41,,2,1,5,0,32.00,27.00,44
2026-10-01,buenos-aires,Lanús,3,n,0,,,2,2,4,0,31.00,23.50,85
2026-10-01,buenos-aires,Lanús,3,n,1,,620.92,0,0,0,0,29.00,,23
2026-10-01,buenos-aires,Lanús,3,n,2,620.92,721.31,0,0,2,0,31.00,25.00,20
2026-10-01,buenos-aires,Lanús,3,n,3,721.31,933.78,2,2,2,0,30.00,23.00,21
2026-10-01,buenos-aires,Lanús,3,n,4,933.78,,0,0,0,0,31.00,,21
2026-10-01,buenos-aires,Lanús,3,u,0,,,13,13,20,1,28.00,27.00,87
2026-10-01,buenos-aires,Lanús,3,u,1,,544.87,4,5,5,1,28.00,27.00,21
2026-10-01,buenos-aires,Lanús,3,u,2,544.87,642.62,4,3,6,0,28.00,24.50,22
2026-10-01,buenos-aires,Lanús,3,u,3,642.62,955.41,4,4,4,0,28.00,27.00,22
2026-10-01,buenos-aires,Lanús,3,u,4,955.41,,1,1,5,0,33.00,27.00,22
2026-10-01,buenos-aires,Lanús,4,a,0,,,2,1,2,0,31.00,27.00,40
2026-10-01,buenos-aires,La Paternal,-1,a,0,,,46,31,36,2,29.00,27.50,212
2026-10-01,buenos-aires,La Paternal,0,a,0,,,11,8,13,1,29.00,27.00,51
2026-10-01,buenos-aires,La Paternal,0,n,0,,,3,3,7,1,28.00,25.00,27
2026-10-01,buenos-aires,La Paternal,1,a,0,,,21,14,12,0,29.00,26.00,87
2026-10-01,buenos-aires,La Paternal,1,a,1,,462.05,4,2,1,0,26.00,26.00,25
2026-10-01,buenos-aires,La Paternal,1,a,2,462.05,519.48,3,0,6,0,30.00,25.50,21
2026-10-01,buenos-aires,La Paternal,1,a,3,519.48,580.65,4,4,2,0,23.00,29.00,23
2026-10-01,buenos-aires,La Paternal,1,n,0,,,10,6,5,0,29.00,35.00,54
2026-10-01,buenos-aires,La Paternal,1,u,0,,,11,8,7,0,29.00,23.00,29
2026-10-01,buenos-aires,La Paternal,2,a,0,,,3,3,6,1,21.00,25.50,34
2026-10-01,buenos-aires,La Paternal,2,n,0,,,3,3,3,1,22.00,21.00,25
2026-10-01,buenos-aires,La Paternal,4,a,0,,,7,3,4,0,30.00,28.00,22
2026-10-01,buenos-aires,La Plata,-1,a,0,,,555,536,1077,39,28.00,28.00,7888
2026-10-01,buenos-aires,La Plata,0,a,0,,,111,119,180,20,28.00,27.00,1395
2026-10-01,buenos-aires,La Plata,0,a,1,,294.12,20,21,28,2,28.00,28.00,356
2026-10-01,buenos-aires,La Plata,0,a,2,294.12,337.58,34,37,54,6,28.00,24.50,336
2026-10-01,buenos-aires,La Plata,0,a,3,337.58,405.23,32,29,55,3,29.00,27.00,333
2026-10-01,buenos-aires,La Plata,0,a,4,405.23,,23,30,40,9,28.00,27.00,348
2026-10-01,buenos-aires,La Plata,0,f,0,,,8,19,29,11,28.00,27.00,146
2026-10-01,buenos-aires,La Plata,0,f,1,,372.55,2,4,8,2,28.00,27.00,36
2026-10-01,buenos-aires,La Plata,0,f,2,372.55,429.04,2,2,3,0,28.00,28.00,37
2026-10-01,buenos-aires,La Plata,0,f,3,429.04,505.09,2,9,12,7,28.00,0.00,33
2026-10-01,buenos-aires,La Plata,0,f,4,505.09,,1,3,5,2,29.00,27.00,30
2026-10-01,buenos-aires,La Plata,0,n,0,,,6,4,15,4,29.00,23.00,604
2026-10-01,buenos-aires,La Plata,0,n,1,,278.15,0,0,1,0,29.00,56.00,164
2026-10-01,buenos-aires,La Plata,0,n,2,278.15,320.80,2,2,5,2,29.00,22.00,150
2026-10-01,buenos-aires,La Plata,0,n,3,320.80,372.55,0,1,3,1,30.00,23.00,149
2026-10-01,buenos-aires,La Plata,0,n,4,372.55,,4,1,6,1,28.00,24.00,140
2026-10-01,buenos-aires,La Plata,0,u,0,,,97,96,136,5,28.00,27.00,645
2026-10-01,buenos-aires,La Plata,0,u,1,,300.65,21,21,29,1,28.00,28.00,156
2026-10-01,buenos-aires,La Plata,0,u,2,300.65,346.15,33,34,50,2,28.00,27.00,154
2026-10-01,buenos-aires,La Plata,0,u,3,346.15,422.07,27,27,42,2,28.00,27.00,146
2026-10-01,buenos-aires,La Plata,0,u,4,422.07,,15,13,13,0,29.00,27.00,178
2026-10-01,buenos-aires,La Plata,1,a,0,,,201,191,428,8,28.00,28.00,3055
2026-10-01,buenos-aires,La Plata,1,a,1,,339.87,44,45,71,2,29.00,27.00,792
2026-10-01,buenos-aires,La Plata,1,a,2,339.87,396.10,39,36,96,2,28.00,27.00,765
2026-10-01,buenos-aires,La Plata,1,a,3,396.10,467.41,51,47,114,0,28.00,27.00,747
2026-10-01,buenos-aires,La Plata,1,a,4,467.41,,66,61,140,3,28.00,28.00,715
2026-10-01,buenos-aires,La Plata,1,f,0,,,14,12,39,0,28.00,28.00,220
2026-10-01,buenos-aires,La Plata,1,f,1,,429.04,5,5,9,0,28.00,28.00,55
2026-10-01,buenos-aires,La Plata,1,f,2,429.04,508.09,1,1,13,0,28.00,28.00,58
2026-10-01,buenos-aires,La Plata,1,f,3,508.09,638.97,3,2,8,0,29.00,28.50,58
2026-10-01,buenos-aires,La Plata,1,f,4,638.97,,5,4,8,0,28.00,26.50,45
2026-10-01,buenos-aires,La Plata,1,n,0,,,11,8,28,2,30.00,27.00,1644
2026-10-01,buenos-aires,La Plata,1,n,1,,326.80,0,0,4,0,31.00,28.00,445
2026-10-01,buenos-aires,La Plata,1,n,2,326.80,379.09,2,1,6,0,29.00,27.00,408
2026-10-01,buenos-aires,La Plata,1,n,3,379.09,437.91,5,3,9,0,30.00,27.00,392
2026-10-01,buenos-aires,La Plata,1,n,4,437.91,,4,4,9,2,30.00,23.00,399
2026-10-01,buenos-aires,La Plata,1,u,0,,,176,171,361,6,28.00,28.00,1191
2026-10-01,buenos-aires,La Plata,1,u,1,,352.95,47,47,76,2,28.00,27.00,292
2026-10-01,buenos-aires,La Plata,1,u,2,352.95,415.04,40,39,90,2,28.00,27.50,296
2026-10-01,buenos-aires,La Plata,1,u,3,415.04,482.32,43,40,102,0,28.00,27.50,288
2026-10-01,buenos-aires,La Plata,1,u,4,482.32,,45,43,87,1,28.00,28.00,283
2026-10-01,buenos-aires,La Plata,2,a,0,,,172,170,332,9,28.00,28.00,2366
2026-10-01,buenos-aires,La Plata,2,a,1,,449.04,34,36,67,3,28.00,27.00,589
2026-10-01,buenos-aires,La Plata,2,a,2,449.04,532.47,44,45,96,3,28.00,28.00,591
2026-10-01,buenos-aires,La Plata,2,a,3,532.47,662.16,45,41,85,0,28.00,27.00,577
2026-10-01,buenos-aires,La Plata,2,a,4,662.16,,47,46,79,3,29.00,28.00,572
2026-10-01,buenos-aires,La Plata,2,f,0,,,13,14,22,1,28.00,28.00,141
2026-10-01,buenos-aires,La Plata,2,f,1,,552.29,2,3,6,1,28.00,25.00,38
2026-10-01,buenos-aires,La Plata,2,f,2,552.29,700.00,3,3,7,0,28.00,28.00,33
2026-10-01,buenos-aires,La Plata,2,f,3,700.00,1000.00,3,3,6,0,29.00,27.00,36
2026-10-01,buenos-aires,La Plata,2,f,4,1000.00,,5,5,3,0,29.00,27.00,31
2026-10-01,buenos-aires,La Plata,2,n,0,,,9,8,26,2,29.00,27.00,1212
2026-10-01,buenos-aires,La Plata,2,n,1,,431.37,3,3,9,0,30.00,25.00,306
2026-10-01,buenos-aires,La Plata,2,n,2,431.37,522.88,2,3,4,1,30.00,26.00,311
2026-10-01,buenos-aires,La Plata,2,n,3,522.88,636.04,1,1,3,0,29.00,28.00,296
2026-10-01,buenos-aires,La Plata,2,n,4,636.04,,3,1,10,1,29.00,28.00,297
2026-10-01,buenos-aires,La Plata,2,u,0,,,150,148,284,6,28.00,28.00,1013
2026-10-01,buenos-aires,La Plata,2,u,1,,453.07,40,42,64,3,28.00,28.00,253
2026-10-01,buenos-aires,La Plata,2,u,2,453.07,543.13,33,32,88,1,28.00,28.00,246
2026-10-01,buenos-aires,La Plata,2,u,3,543.13,675.41,39,35,71,0,28.00,27.00,242
2026-10-01,buenos-aires,La Plata,2,u,4,675.41,,36,37,56,2,28.00,28.00,240
2026-10-01,buenos-aires,La Plata,3,a,0,,,56,44,106,2,28.00,27.00,829
2026-10-01,buenos-aires,La Plata,3,a,1,,607.85,14,12,29,1,28.00,28.00,211
2026-10-01,buenos-aires,La Plata,3,a,2,607.85,884.49,16,15,26,1,28.00,27.00,207
2026-10-01,buenos-aires,La Plata,3,a,3,884.49,1324.50,14,9,23,0,29.00,28.00,206
2026-10-01,buenos-aires,La Plata,3,a,4,1324.50,,10,7,25,0,28.00,27.00,192
2026-10-01,buenos-aires,La Plata,3,f,0,,,5,4,7,0,34.00,28.00,79
2026-10-01,buenos-aires,La Plata,3,f,2,794.70,1400.00,1,1,2,0,40.00,25.00,21
2026-10-01,buenos-aires,La Plata,3,f,3,1400.00,2000.00,1,1,2,0,25.00,25.00,23
2026-10-01,buenos-aires,La Plata,3,n,0,,,5,5,13,0,29.00,28.00,392
2026-10-01,buenos-aires,La Plata,3,n,1,,605.25,1,1,1,0,31.00,22.00,103
2026-10-01,buenos-aires,La Plata,3,n,2,605.25,849.67,1,1,2,0,28.00,27.50,99
2026-10-01,buenos-aires,La Plata,3,n,3,849.67,1294.50,1,1,5,0,29.00,28.00,93
2026-10-01,buenos-aires,La Plata,3,n,4,1294.50,,2,2,5,0,29.00,28.00,95
2026-10-01,buenos-aires,La Plata,3,u,0,,,46,35,86,2,28.00,27.00,358
2026-10-01,buenos-aires,La Plata,3,u,1,,586.32,12,10,28,1,28.00,28.00,89
2026-10-01,buenos-aires,La Plata,3,u,2,586.32,870.97,15,14,24,1,29.00,27.00,93
2026-10-01,buenos-aires,La Plata,3,u,3,870.97,1300.00,12,7,16,0,29.00,27.00,91
2026-10-01,buenos-aires,La Plata,3,u,4,1300.00,,7,4,15,0,28.00,26.00,77
2026-10-01,buenos-aires,La Plata,4,a,0,,,15,12,31,0,29.00,27.00,243
2026-10-01,buenos-aires,La Plata,4,a,1,,961.54,4,3,6,0,36.00,27.00,61
2026-10-01,buenos-aires,La Plata,4,a,2,961.54,1500.00,5,3,9,0,29.00,28.00,61
2026-10-01,buenos-aires,La Plata,4,a,3,1500.00,2222.22,4,4,10,0,28.00,27.50,61
2026-10-01,buenos-aires,La Plata,4,a,4,2222.22,,2,2,6,0,28.00,26.00,58
2026-10-01,buenos-aires,La Plata,4,f,0,,,3,3,9,0,29.00,26.00,40
2026-10-01,buenos-aires,La Plata,4,n,0,,,1,0,1,0,34.00,21.00,101
2026-10-01,buenos-aires,La Plata,4,n,1,,800.00,1,0,1,0,47.00,21.00,28
2026-10-01,buenos-aires,La Plata,4,n,2,800.00,1291.39,0,0,0,0,46.00,,23
2026-10-01,buenos-aires,La Plata,4,n,3,1291.39,1800.00,0,0,0,0,28.00,,26
2026-10-01,buenos-aires,La Plata,4,n,4,1800.00,,0,0,0,0,34.00,,24
2026-10-01,buenos-aires,La Plata,4,u,0,,,11,9,21,0,28.00,28.00,102
2026-10-01,buenos-aires,La Plata,4,u,1,,961.54,3,3,5,0,29.00,28.00,25
2026-10-01,buenos-aires,La Plata,4,u,2,961.54,1437.91,4,3,5,0,28.00,28.00,25
2026-10-01,buenos-aires,La Plata,4,u,3,1437.91,1854.30,3,2,5,0,28.00,27.00,27
2026-10-01,buenos-aires,La Plata,4,u,4,1854.30,,1,1,6,0,28.00,27.00,24
2026-10-01,buenos-aires,Liniers,-1,a,0,,,146,112,138,7,28.00,28.00,879
2026-10-01,buenos-aires,Liniers,0,a,0,,,40,36,25,0,29.00,28.00,210
2026-10-01,buenos-aires,Liniers,0,a,1,,356.77,4,4,2,0,34.00,25.50,55
2026-10-01,buenos-aires,Liniers,0,a,2,356.77,415.85,7,7,5,0,27.00,28.00,53
2026-10-01,buenos-aires,Liniers,0,a,3,415.85,476.76,11,10,9,0,30.00,29.00,52
2026-10-01,buenos-aires,Liniers,0,a,4,476.76,,18,15,9,0,29.00,28.00,50
2026-10-01,buenos-aires,Liniers,0,f,0,,,1,1,3,0,28.00,28.00,22
2026-10-01,buenos-aires,Liniers,0,n,0,,,8,7,4,0,31.00,27.50,98
2026-10-01,buenos-aires,Liniers,0,n,1,,352.56,1,1,0,0,41.00,,26
2026-10-01,buenos-aires,Liniers,0,n,2,352.56,388.35,1,1,2,0,27.00,25.50,26
2026-10-01,buenos-aires,Liniers,0,n,3,388.35,428.58,4,4,0,0,31.00,,23
2026-10-01,buenos-aires,Liniers,0,n,4,428.58,,2,1,2,0,34.00,85.50,23
2026-10-01,buenos-aires,Liniers,0,u,0,,,31,28,18,0,28.00,28.00,90
2026-10-01,buenos-aires,Liniers,0,u,1,,356.91,3,3,1,0,26.00,27.00,24
2026-10-01,buenos-aires,Liniers,0,u,2,356.91,429.87,8,8,8,0,29.00,29.50,24
2026-10-01,buenos-aires,Liniers,0,u,3,429.87,487.02,10,9,4,0,28.00,27.00,20
2026-10-01,buenos-aires,Liniers,0,u,4,487.02,,10,8,5,0,29.00,28.00,22
2026-10-01,buenos-aires,Liniers,1,a,0,,,62,45,61,4,28.00,27.00,398
2026-10-01,buenos-aires,Liniers,1,a,1,,440.13,7,3,14,1,28.00,26.50,96
2026-10-01,buenos-aires,Liniers,1,a,2,440.13,487.18,23,17,13,1,30.00,27.00,106
2026-10-01,buenos-aires,Liniers,1,a,3,487.18,551.95,19,18,18,2,28.00,27.00,106
2026-10-01,buenos-aires,Liniers,1,a,4,551.95,,12,6,16,0,28.00,28.00,88
2026-10-01,buenos-aires,Liniers,1,n,0,,,26,11,17,0,30.00,29.00,226
2026-10-01,buenos-aires,Liniers,1,n,1,,429.04,5,2,5,0,29.00,26.00,57
2026-10-01,buenos-aires,Liniers,1,n,2,429.04,482.32,11,4,2,0,34.00,26.00,64
2026-10-01,buenos-aires,Liniers,1,n,3,482.32,527.33,5,3,5,0,30.00,30.00,48
2026-10-01,buenos-aires,Liniers,1,n,4,527.33,,5,2,5,0,28.00,36.00,56
2026-10-01,buenos-aires,Liniers,1,u,0,,,34,33,41,4,28.00,27.00,154
2026-10-01,buenos-aires,Liniers,1,u,1,,441.80,3,4,9,1,28.00,26.00,34
2026-10-01,buenos-aires,Liniers,1,u,2,441.80,514.47,10,10,13,1,27.00,22.00,46
2026-10-01,buenos-aires,Liniers,1,u,3,514.47,569.58,14,15,9,2,28.00,28.00,35
2026-10-01,buenos-aires,Liniers,1,u,4,569.58,,6,3,10,0,28.00,28.00,38
2026-10-01,buenos-aires,Liniers,2,a,0,,,35,24,41,1,28.00,28.00,212
2026-10-01,buenos-aires,Liniers,2,a,1,,578.22,10,2,9,0,29.00,28.00,54
2026-10-01,buenos-aires,Liniers,2,a,2,578.22,653.47,4,4,10,0,27.00,22.00,57
2026-10-01,buenos-aires,Liniers,2,a,3,653.47,838.71,7,4,12,0,28.00,28.00,52
2026-10-01,buenos-aires,Liniers,2,a,4,838.71,,14,14,10,1,28.00,27.50,48
2026-10-01,buenos-aires,Liniers,2,n,0,,,14,4,10,0,29.00,28.50,123
2026-10-01,buenos-aires,Liniers,2,n,1,,541.26,9,1,5,0,30.00,28.00,32
2026-10-01,buenos-aires,Liniers,2,n,2,541.26,614.89,2,2,2,0,29.00,37.50,31
2026-10-01,buenos-aires,Liniers,2,n,3,614.89,718.44,1,1,1,0,29.00,28.00,30
2026-10-01,buenos-aires,Liniers,2,n,4,718.44,,2,0,2,0,24.00,54.00,30
2026-10-01,buenos-aires,Liniers,2,u,0,,,17,17,29,1,28.00,26.00,72
2026-10-01,buenos-aires,Liniers,2,u,3,705.13,849.67,3,4,6,1,24.00,28.00,20
2026-10-01,buenos-aires,Liniers,3,a,0,,,7,7,9,2,28.00,26.00,48
2026-10-01,buenos-aires,Liniers,3,n,0,,,3,1,0,0,28.00,,25
2026-10-01,buenos-aires,Liniers,3,u,0,,,4,6,8,2,26.00,24.00,20
2026-10-01,buenos-aires,Lomas de Zamora,-1,a,0,,,299,308,525,31,29.00,27.00,3771
2026-10-01,buenos-aires,Lomas de Zamora,0,a,0,,,49,48,74,4,31.00,28.00,641
2026-10-01,buenos-aires,Lomas de Zamora,0,a,1,,291.26,16,16,11,0,34.00,27.00,159
2026-10-01,buenos-aires,Lomas de Zamora,0,a,2,291.26,337.66,11,13,19,3,31.00,27.00,162
2026-10-01,buenos-aires,Lomas de Zamora,0,a,3,337.66,413.90,14,12,25,1,29.00,28.00,157
2026-10-01,buenos-aires,Lomas de Zamora,0,a,4,413.90,,8,7,19,0,29.00,28.00,153
2026-10-01,buenos-aires,Lomas de Zamora,0,f,0,,,2,3,10,2,36.00,27.50,40
2026-10-01,buenos-aires,Lomas de Zamora,0,n,0,,,6,3,6,0,34.00,39.00,307
2026-10-01,buenos-aires,Lomas de Zamora,0,n,1,,273.38,1,1,2,0,34.00,29.00,72
2026-10-01,buenos-aires,Lomas de Zamora,0,n,2,273.38,314.69,1,1,1,0,37.00,42.00,78
2026-10-01,buenos-aires,Lomas de Zamora,0,n,3,314.69,365.41,3,1,2,0,34.00,49.00,83
2026-10-01,buenos-aires,Lomas de Zamora,0,n,4,365.41,,1,0,1,0,34.00,57.00,74
2026-10-01,buenos-aires,Lomas de Zamora,0,u,0,,,41,42,58,2,28.00,28.00,294
2026-10-01,buenos-aires,Lomas de Zamora,0,u,1,,300.66,18,18,12,0,29.00,27.00,72
2026-10-01,buenos-aires,Lomas de Zamora,0,u,2,300.66,355.99,7,9,15,2,28.00,28.00,71
2026-10-01,buenos-aires,Lomas de Zamora,0,u,3,355.99,456.14,13,12,19,0,28.00,28.00,69
2026-10-01,buenos-aires,Lomas de Zamora,0,u,4,456.14,,3,3,12,0,28.00,27.50,78
2026-10-01,buenos-aires,Lomas de Zamora,1,a,0,,,147,149,249,14,29.00,28.00,1695
2026-10-01,buenos-aires,Lomas de Zamora,1,a,1,,359.48,19,21,43,3,31.00,28.00,448
2026-10-01,buenos-aires,Lomas de Zamora,1,a,2,359.48,435.65,30,31,52,2,29.00,27.50,398
2026-10-01,buenos-aires,Lomas de Zamora,1,a,3,435.65,522.97,39,38,70,4,29.00,27.00,445
2026-10-01,buenos-aires,Lomas de Zamora,1,a,4,522.97,,59,59,80,5,29.00,28.00,396
2026-10-01,buenos-aires,Lomas de Zamora,1,f,0,,,8,8,8,2,36.00,21.50,69
2026-10-01,buenos-aires,Lomas de Zamora,1,f,1,,500.00,6,6,4,1,36.00,21.00,27
2026-10-01,buenos-aires,Lomas de Zamora,1,f,2,500.00,800.00,1,1,4,1,31.00,28.00,25
2026-10-01,buenos-aires,Lomas de Zamora,1,n,0,,,7,13,24,7,32.00,25.50,930
2026-10-01,buenos-aires,Lomas de Zamora,1,n,1,,351.97,1,1,5,0,34.00,54.00,249
2026-10-01,buenos-aires,Lomas de Zamora,1,n,2,351.97,408.50,1,3,5,2,32.00,28.00,223
2026-10-01,buenos-aires,Lomas de Zamora,1,n,3,408.50,490.20,3,4,2,2,34.00,0.00,230
2026-10-01,buenos-aires,Lomas de Zamora,1,n,4,490.20,,2,5,12,3,29.00,23.50,228
2026-10-01,buenos-aires,Lomas de Zamora,1,u,0,,,132,128,217,5,28.00,28.00,696
2026-10-01,buenos-aires,Lomas de Zamora,1,u,1,,376.63,25,26,48,2,28.00,28.00,172
2026-10-01,buenos-aires,Lomas de Zamora,1,u,2,376.63,470.59,27,28,54,2,28.00,28.00,172
2026-10-01,buenos-aires,Lomas de Zamora,1,u,3,470.59,540.20,36,34,59,1,28.00,27.00,180
2026-10-01,buenos-aires,Lomas de Zamora,1,u,4,540.20,,44,40,52,0,28.00,28.00,164
2026-10-01,buenos-aires,Lomas de Zamora,2,a,0,,,83,91,151,12,28.00,27.00,1086
2026-10-01,buenos-aires,Lomas de Zamora,2,a,1,,454.55,28,28,39,1,29.00,26.00,283
2026-10-01,buenos-aires,Lomas de Zamora,2,a,2,454.55,551.95,12,15,29,3,28.00,26.00,282
2026-10-01,buenos-aires,Lomas de Zamora,2,a,3,551.95,757.52,18,22,38,5,28.00,28.00,262
2026-10-01,buenos-aires,Lomas de Zamora,2,a,4,757.52,,24,24,45,3,28.00,27.00,252
2026-10-01,buenos-aires,Lomas de Zamora,2,f,0,,,2,1,2,0,28.00,45.50,38
2026-10-01,buenos-aires,Lomas de Zamora,2,n,0,,,8,11,17,3,29.00,27.00,577
2026-10-01,buenos-aires,Lomas de Zamora,2,n,1,,453.07,2,2,7,0,32.00,28.00,150
2026-10-01,buenos-aires,Lomas de Zamora,2,n,2,453.07,522.88,2,3,3,1,28.00,23.00,158
2026-10-01,buenos-aires,Lomas de Zamora,2,n,3,522.88,675.87,3,4,4,1,29.00,27.50,130
2026-10-01,buenos-aires,Lomas de Zamora,2,n,4,675.87,,1,2,3,1,26.00,22.00,139
2026-10-01,buenos-aires,Lomas de Zamora,2,u,0,,,73,79,132,9,28.00,27.00,471
2026-10-01,buenos-aires,Lomas de Zamora,2,u,1,,454.54,20,20,32,1,28.00,25.50,121
2026-10-01,buenos-aires,Lomas de Zamora,2,u,2,454.54,571.90,18,20,29,2,28.00,26.00,122
2026-10-01,buenos-aires,Lomas de Zamora,2,u,3,571.90,784.31,16,18,30,3,28.00,28.00,110
2026-10-01,buenos-aires,Lomas de Zamora,2,u,4,784.31,,18,20,41,3,28.00,27.00,111
2026-10-01,buenos-aires,Lomas de Zamora,3,a,0,,,12,13,41,1,28.00,27.00,267
2026-10-01,buenos-aires,Lomas de Zamora,3,a,1,,647.59,1,1,12,0,28.00,27.50,66
2026-10-01,buenos-aires,Lomas de Zamora,3,a,2,647.59,967.74,4,4,11,0,28.00,27.00,69
2026-10-01,buenos-aires,Lomas de Zamora,3,a,3,967.74,1300.00,4,5,12,1,28.00,27.00,67
2026-10-01,buenos-aires,Lomas de Zamora,3,a,4,1300.00,,3,3,6,0,31.00,27.50,64
2026-10-01,buenos-aires,Lomas de Zamora,3,n,0,,,0,0,1,0,34.00,28.00,117
2026-10-01,buenos-aires,Lomas de Zamora,3,n,1,,642.62,0,0,0,0,34.00,,28
2026-10-01,buenos-aires,Lomas de Zamora,3,n,2,642.62,819.67,0,0,1,0,26.00,28.00,32
2026-10-01,buenos-aires,Lomas de Zamora,3,n,3,819.67,1307.19,0,0,0,0,36.00,,28
2026-10-01,buenos-aires,Lomas de Zamora,3,n,4,1307.19,,0,0,0,0,32.00,,29
2026-10-01,buenos-aires,Lomas de Zamora,3,u,0,,,12,13,37,1,28.00,27.00,133
2026-10-01,buenos-aires,Lomas de Zamora,3,u,1,,655.74,2,2,12,0,28.00,27.50,35
2026-10-01,buenos-aires,Lomas de Zamora,3,u,2,655.74,983.61,4,5,11,1,28.00,27.00,36
2026-10-01,buenos-aires,Lomas de Zamora,3,u,3,983.61,1192.05,1,1,6,0,34.00,28.00,29
2026-10-01,buenos-aires,Lomas de Zamora,3,u,4,1192.05,,5,5,8,0,28.00,26.50,32
2026-10-01,buenos-aires,Lomas de Zamora,4,a,0,,,8,7,10,0,28.00,28.00,82
2026-10-01,buenos-aires,Lomas de Zamora,4,a,1,,980.39,1,1,4,0,28.00,27.50,21
2026-10-01,buenos-aires,Lomas de Zamora,4,a,2,980.39,1311.48,1,1,1,0,28.00,23.00,23
2026-10-01,buenos-aires,Lomas de Zamora,4,a,3,1311.48,1812.30,6,5,1,0,35.00,22.00,20
2026-10-01,buenos-aires,Lomas de Zamora,4,n,0,,,2,2,0,0,54.00,,24
2026-10-01,buenos-aires,Lomas de Zamora,4,u,0,,,5,5,7,0,28.00,28.00,51
2026-10-01,buenos-aires,Luján,-1,a,0,,,54,42,73,1,28.00,27.00,395
2026-10-01,buenos-aires,Luján,1,a,0,,,10,9,25,0,28.00,28.00,104
2026-10-01,buenos-aires,Luján,1,a,1,,313.73,1,1,7,0,28.00,28.00,28
2026-10-01,buenos-aires,Luján,1,a,2,313.73,420.71,3,3,7,0,28.00,28.00,29
2026-10-01,buenos-aires,Luján,1,a,3,420.71,496.69,3,3,8,0,28.00,28.00,23
2026-10-01,buenos-aires,Luján,1,a,4,496.69,,3,2,3,0,28.00,27.00,24
2026-10-01,buenos-aires,Luján,1,n,0,,,0,0,0,0,25.00,,31
2026-10-01,buenos-aires,Luján,1,u,0,,,8,8,21,0,28.00,28.00,56
2026-10-01,buenos-aires,Luján,2,a,0,,,13,13,16,0,28.00,27.00,97
2026-10-01,buenos-aires,Luján,2,a,1,,470.58,2,2,2,0,28.00,25.00,25
2026-10-01,buenos-aires,Luján,2,a,2,470.58,522.88,3,3,5,0,28.00,27.00,23
2026-10-01,buenos-aires,Luján,2,a,3,522.88,644.74,3,3,4,0,28.00,28.00,23
2026-10-01,buenos-aires,Luján,2,a,4,644.74,,5,5,5,0,28.00,27.00,24
2026-10-01,buenos-aires,Luján,2,n,0,,,0,0,0,0,27.00,,36
2026-10-01,buenos-aires,Luján,2,u,0,,,12,12,13,0,28.00,27.00,49
2026-10-01,buenos-aires,Luján,3,a,0,,,16,13,16,1,29.00,27.00,93
2026-10-01,buenos-aires,Luján,3,a,1,,1052.63,1,2,6,1,29.00,27.00,24
2026-10-01,buenos-aires,Luján,3,a,2,1052.63,1400.00,7,6,6,0,28.00,27.00,28
2026-10-01,buenos-aires,Luján,3,a,3,1400.00,1836.07,5,4,1,0,28.00,28.00,20
2026-10-01,buenos-aires,Luján,3,f,0,,,4,3,3,0,31.00,49.00,35
2026-10-01,buenos-aires,Luján,3,u,0,,,8,8,11,1,28.00,27.00,42
2026-10-01,buenos-aires,Luján,4,a,0,,,15,7,13,0,33.00,27.00,82
2026-10-01,buenos-aires,Luján,4,a,1,,1800.00,2,1,2,0,33.00,26.00,25
2026-10-01,buenos-aires,Luján,4,a,4,3810.81,,7,2,3,0,45.00,52.00,20
2026-10-01,buenos-aires,Luján,4,f,0,,,7,2,6,0,52.00,39.50,32
2026-10-01,buenos-aires,Luján,4,u,0,,,4,3,6,0,28.00,26.50,32
2026-10-01,buenos-aires,Malvinas Argentinas,-1,a,0,,,5,6,4,1,35.00,27.50,29
2026-10-01,buenos-aires,Martínez,-1,a,0,,,283,197,220,4,30.00,27.00,1317
2026-10-01,buenos-aires,Martínez,0,a,0,,,75,49,25,0,30.00,27.00,196
2026-10-01,buenos-aires,Martínez,0,a,1,,433.12,9,6,7,0,28.00,27.00,46
2026-10-01,buenos-aires,Martínez,0,a,2,433.12,800.00,20,17,7,0,30.00,27.00,47
2026-10-01,buenos-aires,Martínez,0,a,3,800.00,3106.80,25,18,2,0,33.00,30.50,47
2026-10-01,buenos-aires,Martínez,0,a,4,3106.80,,18,7,8,0,32.00,30.00,52
2026-10-01,buenos-aires,Martínez,0,n,0,,,5,2,5,0,30.00,27.00,42
2026-10-01,buenos-aires,Martínez,0,u,0,,,68,47,20,0,30.00,27.50,146
2026-10-01,buenos-aires,Martínez,0,u,1,,489.83,9,5,5,0,28.00,27.00,30
2026-10-01,buenos-aires,Martínez,0,u,2,489.83,1100.32,25,24,7,0,30.00,29.00,42
2026-10-01,buenos-aires,Martínez,0,u,3,1100.32,3500.00,15,10,2,0,27.00,71.00,34
2026-10-01,buenos-aires,Martínez,0,u,4,3500.00,,16,7,5,0,50.00,30.00,36
2026-10-01,buenos-aires,Martínez,1,a,0,,,58,46,58,3,29.00,27.00,325
2026-10-01,buenos-aires,Martínez,1,a,1,,578.78,19,17,10,1,31.00,27.00,88
2026-10-01,buenos-aires,Martínez,1,a,2,578.78,683.17,9,8,20,0,28.00,27.50,80
2026-10-01,buenos-aires,Martínez,1,a,3,683.17,922.11,19,15,19,1,30.00,28.00,82
2026-10-01,buenos-aires,Martínez,1,a,4,922.11,,11,6,8,1,30.00,26.50,74
2026-10-01,buenos-aires,Martínez,1,f,0,,,9,3,6,1,31.00,25.50,47
2026-10-01,buenos-aires,Martínez,1,f,1,,800.00,2,2,5,1,31.00,23.00,20
2026-10-01,buenos-aires,Martínez,1,n,0,,,11,10,7,0,35.00,27.00,150
2026-10-01,buenos-aires,Martínez,1,n,1,,557.38,3,3,2,0,38.00,24.00,39
2026-10-01,buenos-aires,Martínez,1,n,2,557.38,629.14,2,1,2,0,27.00,28.00,37
2026-10-01,buenos-aires,Martínez,1,n,3,629.14,900.00,2,2,2,0,31.00,24.50,42
2026-10-01,buenos-aires,Martínez,1,n,4,900.00,,4,4,1,0,43.00,27.00,32
2026-10-01,buenos-aires,Martínez,1,u,0,,,38,33,45,2,28.00,27.00,128
2026-10-01,buenos-aires,Martínez,1,u,1,,582.52,19,16,6,0,34.00,27.50,38
2026-10-01,buenos-aires,Martínez,1,u,2,582.52,664.72,3,3,15,0,28.00,28.00,27
2026-10-01,buenos-aires,Martínez,1,u,3,664.72,844.16,12,11,15,1,28.00,28.00,33
2026-10-01,buenos-aires,Martínez,1,u,4,844.16,,4,3,8,1,28.00,26.00,29
2026-10-01,buenos-aires,Martínez,2,a,0,,,66,52,55,0,30.00,28.00,345
2026-10-01,buenos-aires,Martínez,2,a,1,,786.89,10,5,11,0,29.00,28.00,92
2026-10-01,buenos-aires,Martínez,2,a,2,786.89,1035.60,17,17,12,0,30.00,28.00,85
2026-10-01,buenos-aires,Martínez,2,a,3,1035.60,1432.69,22,19,16,0,29.00,27.50,85
2026-10-01,buenos-aires,Martínez,2,a,4,1432.69,,16,10,16,0,40.00,27.00,82
2026-10-01,buenos-aires,Martínez,2,f,0,,,7,3,10,0,30.00,27.00,44
2026-10-01,buenos-aires,Martínez,2,n,0,,,18,12,15,0,30.00,28.00,175
2026-10-01,buenos-aires,Martínez,2,n,1,,776.70,4,1,5,0,29.00,27.00,47
2026-10-01,buenos-aires,Martínez,2,n,2,776.70,964.63,2,2,5,0,29.00,28.00,50
2026-10-01,buenos-aires,Martínez,2,n,3,964.63,1359.21,7,6,2,0,29.00,31.50,38
2026-10-01,buenos-aires,Martínez,2,n,4,1359.21,,5,3,3,0,42.00,28.00,40
2026-10-01,buenos-aires,Martínez,2,u,0,,,41,37,30,0,29.00,28.00,126
2026-10-01,buenos-aires,Martínez,2,u,1,,844.16,5,3,5,0,28.00,28.00,33
2026-10-01,buenos-aires,Martínez,2,u,2,844.16,1045.30,15,15,6,0,29.00,28.00,29
2026-10-01,buenos-aires,Martínez,2,u,3,1045.30,1387.10,12,12,6,0,28.00,27.50,30
2026-10-01,buenos-aires,Martínez,2,u,4,1387.10,,8,6,13,0,35.00,28.00,33
2026-10-01,buenos-aires,Martínez,3,a,0,,,53,36,49,0,29.00,27.00,253
2026-10-01,buenos-aires,Martínez,3,a,1,,1331.17,14,12,10,0,33.00,27.00,65
2026-10-01,buenos-aires,Martínez,3,a,2,1331.17,1800.00,16,11,18,0,28.00,25.00,63
2026-10-01,buenos-aires,Martínez,3,a,3,1800.00,3000.00,9,5,11,0,29.00,26.00,67
2026-10-01,buenos-aires,Martínez,3,a,4,3000.00,,13,8,8,0,31.00,28.00,55
2026-10-01,buenos-aires,Martínez,3,f,0,,,8,5,2,0,57.00,28.00,26
2026-10-01,buenos-aires,Martínez,3,n,0,,,17,9,10,0,37.00,27.00,102
2026-10-01,buenos-aires,Martínez,3,n,1,,1288.03,1,0,1,0,42.00,130.00,27
2026-10-01,buenos-aires,Martínez,3,n,2,1288.03,1800.00,6,4,6,0,28.00,25.00,29
2026-10-01,buenos-aires,Martínez,3,n,3,1800.00,3000.00,5,2,1,0,42.00,27.00,28
2026-10-01,buenos-aires,Martínez,3,u,0,,,28,22,37,0,28.00,26.00,125
2026-10-01,buenos-aires,Martínez,3,u,1,,1290.32,8,8,9,0,27.00,26.00,32
2026-10-01,buenos-aires,Martínez,3,u,2,1290.32,1791.53,12,8,10,0,28.00,26.00,28
2026-10-01,buenos-aires,Martínez,3,u,3,1791.53,2295.08,1,1,9,0,27.00,26.00,32
2026-10-01,buenos-aires,Martínez,3,u,4,2295.08,,6,5,7,0,29.00,22.00,30
2026-10-01,buenos-aires,Martínez,4,a,0,,,31,14,33,1,34.00,28.00,198
2026-10-01,buenos-aires,Martínez,4,a,1,,2900.00,11,5,10,0,37.00,28.00,55
2026-10-01,buenos-aires,Martínez,4,a,2,2900.00,3800.00,5,2,11,1,28.00,27.00,50
2026-10-01,buenos-aires,Martínez,4,a,3,3800.00,5700.00,11,7,8,0,38.00,28.00,55
2026-10-01,buenos-aires,Martínez,4,a,4,5700.00,,4,0,4,0,57.00,28.00,37
2026-10-01,buenos-aires,Martínez,4,n,0,,,13,4,14,1,43.00,27.00,98
2026-10-01,buenos-aires,Martínez,4,n,1,,2900.00,4,0,5,0,49.00,29.00,28
2026-10-01,buenos-aires,Martínez,4,n,2,2900.00,3800.00,2,2,4,1,30.00,26.00,25
2026-10-01,buenos-aires,Martínez,4,n,3,3800.00,5500.00,5,2,3,0,49.00,26.00,25
2026-10-01,buenos-aires,Martínez,4,n,4,5500.00,,2,0,2,0,42.00,25.50,20
2026-10-01,buenos-aires,Martínez,4,u,0,,,14,9,17,0,30.00,28.00,83
2026-10-01,buenos-aires,Martínez,4,u,1,,2900.00,6,5,5,0,29.00,23.00,23
2026-10-01,buenos-aires,Martínez,4,u,2,2900.00,3800.00,3,0,7,0,28.00,28.00,25
2026-10-01,buenos-aires,Mataderos,-1,a,0,,,99,87,94,13,29.00,27.00,647
2026-10-01,buenos-aires,Mataderos,0,a,0,,,16,16,13,2,32.00,30.00,113
2026-10-01,buenos-aires,Mataderos,0,a,1,,316.83,1,3,4,2,27.00,18.50,35
2026-10-01,buenos-aires,Mataderos,0,a,2,316.83,359.48,6,4,2,0,51.00,70.50,27
2026-10-01,buenos-aires,Mataderos,0,a,3,359.48,446.60,5,5,4,0,28.00,28.50,26
2026-10-01,buenos-aires,Mataderos,0,a,4,446.60,,4,4,3,0,32.00,28.00,25
2026-10-01,buenos-aires,Mataderos,0,n,0,,,4,4,3,1,28.00,27.00,69
2026-10-01,buenos-aires,Mataderos,0,n,1,,316.13,0,1,1,1,16.00,0.00,21
2026-10-01,buenos-aires,Mataderos,0,u,0,,,11,12,8,1,34.00,30.00,36
2026-10-01,buenos-aires,Mataderos,1,a,0,,,40,30,43,2,29.00,28.00,274
2026-10-01,buenos-aires,Mataderos,1,a,1,,430.46,10,9,10,1,32.00,26.50,74
2026-10-01,buenos-aires,Mataderos,1,a,2,430.46,493.51,10,5,13,0,30.00,27.00,71
2026-10-01,buenos-aires,Mataderos,1,a,3,493.51,567.74,10,9,12,1,29.00,28.50,65
2026-10-01,buenos-aires,Mataderos,1,a,4,567.74,,10,7,8,0,28.00,28.00,61
2026-10-01,buenos-aires,Mataderos,1,n,0,,,9,4,9,0,32.00,30.00,149
2026-10-01,buenos-aires,Mataderos,1,n,1,,422.54,2,1,3,0,41.00,41.00,41
2026-10-01,buenos-aires,Mataderos,1,n,2,422.54,469.45,2,0,4,0,28.00,26.00,39
2026-10-01,buenos-aires,Mataderos,1,n,3,469.45,544.87,2,2,2,0,28.00,45.00,33
2026-10-01,buenos-aires,Mataderos,1,n,4,544.87,,3,1,0,0,33.00,,36
2026-10-01,buenos-aires,Mataderos,1,u,0,,,31,26,31,2,28.00,28.00,116
2026-10-01,buenos-aires,Mataderos,1,u,1,,451.61,8,8,7,1,27.00,28.00,31
2026-10-01,buenos-aires,Mataderos,1,u,2,451.61,512.82,11,8,10,0,28.00,27.50,33
2026-10-01,buenos-aires,Mataderos,1,u,3,512.82,596.78,6,4,8,1,29.00,29.00,27
2026-10-01,buenos-aires,Mataderos,1,u,4,596.78,,6,6,6,0,28.00,26.50,22
2026-10-01,buenos-aires,Mataderos,2,a,0,,,34,34,30,7,28.00,23.00,207
2026-10-01,buenos-aires,Mataderos,2,a,1,,550.00,4,5,10,1,27.00,25.00,60
2026-10-01,buenos-aires,Mataderos,2,a,2,550.00,620.92,12,13,8,3,29.00,15.50,48
2026-10-01,buenos-aires,Mataderos,2,a,3,620.92,771.70,8,9,5,1,27.00,22.00,50
2026-10-01,buenos-aires,Mataderos,2,a,4,771.70,,10,7,7,2,28.00,25.00,49
2026-10-01,buenos-aires,Mataderos,2,n,0,,,9,5,6,1,30.00,31.50,112
2026-10-01,buenos-aires,Mataderos,2,n,1,,529.80,1,1,4,0,30.00,44.00,29
2026-10-01,buenos-aires,Mataderos,2,n,2,529.80,620.92,1,1,1,0,30.00,27.00,27
2026-10-01,buenos-aires,Mataderos,2,n,3,620.92,746.75,1,1,0,0,25.00,,28
2026-10-01,buenos-aires,Mataderos,2,n,4,746.75,,6,2,1,1,30.00,7.00,28
2026-10-01,buenos-aires,Mataderos,2,u,0,,,24,28,24,6,26.00,22.00,91
2026-10-01,buenos-aires,Mataderos,2,u,1,,551.95,5,6,6,1,22.00,21.00,28
2026-10-01,buenos-aires,Mataderos,2,u,2,551.95,614.89,8,8,6,2,30.00,15.50,21
2026-10-01,buenos-aires,Mataderos,2,u,3,614.89,803.22,7,9,8,2,25.00,22.50,21
2026-10-01,buenos-aires,Mataderos,2,u,4,803.22,,4,5,4,1,27.00,24.50,21
2026-10-01,buenos-aires,Mataderos,3,a,0,,,6,4,6,1,27.00,24.00,40
2026-10-01,buenos-aires,Mataderos,3,u,0,,,4,2,5,1,24.00,21.00,25
2026-10-01,buenos-aires,Merlo,-1,a,0,,,33,31,83,0,31.00,27.00,965
2026-10-01,buenos-aires,Merlo,0,a,0,,,5,4,10,0,35.00,27.00,193
2026-10-01,buenos-aires,Merlo,0,a,1,,270.96,3,3,1,0,35.00,27.00,47
2026-10-01,buenos-aires,Merlo,0,a,2,270.96,457.52,1,0,7,0,32.00,27.00,49
2026-10-01,buenos-aires,Merlo,0,a,3,457.52,1045.75,1,1,2,0,35.00,62.00,47
2026-10-01,buenos-aires,Merlo,0,a,4,1045.75,,0,0,0,0,35.00,,50
2026-10-01,buenos-aires,Merlo,0,n,0,,,1,0,1,0,43.00,27.00,59
2026-10-01,buenos-aires,Merlo,0,u,0,,,4,4,8,0,35.00,27.00,130
2026-10-01,buenos-aires,Merlo,0,u,1,,298.01,3,3,1,0,35.00,27.00,30
2026-10-01,buenos-aires,Merlo,0,u,2,298.01,522.88,1,1,7,0,29.00,27.00,35
2026-10-01,buenos-aires,Merlo,0,u,3,522.88,1165.05,0,0,0,0,35.00,,34
2026-10-01,buenos-aires,Merlo,0,u,4,1165.05,,0,0,0,0,35.00,,31
2026-10-01,buenos-aires,Merlo,1,a,0,,,14,14,37,0,29.00,27.00,413
2026-10-01,buenos-aires,Merlo,1,a,1,,291.26,3,3,5,0,29.00,28.00,105
2026-10-01,buenos-aires,Merlo,1,a,2,291.26,355.99,3,3,6,0,33.00,27.00,110
2026-10-01,buenos-aires,Merlo,1,a,3,355.99,406.78,5,5,8,0,29.00,27.00,100
2026-10-01,buenos-aires,Merlo,1,a,4,406.78,,3,3,18,0,29.00,27.00,98
2026-10-01,buenos-aires,Merlo,1,n,0,,,1,1,3,0,33.00,28.00,281
2026-10-01,buenos-aires,Merlo,1,n,1,,289.56,0,0,0,0,32.00,,71
2026-10-01,buenos-aires,Merlo,1,n,2,289.56,355.99,0,0,2,0,37.00,28.00,80
2026-10-01,buenos-aires,Merlo,1,n,3,355.99,397.35,0,0,0,0,33.00,,61
2026-10-01,buenos-aires,Merlo,1,n,4,397.35,,1,1,1,0,35.00,27.00,69
2026-10-01,buenos-aires,Merlo,1,u,0,,,13,13,32,0,28.00,27.00,123
2026-10-01,buenos-aires,Merlo,1,u,1,,295.45,4,4,5,0,28.00,28.00,31
2026-10-01,buenos-aires,Merlo,1,u,2,295.45,357.15,4,4,5,0,29.00,26.00,33
2026-10-01,buenos-aires,Merlo,1,u,3,357.15,438.04,3,3,10,0,29.00,28.00,32
2026-10-01,buenos-aires,Merlo,1,u,4,438.04,,2,2,12,0,28.00,26.50,27
2026-10-01,buenos-aires,Merlo,2,a,0,,,10,10,27,0,29.00,28.00,282
2026-10-01,buenos-aires,Merlo,2,a,1,,393.44,0,0,3,0,28.00,28.00,76
2026-10-01,buenos-aires,Merlo,2,a,2,393.44,459.02,5,5,4,0,30.00,28.00,72
2026-10-01,buenos-aires,Merlo,2,a,3,459.02,557.38,2,2,12,0,29.00,28.00,69
2026-10-01,buenos-aires,Merlo,2,a,4,557.38,,3,3,7,0,30.00,25.00,64
2026-10-01,buenos-aires,Merlo,2,f,0,,,0,0,1,0,28.00,25.00,20
2026-10-01,buenos-aires,Merlo,2,n,0,,,3,3,1,0,30.00,27.00,194
2026-10-01,buenos-aires,Merlo,2,n,1,,392.16,0,0,0,0,32.00,,50
2026-10-01,buenos-aires,Merlo,2,n,2,392.16,445.90,1,1,0,0,28.00,,49
2026-10-01,buenos-aires,Merlo,2,n,3,445.90,527.03,1,1,0,0,34.00,,50
2026-10-01,buenos-aires,Merlo,2,n,4,527.03,,1,1,1,0,31.00,27.00,45
2026-10-01,buenos-aires,Merlo,2,u,0,,,7,7,25,0,28.00,28.00,68
2026-10-01,buenos-aires,Merlo,3,a,0,,,3,2,7,0,29.00,28.00,67
2026-10-01,buenos-aires,Merlo,3,n,0,,,0,0,0,0,33.00,,35
2026-10-01,buenos-aires,Merlo,3,u,0,,,2,1,7,0,28.00,28.00,30
2026-10-01,buenos-aires,Monserrat,-1,a,0,,,1177,563,305,85,32.00,14.00,3008
2026-10-01,buenos-aires,Monserrat,0,a,0,,,533,243,122,34,38.00,13.00,1263
2026-10-01,buenos-aires,Monserrat,0,a,1,,390.76,98,56,40,11,30.00,14.00,316
2026-10-01,buenos-aires,Monserrat,0,a,2,390.76,491.91,125,82,34,16,35.00,10.50,316
2026-10-01,buenos-aires,Monserrat,0,a,3,491.91,600.00,135,58,21,6,41.00,11.00,305
2026-10-01,buenos-aires,Monserrat,0,a,4,600.00,,159,46,26,1,64.00,19.00,305
2026-10-01,buenos-aires,Monserrat,0,f,0,,,271,82,57,8,43.00,16.00,634
2026-10-01,buenos-aires,Monserrat,0,f,1,,480.77,45,21,21,4,30.00,13.00,160
2026-10-01,buenos-aires,Monserrat,0,f,2,480.77,564.10,57,18,6,0,31.00,25.00,155
2026-10-01,buenos-aires,Monserrat,0,f,3,564.10,690.00,69,20,19,4,47.00,12.00,153
2026-10-01,buenos-aires,Monserrat,0,f,4,690.00,,86,23,11,0,87.00,19.00,152
2026-10-01,buenos-aires,Monserrat,0,n,0,,,193,124,52,22,32.00,12.00,482
2026-10-01,buenos-aires,Monserrat,0,n,1,,341.93,33,25,14,4,29.00,27.50,122
2026-10-01,buenos-aires,Monserrat,0,n,2,341.93,411.58,43,30,16,9,29.00,6.50,121
2026-10-01,buenos-aires,Monserrat,0,n,3,411.58,491.90,51,35,14,8,35.00,6.00,121
2026-10-01,buenos-aires,Monserrat,0,n,4,491.90,,66,34,8,1,53.00,14.00,118
2026-10-01,buenos-aires,Monserrat,0,u,0,,,69,37,13,4,47.00,14.00,147
2026-10-01,buenos-aires,Monserrat,0,u,1,,392.86,14,6,7,1,31.00,14.00,38
2026-10-01,buenos-aires,Monserrat,0,u,2,392.86,459.55,16,12,2,1,37.00,15.00,34
2026-10-01,buenos-aires,Monserrat,0,u,3,459.55,562.28,15,8,2,2,47.00,5.50,36
2026-10-01,buenos-aires,Monserrat,0,u,4,562.28,,22,10,1,0,76.00,31.00,32
2026-10-01,buenos-aires,Monserrat,1,a,0,,,400,192,103,27,30.00,14.00,1101
2026-10-01,buenos-aires,Monserrat,1,a,1,,459.67,68,31,29,2,23.00,18.00,273
2026-10-01,buenos-aires,Monserrat,1,a,2,459.67,543.69,79,56,27,12,26.00,12.00,275
2026-10-01,buenos-aires,Monserrat,1,a,3,543.69,650.00,107,54,26,8,28.00,15.50,276
2026-10-01,buenos-aires,Monserrat,1,a,4,650.00,,127,51,21,5,60.00,14.00,256
2026-10-01,buenos-aires,Monserrat,1,f,0,,,191,63,46,9,31.00,21.00,473
2026-10-01,buenos-aires,Monserrat,1,f,1,,500.00,29,13,11,1,24.00,18.00,120
2026-10-01,buenos-aires,Monserrat,1,f,2,500.00,600.00,43,19,20,6,25.00,21.00,133
2026-10-01,buenos-aires,Monserrat,1,f,3,600.00,712.87,45,11,6,1,32.00,22.50,91
2026-10-01,buenos-aires,Monserrat,1,f,4,712.87,,56,20,9,1,62.00,29.00,109
2026-10-01,buenos-aires,Monserrat,1,n,0,,,167,106,45,14,28.00,14.00,493
2026-10-01,buenos-aires,Monserrat,1,n,1,,420.71,24,13,13,0,17.00,15.00,128
2026-10-01,buenos-aires,Monserrat,1,n,2,420.71,495.15,46,26,11,4,32.00,14.00,120
2026-10-01,buenos-aires,Monserrat,1,n,3,495.15,574.25,40,29,10,5,27.00,9.50,122
2026-10-01,buenos-aires,Monserrat,1,n,4,574.25,,57,38,11,5,33.00,13.00,123
2026-10-01,buenos-aires,Monserrat,1,u,0,,,42,23,12,4,30.00,15.50,135
2026-10-01,buenos-aires,Monserrat,1,u,1,,477.57,5,0,2,0,20.00,31.50,35
2026-10-01,buenos-aires,Monserrat,1,u,2,477.57,575.08,10,10,5,3,21.00,7.00,34
2026-10-01,buenos-aires,Monserrat,1,u,3,575.08,700.00,9,6,3,1,21.00,14.00,33
2026-10-01,buenos-aires,Monserrat,1,u,4,700.00,,17,7,2,0,85.00,18.50,32
2026-10-01,buenos-aires,Monserrat,2,a,0,,,175,82,56,14,37.00,19.00,452
2026-10-01,buenos-aires,Monserrat,2,a,1,,603.89,21,14,15,2,25.00,23.00,114
2026-10-01,buenos-aires,Monserrat,2,a,2,603.89,746.75,43,27,15,5,35.00,12.00,114
2026-10-01,buenos-aires,Monserrat,2,a,3,746.75,1008.44,50,26,15,4,48.00,21.00,105
2026-10-01,buenos-aires,Monserrat,2,a,4,1008.44,,54,15,11,3,47.00,19.00,110
2026-10-01,buenos-aires,Monserrat,2,f,0,,,83,28,23,6,51.00,17.00,176
2026-10-01,buenos-aires,Monserrat,2,f,1,,737.87,12,8,7,3,25.00,12.00,44
2026-10-01,buenos-aires,Monserrat,2,f,2,737.87,950.00,24,8,8,1,46.00,16.00,53
2026-10-01,buenos-aires,Monserrat,2,f,3,950.00,1200.00,24,6,4,1,,68.50,31
2026-10-01,buenos-aires,Monserrat,2,f,4,1200.00,,18,6,4,1,27.00,18.00,43
2026-10-01,buenos-aires,Monserrat,2,n,0,,,70,47,29,8,32.00,22.00,213
2026-10-01,buenos-aires,Monserrat,2,n,1,,550.16,8,6,5,0,30.00,25.00,54
2026-10-01,buenos-aires,Monserrat,2,n,2,550.16,650.07,16,8,9,2,27.00,23.00,55
2026-10-01,buenos-aires,Monserrat,2,n,3,650.07,796.11,26,20,7,4,35.00,7.00,52
2026-10-01,buenos-aires,Monserrat,2,n,4,796.11,,20,13,8,2,38.00,24.50,52
2026-10-01,buenos-aires,Monserrat,2,u,0,,,22,7,4,0,32.00,31.00,63
2026-10-01,buenos-aires,Monserrat,3,a,0,,,44,33,15,8,30.00,7.00,137
2026-10-01,buenos-aires,Monserrat,3,a,1,,844.16,9,10,5,5,30.00,3.00,34
2026-10-01,buenos-aires,Monserrat,3,a,2,844.16,1009.71,16,7,3,0,32.00,14.00,38
2026-10-01,buenos-aires,Monserrat,3,a,3,1009.71,1200.00,7,6,4,1,27.00,13.50,34
2026-10-01,buenos-aires,Monserrat,3,a,4,1200.00,,10,10,3,2,23.00,5.00,29
2026-10-01,buenos-aires,Monserrat,3,f,0,,,17,13,6,2,29.00,8.00,51
2026-10-01,buenos-aires,Monserrat,3,n,0,,,24,19,7,6,30.00,3.00,74
2026-10-01,buenos-aires,Monserrat,3,n,1,,776.70,6,9,4,4,33.00,3.00,20
2026-10-01,buenos-aires,Monserrat,4,a,0,,,25,13,9,2,42.00,14.00,55
2026-10-01,buenos-aires,Monserrat,4,n,0,,,12,7,3,2,42.00,6.00,26
2026-10-01,buenos-aires,Monte Castro,-1,a,0,,,101,76,95,4,29.00,28.00,629
2026-10-01,buenos-aires,Monte Castro,0,a,0,,,23,12,37,0,29.00,29.00,207
2026-10-01,buenos-aires,Monte Castro,0,a,1,,384.11,12,3,8,0,36.00,35.00,61
2026-10-01,buenos-aires,Monte Castro,0,a,2,384.11,429.48,1,1,8,0,29.00,29.00,46
2026-10-01,buenos-aires,Monte Castro,0,a,3,429.48,485.15,1,1,15,0,28.00,28.00,51
2026-10-01,buenos-aires,Monte Castro,0,a,4,485.15,,9,7,6,0,27.00,27.50,49
2026-10-01,buenos-aires,Monte Castro,0,n,0,,,10,3,12,0,31.00,36.00,122
2026-10-01,buenos-aires,Monte Castro,0,n,1,,360.66,7,1,5,0,36.00,36.00,35
2026-10-01,buenos-aires,Monte Castro,0,n,2,360.66,402.56,2,1,2,0,36.00,76.50,30
2026-10-01,buenos-aires,Monte Castro,0,n,3,402.56,470.59,1,1,2,0,28.00,29.50,31
2026-10-01,buenos-aires,Monte Castro,0,n,4,470.59,,0,0,3,0,28.00,27.00,26
2026-10-01,buenos-aires,Monte Castro,0,u,0,,,10,6,24,0,28.00,28.00,70
2026-10-01,buenos-aires,Monte Castro,0,u,1,,400.81,3,1,7,0,29.00,28.00,21
2026-10-01,buenos-aires,Monte Castro,1,a,0,,,49,44,31,3,28.00,28.00,275
2026-10-01,buenos-aires,Monte Castro,1,a,1,,478.96,13,12,8,1,38.00,40.00,71
2026-10-01,buenos-aires,Monte Castro,1,a,2,478.96,543.14,12,10,5,0,27.00,25.00,68
2026-10-01,buenos-aires,Monte Castro,1,a,3,543.14,616.39,12,11,7,2,28.00,23.00,73
2026-10-01,buenos-aires,Monte Castro,1,a,4,616.39,,12,11,11,0,28.00,28.00,62
2026-10-01,buenos-aires,Monte Castro,1,n,0,,,11,8,9,0,29.00,35.00,151
2026-10-01,buenos-aires,Monte Castro,1,n,1,,457.52,5,3,4,0,42.00,56.50,39
2026-10-01,buenos-aires,Monte Castro,1,n,2,457.52,526.49,1,1,0,0,27.00,,39
2026-10-01,buenos-aires,Monte Castro,1,n,3,526.49,582.78,3,3,3,0,29.00,23.00,39
2026-10-01,buenos-aires,Monte Castro,1,n,4,582.78,,2,1,2,0,27.00,27.00,34
2026-10-01,buenos-aires,Monte Castro,1,u,0,,,36,35,21,3,28.00,27.00,106
2026-10-01,buenos-aires,Monte Castro,1,u,1,,482.32,10,10,4,1,33.00,21.50,25
2026-10-01,buenos-aires,Monte Castro,1,u,2,482.32,545.05,8,8,4,0,28.00,26.50,29
2026-10-01,buenos-aires,Monte Castro,1,u,3,545.05,644.01,8,7,6,2,28.00,24.50,24
2026-10-01,buenos-aires,Monte Castro,1,u,4,644.01,,10,10,7,0,28.00,28.00,27
2026-10-01,buenos-aires,Monte Castro,2,a,0,,,21,14,19,0,28.00,28.00,109
2026-10-01,buenos-aires,Monte Castro,2,a,1,,649.35,8,5,5,0,30.00,23.00,30
2026-10-01,buenos-aires,Monte Castro,2,a,2,649.35,815.74,6,3,6,0,28.00,28.00,31
2026-10-01,buenos-aires,Monte Castro,2,a,3,815.74,970.87,2,2,8,0,29.00,29.00,25
2026-10-01,buenos-aires,Monte Castro,2,a,4,970.87,,5,4,0,0,27.00,,23
2026-10-01,buenos-aires,Monte Castro,2,n,0,,,5,3,5,0,31.00,43.00,51
2026-10-01,buenos-aires,Monte Castro,2,u,0,,,15,10,13,0,27.00,28.00,48
2026-10-01,buenos-aires,Monte Castro,3,a,0,,,8,6,8,1,29.00,26.50,35
2026-10-01,buenos-aires,Moreno,-1,a,0,,,31,29,56,0,31.00,28.00,1039
2026-10-01,buenos-aires,Moreno,0,a,0,,,1,1,8,0,30.00,28.00,226
2026-10-01,buenos-aires,Moreno,0,a,1,,290.73,0,0,5,0,28.00,28.00,54
2026-10-01,buenos-aires,Moreno,0,a,2,290.73,392.16,1,1,2,0,27.00,27.50,51
2026-10-01,buenos-aires,Moreno,0,a,3,392.16,1200.00,0,0,1,0,30.00,23.00,58
2026-10-01,buenos-aires,Moreno,0,a,4,1200.00,,0,0,0,0,48.00,,60
2026-10-01,buenos-aires,Moreno,0,n,0,,,0,0,0,0,35.00,,91
2026-10-01,buenos-aires,Moreno,0,n,1,,261.44,0,0,0,0,34.00,,25
2026-10-01,buenos-aires,Moreno,0,n,2,261.44,326.80,0,0,0,0,26.00,,22
2026-10-01,buenos-aires,Moreno,0,n,3,326.80,500.00,0,0,0,0,30.00,,21
2026-10-01,buenos-aires,Moreno,0,n,4,500.00,,0,0,0,0,54.00,,23
2026-10-01,buenos-aires,Moreno,0,u,0,,,1,1,8,0,29.00,28.00,127
2026-10-01,buenos-aires,Moreno,0,u,1,,317.88,0,0,5,0,27.00,28.00,29
2026-10-01,buenos-aires,Moreno,0,u,2,317.88,467.95,1,1,3,0,29.00,26.00,30
2026-10-01,buenos-aires,Moreno,0,u,3,467.95,1500.00,0,0,0,0,28.00,,32
2026-10-01,buenos-aires,Moreno,0,u,4,1500.00,,0,0,0,0,44.00,,33
2026-10-01,buenos-aires,Moreno,1,a,0,,,15,13,25,0,31.00,28.00,424
2026-10-01,buenos-aires,Moreno,1,a,1,,295.08,1,1,6,0,32.00,27.50,113
2026-10-01,buenos-aires,Moreno,1,a,2,295.08,357.62,2,2,6,0,31.00,27.00,103
2026-10-01,buenos-aires,Moreno,1,a,3,357.62,445.90,5,4,6,0,33.00,28.00,100
2026-10-01,buenos-aires,Moreno,1,a,4,445.90,,6,5,7,0,30.00,28.00,106
2026-10-01,buenos-aires,Moreno,1,n,0,,,0,0,2,0,36.00,28.50,296
2026-10-01,buenos-aires,Moreno,1,n,1,,294.12,0,0,0,0,40.00,,83
2026-10-01,buenos-aires,Moreno,1,n,2,294.12,344.37,0,0,0,0,31.00,,66
2026-10-01,buenos-aires,Moreno,1,n,3,344.37,416.39,0,0,1,0,37.00,28.00,74
2026-10-01,buenos-aires,Moreno,1,n,4,416.39,,0,0,1,0,31.00,29.00,72
2026-10-01,buenos-aires,Moreno,1,u,0,,,15,13,22,0,28.00,28.00,114
2026-10-01,buenos-aires,Moreno,1,u,1,,313.53,1,1,7,0,28.00,28.00,29
2026-10-01,buenos-aires,Moreno,1,u,2,313.53,393.45,4,3,5,0,28.00,26.00,23
2026-10-01,buenos-aires,Moreno,1,u,3,393.45,517.80,5,5,5,0,28.00,28.00,30
2026-10-01,buenos-aires,Moreno,1,u,4,517.80,,4,3,5,0,32.00,28.00,31
2026-10-01,buenos-aires,Moreno,2,a,0,,,8,8,17,0,30.00,28.00,268
2026-10-01,buenos-aires,Moreno,2,a,1,,424.84,1,1,3,0,29.00,26.00,70
2026-10-01,buenos-aires,Moreno,2,a,2,424.84,519.48,3,3,1,0,31.00,26.00,71
2026-10-01,buenos-aires,Moreno,2,a,3,519.48,590.16,3,3,7,0,31.00,27.00,66
2026-10-01,buenos-aires,Moreno,2,a,4,590.16,,1,1,6,0,29.00,28.00,59
2026-10-01,buenos-aires,Moreno,2,n,0,,,0,0,1,0,35.00,28.00,175
2026-10-01,buenos-aires,Moreno,2,n,1,,419.67,0,0,0,0,35.00,,46
2026-10-01,buenos-aires,Moreno,2,n,2,419.67,491.80,0,0,0,0,35.00,,45
2026-10-01,buenos-aires,Moreno,2,n,3,491.80,565.52,0,0,1,0,37.00,28.00,40
2026-10-01,buenos-aires,Moreno,2,n,4,565.52,,0,0,0,0,29.00,,42
2026-10-01,buenos-aires,Moreno,2,u,0,,,8,8,14,0,28.00,27.00,86
2026-10-01,buenos-aires,Moreno,2,u,1,,450.16,1,1,3,0,27.00,26.00,21
2026-10-01,buenos-aires,Moreno,2,u,2,450.16,546.62,4,4,1,0,28.00,26.00,26
2026-10-01,buenos-aires,Moreno,2,u,3,546.62,655.74,2,2,7,0,32.00,27.00,20
2026-10-01,buenos-aires,Moreno,3,a,0,,,5,5,1,0,31.00,23.00,69
2026-10-01,buenos-aires,Moreno,3,n,0,,,1,1,0,0,35.00,,23
2026-10-01,buenos-aires,Moreno,3,u,0,,,4,4,1,0,29.00,23.00,36
2026-10-01,buenos-aires,Moreno,4,a,0,,,2,2,5,0,35.00,28.00,52
2026-10-01,buenos-aires,Morón,-1,a,0,,,449,345,594,27,29.00,27.00,5038
2026-10-01,buenos-aires,Morón,0,a,0,,,130,90,120,7,31.00,27.00,1264
2026-10-01,buenos-aires,Morón,0,a,1,,262.30,15,13,14,1,33.00,23.50,324
2026-10-01,buenos-aires,Morón,0,a,2,262.30,307.19,22,17,30,2,30.00,27.00,303
2026-10-01,buenos-aires,Morón,0,a,3,307.19,375.86,31,28,41,2,29.00,28.00,298
2026-10-01,buenos-aires,Morón,0,a,4,375.86,,61,32,34,2,32.00,27.00,325
2026-10-01,buenos-aires,Morón,0,f,0,,,4,5,9,1,33.00,28.00,58
2026-10-01,buenos-aires,Morón,0,n,0,,,29,15,19,2,32.00,27.00,698
2026-10-01,buenos-aires,Morón,0,n,1,,254.90,1,1,1,0,37.00,28.00,181
2026-10-01,buenos-aires,Morón,0,n,2,254.90,291.26,10,5,5,0,32.00,20.00,182
2026-10-01,buenos-aires,Morón,0,n,3,291.26,333.34,6,4,7,2,31.00,22.00,175
2026-10-01,buenos-aires,Morón,0,n,4,333.34,,12,5,6,0,31.00,27.00,160
2026-10-01,buenos-aires,Morón,0,u,0,,,97,70,92,4,29.00,27.00,508
2026-10-01,buenos-aires,Morón,0,u,1,,283.83,12,10,27,1,28.00,27.00,112
2026-10-01,buenos-aires,Morón,0,u,2,283.83,336.56,22,21,27,1,28.00,28.00,111
2026-10-01,buenos-aires,Morón,0,u,3,336.56,550.16,21,20,32,1,28.00,28.00,124
2026-10-01,buenos-aires,Morón,0,u,4,550.16,,41,19,5,1,39.00,27.00,148
2026-10-01,buenos-aires,Morón,1,a,0,,,190,153,304,10,29.00,27.00,2437
2026-10-01,buenos-aires,Morón,1,a,1,,342.86,23,22,50,3,30.00,27.00,606
2026-10-01,buenos-aires,Morón,1,a,2,342.86,396.72,41,31,56,3,30.00,27.00,608
2026-10-01,buenos-aires,Morón,1,a,3,396.72,459.55,56,48,92,3,29.00,27.00,603
2026-10-01,buenos-aires,Morón,1,a,4,459.55,,70,52,103,1,29.00,27.00,602
2026-10-01,buenos-aires,Morón,1,f,0,,,9,9,14,1,30.00,28.00,110
2026-10-01,buenos-aires,Morón,1,f,1,,419.35,1,1,4,0,29.00,28.50,29
2026-10-01,buenos-aires,Morón,1,f,2,419.35,485.44,2,3,5,1,29.00,28.00,28
2026-10-01,buenos-aires,Morón,1,f,3,485.44,550.00,4,4,2,0,31.00,28.00,29
2026-10-01,buenos-aires,Morón,1,f,4,550.00,,2,1,3,0,37.00,28.00,24
2026-10-01,buenos-aires,Morón,1,n,0,,,55,25,56,4,33.00,27.00,1519
2026-10-01,buenos-aires,Morón,1,n,1,,327.81,3,2,6,0,33.00,30.00,386
2026-10-01,buenos-aires,Morón,1,n,2,327.81,383.82,11,7,12,3,34.00,27.50,375
2026-10-01,buenos-aires,Morón,1,n,3,383.82,437.91,17,5,20,1,32.00,27.00,382
2026-10-01,buenos-aires,Morón,1,n,4,437.91,,24,11,18,0,33.00,28.50,372
2026-10-01,buenos-aires,Morón,1,u,0,,,126,119,234,5,28.00,27.00,808
2026-10-01,buenos-aires,Morón,1,u,1,,361.20,25,26,50,2,28.00,27.00,195
2026-10-01,buenos-aires,Morón,1,u,2,361.20,419.35,30,28,57,1,28.00,27.00,194
2026-10-01,buenos-aires,Morón,1,u,3,419.35,485.44,40,39,64,2,28.00,27.00,206
2026-10-01,buenos-aires,Morón,1,u,4,485.44,,31,26,60,0,28.00,27.00,199
2026-10-01,buenos-aires,Morón,2,a,0,,,95,73,118,6,29.00,27.00,969
2026-10-01,buenos-aires,Morón,2,a,1,,480.77,29,24,22,2,31.00,27.00,245
2026-10-01,buenos-aires,Morón,2,a,2,480.77,557.38,23,18,29,0,29.00,27.00,249
2026-10-01,buenos-aires,Morón,2,a,3,557.38,709.22,25,19,37,1,29.00,27.00,238
2026-10-01,buenos-aires,Morón,2,a,4,709.22,,18,12,30,3,28.00,28.00,234
2026-10-01,buenos-aires,Morón,2,f,0,,,6,5,6,0,31.00,26.00,33
2026-10-01,buenos-aires,Morón,2,n,0,,,29,17,25,2,31.00,27.00,561
2026-10-01,buenos-aires,Morón,2,n,1,,459.02,6,2,2,0,32.00,37.00,144
2026-10-01,buenos-aires,Morón,2,n,2,459.02,546.05,10,7,4,0,32.00,24.50,140
2026-10-01,buenos-aires,Morón,2,n,3,546.05,665.56,7,4,9,1,29.00,27.00,143
2026-10-01,buenos-aires,Morón,2,n,4,665.56,,6,4,10,1,33.00,39.00,134
2026-10-01,buenos-aires,Morón,2,u,0,,,60,51,87,4,28.00,27.00,375
2026-10-01,buenos-aires,Morón,2,u,1,,485.44,24,23,23,2,28.00,27.00,90
2026-10-01,buenos-aires,Morón,2,u,2,485.44,559.21,9,8,18,0,28.00,27.50,99
2026-10-01,buenos-aires,Morón,2,u,3,559.21,721.31,19,16,29,1,28.00,27.00,96
2026-10-01,buenos-aires,Morón,2,u,4,721.31,,8,4,17,1,28.00,27.00,88
2026-10-01,buenos-aires,Morón,3,a,0,,,22,17,34,3,30.00,28.00,278
2026-10-01,buenos-aires,Morón,3,a,1,,608.11,1,1,9,0,29.00,27.00,64
2026-10-01,buenos-aires,Morón,3,a,2,608.11,836.01,6,4,10,1,29.00,27.50,69
2026-10-01,buenos-aires,Morón,3,a,3,836.01,1114.75,2,3,9,1,30.00,28.00,79
2026-10-01,buenos-aires,Morón,3,a,4,1114.75,,13,9,6,1,33.00,27.50,65
2026-10-01,buenos-aires,Morón,3,n,0,,,9,4,10,2,33.00,28.00,150
2026-10-01,buenos-aires,Morón,3,n,1,,592.11,0,0,3,0,37.00,28.00,39
2026-10-01,buenos-aires,Morón,3,n,2,592.11,833.33,2,1,3,1,31.00,22.00,34
2026-10-01,buenos-aires,Morón,3,n,3,833.33,1081.97,0,1,3,1,29.00,28.00,40
2026-10-01,buenos-aires,Morón,3,n,4,1081.97,,7,2,1,0,39.00,30.00,37
2026-10-01,buenos-aires,Morón,3,u,0,,,13,12,22,0,28.00,27.50,110
2026-10-01,buenos-aires,Morón,3,u,1,,608.97,1,1,7,0,28.00,24.00,24
2026-10-01,buenos-aires,Morón,3,u,2,608.97,819.67,3,3,6,0,29.00,28.00,30
2026-10-01,buenos-aires,Morón,3,u,3,819.67,1200.00,4,3,5,0,29.00,28.00,30
2026-10-01,buenos-aires,Morón,3,u,4,1200.00,,5,5,4,0,28.00,27.50,26
2026-10-01,buenos-aires,Morón,4,a,0,,,12,12,18,1,29.00,26.50,90
2026-10-01,buenos-aires,Morón,4,a,1,,794.70,1,1,4,0,30.00,27.00,22
2026-10-01,buenos-aires,Morón,4,a,2,794.70,1153.85,5,5,5,0,28.00,22.00,22
2026-10-01,buenos-aires,Morón,4,a,3,1153.85,1602.56,5,5,5,1,28.00,26.00,24
2026-10-01,buenos-aires,Morón,4,a,4,1602.56,,1,1,4,0,29.00,28.00,22
2026-10-01,buenos-aires,Morón,4,n,0,,,4,4,5,0,34.00,23.00,42
2026-10-01,buenos-aires,Morón,4,u,0,,,7,8,12,1,27.00,26.50,45
2026-10-01,buenos-aires,Munro,-1,a,0,,,71,41,42,12,25.00,14.50,228
2026-10-01,buenos-aires,Munro,0,a,0,,,30,23,23,7,27.00,23.00,97
2026-10-01,buenos-aires,Munro,0,a,1,,331.15,4,3,5,1,27.00,20.00,21
2026-10-01,buenos-aires,Munro,0,a,2,331.15,2165.61,9,5,5,1,27.00,23.00,23
2026-10-01,buenos-aires,Munro,0,a,3,2165.61,5800.00,10,9,9,3,27.00,26.00,28
2026-10-01,buenos-aires,Munro,0,n,0,,,3,1,4,1,9.00,21.50,22
2026-10-01,buenos-aires,Munro,0,u,0,,,27,22,19,6,28.00,26.00,74
2026-10-01,buenos-aires,Munro,1,a,0,,,14,8,4,3,24.00,6.50,35
2026-10-01,buenos-aires,Munro,1,u,0,,,10,5,2,1,25.00,11.50,21
2026-10-01,buenos-aires,Munro,2,a,0,,,17,7,11,2,21.00,13.00,58
2026-10-01,buenos-aires,Munro,2,n,0,,,6,1,3,0,21.00,14.00,20
2026-10-01,buenos-aires,Munro,2,u,0,,,11,6,8,2,20.00,12.00,38
2026-10-01,buenos-aires,Munro,3,a,0,,,6,2,2,0,22.00,26.50,28
2026-10-01,buenos-aires,Nordelta,-1,a,0,,,1167,728,888,29,29.00,28.00,5857
2026-10-01,buenos-aires,Nordelta,0,a,0,,,168,77,85,1,29.00,28.00,670
2026-10-01,buenos-aires,Nordelta,0,a,1,,600.00,33,12,32,0,28.00,28.00,178
2026-10-01,buenos-aires,Nordelta,0,a,2,600.00,850.00,45,26,15,0,33.00,28.00,172
2026-10-01,buenos-aires,Nordelta,0,a,3,850.00,1200.00,39,12,21,0,36.00,25.00,154
2026-10-01,buenos-aires,Nordelta,0,a,4,1200.00,,51,27,16,1,29.00,28.50,161
2026-10-01,buenos-aires,Nordelta,0,f,0,,,47,24,21,1,31.00,28.00,219
2026-10-01,buenos-aires,Nordelta,0,f,1,,750.00,18,11,10,0,31.00,28.00,73
2026-10-01,buenos-aires,Nordelta,0,f,2,750.00,850.00,8,3,4,0,30.00,29.50,50
2026-10-01,buenos-aires,Nordelta,0,f,3,850.00,1100.00,12,4,3,0,38.00,28.00,51
2026-10-01,buenos-aires,Nordelta,0,f,4,1100.00,,9,6,4,1,31.00,26.00,44
2026-10-01,buenos-aires,Nordelta,0,n,0,,,21,12,15,0,26.00,23.00,158
2026-10-01,buenos-aires,Nordelta,0,n,1,,550.00,3,1,3,0,30.00,26.00,44
2026-10-01,buenos-aires,Nordelta,0,n,2,550.00,950.00,2,1,3,0,29.00,29.00,36
2026-10-01,buenos-aires,Nordelta,0,n,3,950.00,1200.00,9,3,9,0,22.00,22.00,40
2026-10-01,buenos-aires,Nordelta,0,n,4,1200.00,,7,7,0,0,21.00,,37
2026-10-01,buenos-aires,Nordelta,0,u,0,,,100,41,49,0,30.00,28.00,293
2026-10-01,buenos-aires,Nordelta,0,u,1,,516.13,20,5,17,0,28.00,27.00,76
2026-10-01,buenos-aires,Nordelta,0,u,2,516.13,800.00,24,14,11,0,29.00,28.00,71
2026-10-01,buenos-aires,Nordelta,0,u,3,800.00,1435.44,25,10,9,0,38.00,28.00,68
2026-10-01,buenos-aires,Nordelta,0,u,4,1435.44,,31,12,11,0,30.00,28.00,75
2026-10-01,buenos-aires,Nordelta,1,a,0,,,281,155,178,7,32.00,28.00,1590
2026-10-01,buenos-aires,Nordelta,1,a,1,,750.00,71,42,72,2,31.00,28.00,490
2026-10-01,buenos-aires,Nordelta,1,a,2,750.00,915.03,54,33,40,1,31.00,26.00,367
2026-10-01,buenos-aires,Nordelta,1,a,3,915.03,1200.00,66,36,29,2,31.00,28.00,375
2026-10-01,buenos-aires,Nordelta,1,a,4,1200.00,,89,43,33,2,38.00,27.00,349
2026-10-01,buenos-aires,Nordelta,1,f,0,,,155,72,75,4,34.00,27.00,766
2026-10-01,buenos-aires,Nordelta,1,f,1,,850.00,32,18,27,0,34.00,28.00,211
2026-10-01,buenos-aires,Nordelta,1,f,2,850.00,1100.00,40,18,14,0,31.00,27.50,205
2026-10-01,buenos-aires,Nordelta,1,f,3,1100.00,1350.00,40,17,21,3,35.00,25.00,195
2026-10-01,buenos-aires,Nordelta,1,f,4,1350.00,,42,18,10,1,35.00,26.00,148
2026-10-01,buenos-aires,Nordelta,1,n,0,,,59,30,45,0,34.00,28.00,521
2026-10-01,buenos-aires,Nordelta,1,n,1,,650.00,15,7,10,0,35.00,26.50,164
2026-10-01,buenos-aires,Nordelta,1,n,2,650.00,750.00,16,8,18,0,32.00,28.00,130
2026-10-01,buenos-aires,Nordelta,1,n,3,750.00,914.24,11,6,9,0,32.00,28.00,114
2026-10-01,buenos-aires,Nordelta,1,n,4,914.24,,17,9,8,0,36.00,28.50,113
2026-10-01,buenos-aires,Nordelta,1,u,0,,,67,53,58,3,29.00,27.00,303
2026-10-01,buenos-aires,Nordelta,1,u,1,,750.00,23,17,30,2,28.00,28.00,102
2026-10-01,buenos-aires,Nordelta,1,u,2,750.00,902.70,16,15,16,1,29.00,22.50,69
2026-10-01,buenos-aires,Nordelta,1,u,3,902.70,1200.00,11,10,7,0,28.00,28.00,66
2026-10-01,buenos-aires,Nordelta,1,u,4,1200.00,,17,11,4,0,45.00,28.50,64
2026-10-01,buenos-aires,Nordelta,2,a,0,,,271,184,218,9,28.00,28.00,1316
2026-10-01,buenos-aires,Nordelta,2,a,1,,1150.00,69,43,55,1,29.00,28.00,366
2026-10-01,buenos-aires,Nordelta,2,a,2,1150.00,1457.23,66,48,63,3,28.00,27.00,315
2026-10-01,buenos-aires,Nordelta,2,a,3,1457.23,1900.00,68,49,57,3,27.00,27.00,326
2026-10-01,buenos-aires,Nordelta,2,a,4,1900.00,,67,43,42,2,29.00,28.00,302
2026-10-01,buenos-aires,Nordelta,2,f,0,,,91,60,57,3,28.00,28.00,410
2026-10-01,buenos-aires,Nordelta,2,f,1,,1300.00,25,15,22,0,27.00,28.00,120
2026-10-01,buenos-aires,Nordelta,2,f,2,1300.00,1600.00,24,17,16,2,27.00,27.50,106
2026-10-01,buenos-aires,Nordelta,2,f,3,1600.00,2000.00,18,11,9,0,23.00,23.00,87
2026-10-01,buenos-aires,Nordelta,2,f,4,2000.00,,23,16,9,1,29.00,28.00,93
2026-10-01,buenos-aires,Nordelta,2,n,0,,,115,73,73,5,29.00,27.00,595
2026-10-01,buenos-aires,Nordelta,2,n,1,,1046.36,25,14,19,0,29.00,28.00,155
2026-10-01,buenos-aires,Nordelta,2,n,2,1046.36,1324.84,31,19,15,1,29.00,26.00,155
2026-10-01,buenos-aires,Nordelta,2,n,3,1324.84,1800.00,30,23,23,3,27.00,26.00,151
2026-10-01,buenos-aires,Nordelta,2,n,4,1800.00,,29,17,16,1,29.00,28.00,132
2026-10-01,buenos-aires,Nordelta,2,u,0,,,65,51,88,1,28.00,28.00,311
2026-10-01,buenos-aires,Nordelta,2,u,1,,1100.00,24,17,22,1,28.00,27.00,100
2026-10-01,buenos-aires,Nordelta,2,u,2,1100.00,1343.44,15,14,23,0,28.00,28.00,66
2026-10-01,buenos-aires,Nordelta,2,u,3,1343.44,1800.00,13,10,25,0,28.00,27.00,83
2026-10-01,buenos-aires,Nordelta,2,u,4,1800.00,,13,10,18,0,29.00,28.00,61
2026-10-01,buenos-aires,Nordelta,3,a,0,,,167,110,150,4,29.00,28.00,799
2026-10-01,buenos-aires,Nordelta,3,a,1,,2300.00,40,32,36,0,30.00,27.00,203
2026-10-01,buenos-aires,Nordelta,3,a,2,2300.00,3000.00,45,26,59,1,28.00,28.00,239
2026-10-01,buenos-aires,Nordelta,3,a,3,3000.00,4000.00,38,28,31,1,29.00,27.00,169
2026-10-01,buenos-aires,Nordelta,3,a,4,4000.00,,43,24,24,2,29.00,26.50,184
2026-10-01,buenos-aires,Nordelta,3,f,0,,,55,34,43,3,28.00,27.00,276
2026-10-01,buenos-aires,Nordelta,3,f,1,,2900.00,10,7,16,1,28.00,28.00,84
2026-10-01,buenos-aires,Nordelta,3,f,2,2900.00,3800.00,13,9,12,0,28.00,28.00,58
2026-10-01,buenos-aires,Nordelta,3,f,3,3800.00,5300.00,14,6,2,0,27.00,26.00,65
2026-10-01,buenos-aires,Nordelta,3,f,4,5300.00,,18,12,13,2,25.00,25.00,68
2026-10-01,buenos-aires,Nordelta,3,n,0,,,62,38,32,1,31.00,28.00,304
2026-10-01,buenos-aires,Nordelta,3,n,1,,2100.00,14,9,8,0,39.00,27.00,78
2026-10-01,buenos-aires,Nordelta,3,n,2,2100.00,2800.00,19,11,11,0,29.00,29.00,88
2026-10-01,buenos-aires,Nordelta,3,n,3,2800.00,3748.39,17,12,9,1,30.00,29.00,71
2026-10-01,buenos-aires,Nordelta,3,n,4,3748.39,,12,6,4,0,33.00,26.00,67
2026-10-01,buenos-aires,Nordelta,3,u,0,,,50,38,75,0,28.00,28.00,219
2026-10-01,buenos-aires,Nordelta,3,u,1,,1779.93,17,16,18,0,29.00,27.00,60
2026-10-01,buenos-aires,Nordelta,3,u,2,1779.93,2800.00,13,8,30,0,28.00,28.00,73
2026-10-01,buenos-aires,Nordelta,3,u,3,2800.00,3500.00,12,10,14,0,28.00,26.50,45
2026-10-01,buenos-aires,Nordelta,3,u,4,3500.00,,7,4,13,0,29.00,28.00,38
2026-10-01,buenos-aires,Nordelta,4,a,0,,,280,202,257,8,27.00,27.00,1482
2026-10-01,buenos-aires,Nordelta,4,a,1,,4700.00,66,49,58,3,28.00,28.00,364
2026-10-01,buenos-aires,Nordelta,4,a,2,4700.00,6900.00,68,53,81,3,27.00,26.00,363
2026-10-01,buenos-aires,Nordelta,4,a,3,6900.00,12000.00,94,61,69,1,25.00,27.00,468
2026-10-01,buenos-aires,Nordelta,4,a,4,12000.00,,45,31,43,0,25.00,24.00,260
2026-10-01,buenos-aires,Nordelta,4,f,0,,,142,93,141,3,23.00,25.00,804
2026-10-01,buenos-aires,Nordelta,4,f,1,,5000.00,37,24,27,1,28.00,28.00,201
2026-10-01,buenos-aires,Nordelta,4,f,2,5000.00,7500.00,26,19,49,2,26.00,26.00,190
2026-10-01,buenos-aires,Nordelta,4,f,3,7500.00,12000.00,53,32,41,0,22.00,24.00,291
2026-10-01,buenos-aires,Nordelta,4,f,4,12000.00,,22,14,20,0,22.00,23.00,103
2026-10-01,buenos-aires,Nordelta,4,n,0,,,78,51,46,2,29.00,28.00,424
2026-10-01,buenos-aires,Nordelta,4,n,1,,4000.00,20,12,12,0,28.00,27.50,110
2026-10-01,buenos-aires,Nordelta,4,n,2,4000.00,7500.00,19,13,15,1,29.00,29.00,101
2026-10-01,buenos-aires,Nordelta,4,n,3,7500.00,15000.00,34,20,18,0,28.00,28.00,202
2026-10-01,buenos-aires,Nordelta,4,u,0,,,60,58,70,3,28.00,28.00,254
2026-10-01,buenos-aires,Nordelta,4,u,1,,3800.00,16,18,18,2,28.00,27.50,69
2026-10-01,buenos-aires,Nordelta,4,u,2,3800.00,6500.00,19,19,21,1,28.00,26.00,83
2026-10-01,buenos-aires,Nordelta,4,u,3,6500.00,9000.00,12,8,11,0,29.00,28.00,43
2026-10-01,buenos-aires,Nordelta,4,u,4,9000.00,,10,10,19,0,28.00,28.00,52
2026-10-01,buenos-aires,Nueva Pompeya,-1,a,0,,,33,25,25,4,32.00,26.00,168
2026-10-01,buenos-aires,Nueva Pompeya,0,a,0,,,9,7,3,1,34.00,23.00,40
2026-10-01,buenos-aires,Nueva Pompeya,0,n,0,,,0,0,0,0,38.00,,21
2026-10-01,buenos-aires,Nueva Pompeya,1,a,0,,,8,5,9,1,36.00,26.00,45
2026-10-01,buenos-aires,Nueva Pompeya,1,n,0,,,0,0,0,0,32.00,,22
2026-10-01,buenos-aires,Nueva Pompeya,1,u,0,,,8,5,9,1,41.00,26.00,23
2026-10-01,buenos-aires,Nueva Pompeya,2,a,0,,,14,12,10,2,29.00,26.50,67
2026-10-01,buenos-aires,Nueva Pompeya,2,a,1,,508.25,4,4,3,1,34.00,25.00,20
2026-10-01,buenos-aires,Nueva Pompeya,2,n,0,,,2,1,3,1,36.00,25.00,37
2026-10-01,buenos-aires,Nueva Pompeya,2,u,0,,,12,11,7,1,28.00,28.00,29
2026-10-01,buenos-aires,Núñez,-1,a,0,,,1774,712,559,118,32.00,17.00,4581
2026-10-01,buenos-aires,Núñez,0,a,0,,,501,200,181,36,32.00,18.00,1301
2026-10-01,buenos-aires,Núñez,0,a,1,,480.00,75,29,52,8,23.00,21.00,331
2026-10-01,buenos-aires,Núñez,0,a,2,480.00,564.90,119,50,49,13,31.00,12.00,323
2026-10-01,buenos-aires,Núñez,0,a,3,564.90,679.61,146,63,45,8,32.00,15.00,322
2026-10-01,buenos-aires,Núñez,0,a,4,679.61,,157,58,35,7,49.00,19.00,321
2026-10-01,buenos-aires,Núñez,0,f,0,,,152,55,45,11,38.00,15.00,330
2026-10-01,buenos-aires,Núñez,0,f,1,,563.11,30,9,9,3,31.00,17.00,84
2026-10-01,buenos-aires,Núñez,0,f,2,563.11,650.00,43,18,15,3,34.00,15.00,88
2026-10-01,buenos-aires,Núñez,0,f,3,650.00,769.21,35,10,14,1,47.00,18.50,73
2026-10-01,buenos-aires,Núñez,0,f,4,769.21,,40,18,7,4,59.00,6.00,81
2026-10-01,buenos-aires,Núñez,0,n,0,,,274,115,114,22,30.00,18.00,757
2026-10-01,buenos-aires,Núñez,0,n,1,,453.07,44,21,40,7,23.00,21.00,191
2026-10-01,buenos-aires,Núñez,0,n,2,453.07,517.80,52,30,29,7,28.00,13.00,194
2026-10-01,buenos-aires,Núñez,0,n,3,517.80,614.88,75,26,31,7,32.00,14.00,184
2026-10-01,buenos-aires,Núñez,0,n,4,614.88,,103,38,14,1,73.00,24.50,188
2026-10-01,buenos-aires,Núñez,0,u,0,,,75,30,22,3,30.00,16.50,214
2026-10-01,buenos-aires,Núñez,0,u,1,,506.49,16,5,5,1,33.00,12.00,55
2026-10-01,buenos-aires,Núñez,0,u,2,506.49,582.53,17,7,6,1,19.00,14.00,53
2026-10-01,buenos-aires,Núñez,0,u,3,582.53,695.43,20,8,6,0,32.00,29.00,54
2026-10-01,buenos-aires,Núñez,0,u,4,695.43,,22,10,5,1,31.00,26.00,52
2026-10-01,buenos-aires,Núñez,1,a,0,,,710,281,183,42,31.00,15.00,1801
2026-10-01,buenos-aires,Núñez,1,a,1,,600.00,144,64,60,17,24.00,12.50,462
2026-10-01,buenos-aires,Núñez,1,a,2,600.00,776.70,171,74,43,8,30.00,20.00,447
2026-10-01,buenos-aires,Núñez,1,a,3,776.70,990.00,192,75,46,11,34.00,14.00,445
2026-10-01,buenos-aires,Núñez,1,a,4,990.00,,190,68,34,6,43.00,20.00,430
2026-10-01,buenos-aires,Núñez,1,f,0,,,207,83,47,18,58.00,12.00,436
2026-10-01,buenos-aires,Núñez,1,f,1,,780.00,43,21,12,6,49.00,8.00,109
2026-10-01,buenos-aires,Núñez,1,f,2,780.00,900.00,44,27,19,6,31.00,12.00,107
2026-10-01,buenos-aires,Núñez,1,f,3,900.00,1142.62,51,12,5,2,53.00,28.00,105
2026-10-01,buenos-aires,Núñez,1,f,4,1142.62,,58,23,11,4,76.00,14.00,104
2026-10-01,buenos-aires,Núñez,1,n,0,,,389,161,115,19,30.00,17.00,1073
2026-10-01,buenos-aires,Núñez,1,n,1,,550.16,82,34,31,7,24.00,14.00,279
2026-10-01,buenos-aires,Núñez,1,n,2,550.16,686.08,104,51,31,6,28.00,13.00,264
2026-10-01,buenos-aires,Núñez,1,n,3,686.08,906.15,117,42,33,4,33.00,20.00,271
2026-10-01,buenos-aires,Núñez,1,n,4,906.15,,86,34,20,2,31.00,22.50,259
2026-10-01,buenos-aires,Núñez,1,u,0,,,114,37,21,5,31.00,14.00,292
2026-10-01,buenos-aires,Núñez,1,u,1,,666.37,19,8,9,4,14.00,9.00,73
2026-10-01,buenos-aires,Núñez,1,u,2,666.37,834.95,16,4,5,1,25.00,13.00,71
2026-10-01,buenos-aires,Núñez,1,u,3,834.95,1012.82,46,15,2,0,,13.00,70
2026-10-01,buenos-aires,Núñez,1,u,4,1012.82,,31,10,5,0,32.00,22.00,72
2026-10-01,buenos-aires,Núñez,2,a,0,,,323,143,108,27,29.00,14.50,942
2026-10-01,buenos-aires,Núñez,2,a,1,,904.29,57,25,27,6,24.00,13.00,229
2026-10-01,buenos-aires,Núñez,2,a,2,904.29,1200.00,96,51,24,9,32.00,9.00,241
2026-10-01,buenos-aires,Núñez,2,a,3,1200.00,1700.00,75,36,34,6,30.00,21.00,242
2026-10-01,buenos-aires,Núñez,2,a,4,1700.00,,82,30,23,6,29.00,18.00,213
2026-10-01,buenos-aires,Núñez,2,f,0,,,123,55,34,9,40.00,22.00,253
2026-10-01,buenos-aires,Núñez,2,f,1,,1200.00,38,25,8,5,67.00,3.50,68
2026-10-01,buenos-aires,Núñez,2,f,2,1200.00,1500.00,24,13,11,0,38.00,40.00,65
2026-10-01,buenos-aires,Núñez,2,f,3,1500.00,1935.28,24,7,7,2,31.00,22.00,53
2026-10-01,buenos-aires,Núñez,2,f,4,1935.28,,30,10,8,2,36.00,19.00,60
2026-10-01,buenos-aires,Núñez,2,n,0,,,153,73,59,15,24.00,13.00,545
2026-10-01,buenos-aires,Núñez,2,n,1,,808.36,25,13,13,4,20.00,13.00,138
2026-10-01,buenos-aires,Núñez,2,n,2,808.36,1028.94,43,23,18,4,22.00,13.00,134
2026-10-01,buenos-aires,Núñez,2,n,3,1028.94,1450.00,52,17,13,1,33.00,15.00,138
2026-10-01,buenos-aires,Núñez,2,n,4,1450.00,,32,20,15,6,21.00,12.00,134
2026-10-01,buenos-aires,Núñez,2,u,0,,,47,15,15,3,25.00,12.00,144
2026-10-01,buenos-aires,Núñez,2,u,1,,950.00,10,4,6,2,25.00,10.50,34
2026-10-01,buenos-aires,Núñez,2,u,2,950.00,1258.06,6,2,4,0,18.00,23.00,34
2026-10-01,buenos-aires,Núñez,2,u,3,1258.06,1747.57,13,5,1,0,31.00,83.00,34
2026-10-01,buenos-aires,Núñez,2,u,4,1747.57,,13,3,4,1,23.00,12.00,33
2026-10-01,buenos-aires,Núñez,3,a,0,,,199,77,73,12,47.00,22.00,438
2026-10-01,buenos-aires,Núñez,3,a,1,,1500.00,55,12,19,4,32.00,20.00,134
2026-10-01,buenos-aires,Núñez,3,a,2,1500.00,2500.00,52,29,19,4,36.00,13.00,109
2026-10-01,buenos-aires,Núñez,3,a,3,2500.00,4000.00,43,19,7,2,80.00,16.00,88
2026-10-01,buenos-aires,Núñez,3,a,4,4000.00,,48,17,28,2,60.00,40.00,104
2026-10-01,buenos-aires,Núñez,3,f,0,,,74,22,18,2,63.00,20.50,141
2026-10-01,buenos-aires,Núñez,3,f,1,,1500.00,22,3,5,0,61.00,30.00,43
2026-10-01,buenos-aires,Núñez,3,f,2,1500.00,2800.00,18,7,4,1,82.00,12.00,32
2026-10-01,buenos-aires,Núñez,3,f,3,2800.00,4000.00,20,8,4,1,,14.00,31
2026-10-01,buenos-aires,Núñez,3,f,4,4000.00,,13,4,5,0,63.00,42.00,34
2026-10-01,buenos-aires,Núñez,3,n,0,,,92,42,43,7,37.00,24.00,232
2026-10-01,buenos-aires,Núñez,3,n,1,,1326.86,18,3,9,2,23.00,22.00,59
2026-10-01,buenos-aires,Núñez,3,n,2,1326.86,2271.52,24,13,12,3,32.00,14.00,59
2026-10-01,buenos-aires,Núñez,3,n,3,2271.52,3500.00,25,16,4,0,30.00,25.50,58
2026-10-01,buenos-aires,Núñez,3,n,4,3500.00,,25,10,18,2,59.00,43.00,55
2026-10-01,buenos-aires,Núñez,3,u,0,,,33,13,12,3,70.00,15.50,65
2026-10-01,buenos-aires,Núñez,4,a,0,,,41,11,14,1,49.00,39.00,99
2026-10-01,buenos-aires,Núñez,4,a,1,,3500.00,8,1,4,0,31.00,41.00,27
2026-10-01,buenos-aires,Núñez,4,a,2,3500.00,6500.00,12,4,5,1,80.00,26.00,22
2026-10-01,buenos-aires,Núñez,4,a,3,6500.00,8500.00,14,3,3,0,63.00,49.00,33
2026-10-01,buenos-aires,Núñez,4,f,0,,,12,3,4,0,32.00,32.50,29
2026-10-01,buenos-aires,Núñez,4,n,0,,,16,5,9,1,58.00,49.00,41
2026-10-01,buenos-aires,Núñez,4,u,0,,,13,3,1,0,73.00,26.00,29
2026-10-01,buenos-aires,Olivos,-1,a,0,,,599,230,136,37,42.00,20.00,1461
2026-10-01,buenos-aires,Olivos,0,a,0,,,109,42,28,7,46.00,29.00,259
2026-10-01,buenos-aires,Olivos,0,a,1,,400.00,19,11,7,2,33.00,25.00,64
2026-10-01,buenos-aires,Olivos,0,a,2,400.00,492.95,31,9,9,2,67.00,31.00,62
2026-10-01,buenos-aires,Olivos,0,a,3,492.95,919.42,33,8,2,0,62.00,70.00,64
2026-10-01,buenos-aires,Olivos,0,a,4,919.42,,26,14,10,3,46.00,27.50,64
2026-10-01,buenos-aires,Olivos,0,f,0,,,7,2,1,0,33.00,33.00,31
2026-10-01,buenos-aires,Olivos,0,n,0,,,55,15,12,1,64.00,31.00,114
2026-10-01,buenos-aires,Olivos,0,n,1,,355.99,6,5,3,0,39.00,32.00,28
2026-10-01,buenos-aires,Olivos,0,n,2,355.99,428.48,19,3,2,1,,5.50,30
2026-10-01,buenos-aires,Olivos,0,n,3,428.48,511.32,10,3,6,0,43.00,65.50,28
2026-10-01,buenos-aires,Olivos,0,n,4,511.32,,20,4,1,0,71.00,16.00,28
2026-10-01,buenos-aires,Olivos,0,u,0,,,47,25,15,6,36.00,27.00,114
2026-10-01,buenos-aires,Olivos,0,u,1,,414.24,8,8,4,2,25.00,12.50,28
2026-10-01,buenos-aires,Olivos,0,u,2,414.24,655.74,17,5,1,1,,0.00,27
2026-10-01,buenos-aires,Olivos,0,u,3,655.74,1324.50,8,1,2,0,51.00,95.50,27
2026-10-01,buenos-aires,Olivos,0,u,4,1324.50,,14,11,8,3,56.00,27.50,27
2026-10-01,buenos-aires,Olivos,1,a,0,,,221,92,55,16,43.00,17.00,516
2026-10-01,buenos-aires,Olivos,1,a,1,,537.22,48,17,14,3,38.00,13.50,130
2026-10-01,buenos-aires,Olivos,1,a,2,537.22,700.00,59,28,17,6,49.00,12.00,129
2026-10-01,buenos-aires,Olivos,1,a,3,700.00,1000.00,59,24,16,4,44.00,20.00,137
2026-10-01,buenos-aires,Olivos,1,a,4,1000.00,,54,23,8,3,47.00,21.00,119
2026-10-01,buenos-aires,Olivos,1,f,0,,,23,13,5,1,28.00,21.00,66
2026-10-01,buenos-aires,Olivos,1,n,0,,,143,59,39,11,48.00,20.00,336
2026-10-01,buenos-aires,Olivos,1,n,1,,511.40,27,10,11,2,41.00,24.00,85
2026-10-01,buenos-aires,Olivos,1,n,2,511.40,608.98,39,15,10,3,57.00,14.50,85
2026-10-01,buenos-aires,Olivos,1,n,3,608.98,900.00,36,14,10,2,44.00,23.00,87
2026-10-01,buenos-aires,Olivos,1,n,4,900.00,,41,20,8,4,53.00,11.50,79
2026-10-01,buenos-aires,Olivos,1,u,0,,,55,20,11,4,50.00,9.00,114
2026-10-01,buenos-aires,Olivos,1,u,1,,569.28,16,7,2,1,70.00,10.00,29
2026-10-01,buenos-aires,Olivos,1,u,2,569.28,812.42,11,6,5,2,25.00,8.00,28
2026-10-01,buenos-aires,Olivos,1,u,3,812.42,1100.00,11,3,2,1,41.00,6.50,28
2026-10-01,buenos-aires,Olivos,1,u,4,1100.00,,16,4,2,0,60.00,30.50,28
2026-10-01,buenos-aires,Olivos,2,a,0,,,217,84,42,13,39.00,18.50,512
2026-10-01,buenos-aires,Olivos,2,a,1,,852.46,52,32,19,8,39.00,14.00,129
2026-10-01,buenos-aires,Olivos,2,a,2,852.46,1072.61,48,14,12,0,36.00,28.00,128
2026-10-01,buenos-aires,Olivos,2,a,3,1072.61,1600.00,50,24,10,5,35.00,8.00,130
2026-10-01,buenos-aires,Olivos,2,a,4,1600.00,,66,14,1,0,57.00,26.00,124
2026-10-01,buenos-aires,Olivos,2,f,0,,,25,5,4,0,36.00,26.00,57
2026-10-01,buenos-aires,Olivos,2,n,0,,,147,70,35,11,39.00,18.00,348
2026-10-01,buenos-aires,Olivos,2,n,1,,827.92,36,27,14,6,42.00,15.00,86
2026-10-01,buenos-aires,Olivos,2,n,2,827.92,1019.42,25,8,12,0,30.00,28.00,86
2026-10-01,buenos-aires,Olivos,2,n,3,1019.42,1352.75,38,12,4,1,39.00,19.00,89
2026-10-01,buenos-aires,Olivos,2,n,4,1352.75,,48,23,5,4,57.00,1.00,87
2026-10-01,buenos-aires,Olivos,2,u,0,,,45,9,3,2,42.00,0.00,107
2026-10-01,buenos-aires,Olivos,2,u,1,,837.67,13,5,3,2,42.00,0.00,27
2026-10-01,buenos-aires,Olivos,2,u,2,837.67,1155.11,10,0,0,0,42.00,,26
2026-10-01,buenos-aires,Olivos,2,u,3,1155.11,2250.00,14,2,0,0,88.00,,27
2026-10-01,buenos-aires,Olivos,2,u,4,2250.00,,7,2,0,0,26.00,,26
2026-10-01,buenos-aires,Olivos,3,a,0,,,38,9,9,0,39.00,14.00,129
2026-10-01,buenos-aires,Olivos,3,a,1,,1346.15,4,0,1,0,28.00,32.00,38
2026-10-01,buenos-aires,Olivos,3,a,2,1346.15,1800.00,9,4,4,0,46.00,18.50,27
2026-10-01,buenos-aires,Olivos,3,a,3,1800.00,2800.00,17,2,4,0,48.00,12.00,33
2026-10-01,buenos-aires,Olivos,3,a,4,2800.00,,7,2,0,0,43.00,,29
2026-10-01,buenos-aires,Olivos,3,n,0,,,20,2,5,0,36.00,14.00,71
2026-10-01,buenos-aires,Olivos,3,n,3,1568.63,2800.00,11,1,1,0,48.00,12.00,21
2026-10-01,buenos-aires,Olivos,3,u,0,,,12,5,1,0,41.00,32.00,44
2026-10-01,buenos-aires,Olivos,4,a,0,,,14,3,2,1,48.00,31.00,45
2026-10-01,buenos-aires,Olivos,4,n,0,,,7,1,0,0,53.00,,24
2026-10-01,buenos-aires,Palermo,-1,a,0,,,10714,3972,3001,636,32.00,16.00,26935
2026-10-01,buenos-aires,Palermo,0,a,0,,,3429,1122,857,159,39.00,18.00,7945
2026-10-01,buenos-aires,Palermo,0,a,1,,500.00,719,297,244,44,30.00,17.00,2123
2026-10-01,buenos-aires,Palermo,0,a,2,500.00,600.00,707,286,264,51,30.00,16.00,1861
2026-10-01,buenos-aires,Palermo,0,a,3,600.00,750.00,828,264,181,37,39.00,17.00,1912
2026-10-01,buenos-aires,Palermo,0,a,4,750.00,,1027,271,167,27,77.00,20.00,1872
2026-10-01,buenos-aires,Palermo,0,f,0,,,1874,556,449,86,45.00,18.00,4103
2026-10-01,buenos-aires,Palermo,0,f,1,,580.00,343,154,137,29,28.00,16.00,1017
2026-10-01,buenos-aires,Palermo,0,f,2,580.00,690.00,364,126,126,27,30.00,16.50,980
2026-10-01,buenos-aires,Palermo,0,f,3,690.00,850.00,509,152,104,21,56.00,19.50,1065
2026-10-01,buenos-aires,Palermo,0,f,4,850.00,,520,122,82,9,88.00,20.00,886
2026-10-01,buenos-aires,Palermo,0,n,0,,,1131,458,331,57,33.00,17.00,2894
2026-10-01,buenos-aires,Palermo,0,n,1,,433.66,210,99,85,14,30.00,18.00,721
2026-10-01,buenos-aires,Palermo,0,n,2,433.66,517.80,308,123,87,11,36.00,21.00,730
2026-10-01,buenos-aires,Palermo,0,n,3,517.80,608.36,263,119,99,20,31.00,16.00,720
2026-10-01,buenos-aires,Palermo,0,n,4,608.36,,345,116,60,12,45.00,17.00,717
2026-10-01,buenos-aires,Palermo,0,u,0,,,424,108,77,16,46.00,16.00,948
2026-10-01,buenos-aires,Palermo,0,u,1,,500.00,80,14,20,3,31.00,23.00,242
2026-10-01,buenos-aires,Palermo,0,u,2,500.00,594.82,96,31,27,8,32.00,13.00,228
2026-10-01,buenos-aires,Palermo,0,u,3,594.82,737.86,112,40,16,5,49.00,13.50,233
2026-10-01,buenos-aires,Palermo,0,u,4,737.86,,131,22,13,0,93.00,28.00,229
2026-10-01,buenos-aires,Palermo,1,a,0,,,4131,1655,1284,287,29.00,15.00,11280
2026-10-01,buenos-aires,Palermo,1,a,1,,616.88,892,389,331,65,28.00,17.00,2814
2026-10-01,buenos-aires,Palermo,1,a,2,616.88,804.58,907,410,295,68,24.00,15.00,2766
2026-10-01,buenos-aires,Palermo,1,a,3,804.58,1100.00,1146,558,374,106,28.00,13.00,3110
2026-10-01,buenos-aires,Palermo,1,a,4,1100.00,,1063,294,282,48,38.00,16.50,2444
2026-10-01,buenos-aires,Palermo,1,f,0,,,2070,757,639,152,30.00,15.00,5266
2026-10-01,buenos-aires,Palermo,1,f,1,,767.65,439,177,169,33,27.00,17.00,1280
2026-10-01,buenos-aires,Palermo,1,f,2,767.65,938.51,451,199,144,32,26.00,13.50,1289
2026-10-01,buenos-aires,Palermo,1,f,3,938.51,1200.00,533,257,197,64,29.00,13.00,1343
2026-10-01,buenos-aires,Palermo,1,f,4,1200.00,,534,124,129,23,36.00,20.00,1240
2026-10-01,buenos-aires,Palermo,1,n,0,,,1530,713,520,113,28.00,15.00,4545
2026-10-01,buenos-aires,Palermo,1,n,1,,543.68,330,146,142,26,29.00,17.00,1132
2026-10-01,buenos-aires,Palermo,1,n,2,543.68,666.67,374,167,122,25,26.00,17.00,1136
2026-10-01,buenos-aires,Palermo,1,n,3,666.67,900.00,377,194,123,35,24.00,12.00,1184
2026-10-01,buenos-aires,Palermo,1,n,4,900.00,,446,206,133,27,31.00,15.00,1089
2026-10-01,buenos-aires,Palermo,1,u,0,,,531,185,125,22,30.00,14.00,1469
2026-10-01,buenos-aires,Palermo,1,u,1,,610.93,107,53,38,7,27.00,15.50,365
2026-10-01,buenos-aires,Palermo,1,u,2,610.93,800.00,126,48,22,8,24.00,12.00,372
2026-10-01,buenos-aires,Palermo,1,u,3,800.00,1063.04,121,33,24,1,29.00,15.50,344
2026-10-01,buenos-aires,Palermo,1,u,4,1063.04,,170,47,39,6,49.00,12.00,360
2026-10-01,buenos-aires,Palermo,2,a,0,,,2103,786,582,132,35.00,15.00,5260
2026-10-01,buenos-aires,Palermo,2,a,1,,990.29,423,199,160,35,28.00,18.00,1303
2026-10-01,buenos-aires,Palermo,2,a,2,990.29,1346.27,479,186,144,45,29.00,13.00,1294
2026-10-01,buenos-aires,Palermo,2,a,3,1346.27,2000.00,655,255,164,32,45.00,15.00,1474
2026-10-01,buenos-aires,Palermo,2,a,4,2000.00,,498,146,113,20,50.00,18.00,1132
2026-10-01,buenos-aires,Palermo,2,f,0,,,1106,339,275,63,48.00,15.00,2513
2026-10-01,buenos-aires,Palermo,2,f,1,,1200.00,258,102,77,24,29.00,13.00,702
2026-10-01,buenos-aires,Palermo,2,f,2,1200.00,1500.00,234,77,63,10,53.00,14.00,530
2026-10-01,buenos-aires,Palermo,2,f,3,1500.00,2100.00,291,89,80,18,58.00,19.00,616
2026-10-01,buenos-aires,Palermo,2,f,4,2100.00,,280,71,54,11,55.00,17.00,615
2026-10-01,buenos-aires,Palermo,2,n,0,,,732,358,254,56,30.00,15.00,2011
2026-10-01,buenos-aires,Palermo,2,n,1,,841.42,147,89,89,16,27.00,19.00,507
2026-10-01,buenos-aires,Palermo,2,n,2,841.42,1118.67,182,72,52,13,28.00,16.00,495
2026-10-01,buenos-aires,Palermo,2,n,3,1118.67,1508.20,184,86,54,16,29.00,13.00,501
2026-10-01,buenos-aires,Palermo,2,n,4,1508.20,,217,111,59,11,37.00,14.00,505
2026-10-01,buenos-aires,Palermo,2,u,0,,,265,89,53,13,31.00,15.00,736
2026-10-01,buenos-aires,Palermo,2,u,1,,970.87,54,24,12,6,20.00,7.00,182
2026-10-01,buenos-aires,Palermo,2,u,2,970.87,1357.14,62,25,13,5,29.00,14.00,185
2026-10-01,buenos-aires,Palermo,2,u,3,1357.14,2000.00,68,21,15,1,31.00,19.00,184
2026-10-01,buenos-aires,Palermo,2,u,4,2000.00,,78,19,13,1,49.00,19.00,181
2026-10-01,buenos-aires,Palermo,3,a,0,,,805,316,219,47,42.00,17.00,1936
2026-10-01,buenos-aires,Palermo,3,a,1,,1423.95,183,76,63,9,33.00,18.00,479
2026-10-01,buenos-aires,Palermo,3,a,2,1423.95,2000.00,180,69,60,13,32.00,13.50,485
2026-10-01,buenos-aires,Palermo,3,a,3,2000.00,3500.00,214,72,48,8,44.00,21.00,507
2026-10-01,buenos-aires,Palermo,3,a,4,3500.00,,214,98,47,17,58.00,15.00,445
2026-10-01,buenos-aires,Palermo,3,f,0,,,285,102,69,19,68.00,14.00,564
2026-10-01,buenos-aires,Palermo,3,f,1,,1500.00,71,29,22,5,52.00,13.00,148
2026-10-01,buenos-aires,Palermo,3,f,2,1500.00,2400.00,69,14,13,1,70.00,20.00,134
2026-10-01,buenos-aires,Palermo,3,f,3,2400.00,3500.00,67,25,16,6,52.00,20.50,149
2026-10-01,buenos-aires,Palermo,3,f,4,3500.00,,65,34,18,7,77.00,15.00,118
2026-10-01,buenos-aires,Palermo,3,n,0,,,379,164,124,25,31.00,18.00,1039
2026-10-01,buenos-aires,Palermo,3,n,1,,1320.52,78,32,40,3,27.00,20.50,259
2026-10-01,buenos-aires,Palermo,3,n,2,1320.52,1900.00,92,49,34,10,29.00,15.00,260
2026-10-01,buenos-aires,Palermo,3,n,3,1900.00,3600.00,100,35,27,3,35.00,24.00,261
2026-10-01,buenos-aires,Palermo,3,n,4,3600.00,,109,48,22,9,47.00,15.00,258
2026-10-01,buenos-aires,Palermo,3,u,0,,,141,50,26,3,52.00,14.00,333
2026-10-01,buenos-aires,Palermo,3,u,1,,1523.38,44,13,6,1,58.00,16.00,82
2026-10-01,buenos-aires,Palermo,3,u,2,1523.38,2000.00,22,9,8,1,22.00,13.00,88
2026-10-01,buenos-aires,Palermo,3,u,3,2000.00,3000.00,31,9,3,0,53.00,16.00,84
2026-10-01,buenos-aires,Palermo,3,u,4,3000.00,,43,18,9,1,83.00,13.00,75
2026-10-01,buenos-aires,Palermo,4,a,0,,,246,93,59,11,56.00,19.00,514
2026-10-01,buenos-aires,Palermo,4,a,1,,2200.00,53,30,15,7,31.00,13.00,126
2026-10-01,buenos-aires,Palermo,4,a,2,2200.00,3000.00,64,15,22,2,56.00,26.00,138
2026-10-01,buenos-aires,Palermo,4,a,3,3000.00,4715.79,56,16,8,0,63.00,14.00,109
2026-10-01,buenos-aires,Palermo,4,a,4,4715.79,,62,30,14,2,60.00,30.00,126
2026-10-01,buenos-aires,Palermo,4,f,0,,,69,27,4,1,52.00,16.00,129
2026-10-01,buenos-aires,Palermo,4,f,1,,2600.00,17,4,0,0,76.00,,31
2026-10-01,buenos-aires,Palermo,4,f,2,2600.00,3400.00,17,4,1,0,77.00,14.00,32
2026-10-01,buenos-aires,Palermo,4,f,3,3400.00,5400.00,18,9,1,0,68.00,33.00,30
2026-10-01,buenos-aires,Palermo,4,f,4,5400.00,,16,10,2,1,32.00,12.50,31
2026-10-01,buenos-aires,Palermo,4,n,0,,,110,40,26,5,60.00,27.50,234
2026-10-01,buenos-aires,Palermo,4,n,1,,1967.21,27,15,4,3,41.00,4.00,59
2026-10-01,buenos-aires,Palermo,4,n,2,1967.21,2800.00,19,4,12,1,37.00,28.50,64
2026-10-01,buenos-aires,Palermo,4,n,3,2800.00,4100.00,30,6,5,0,72.00,28.00,51
2026-10-01,buenos-aires,Palermo,4,n,4,4100.00,,31,14,5,1,62.00,27.00,57
2026-10-01,buenos-aires,Palermo,4,u,0,,,67,26,29,5,53.00,16.00,151
2026-10-01,buenos-aires,Palermo,4,u,1,,2190.52,15,10,8,3,32.00,13.00,36
2026-10-01,buenos-aires,Palermo,4,u,2,2190.52,3000.00,17,7,12,2,40.00,19.50,40
2026-10-01,buenos-aires,Palermo,4,u,3,3000.00,4500.00,13,3,2,0,43.00,13.00,32
2026-10-01,buenos-aires,Palermo,4,u,4,4500.00,,15,5,7,0,89.00,53.00,36
2026-10-01,buenos-aires,Parque Avellaneda,-1,a,0,,,43,31,38,2,27.00,28.00,261
2026-10-01,buenos-aires,Parque Avellaneda,0,a,0,,,6,3,10,1,29.00,28.00,49
2026-10-01,buenos-aires,Parque Avellaneda,0,n,0,,,4,1,3,0,38.00,38.00,33
2026-10-01,buenos-aires,Parque Avellaneda,1,a,0,,,15,12,10,1,26.00,24.00,99
2026-10-01,buenos-aires,Parque Avellaneda,1,a,1,,400.00,2,1,1,0,24.00,9.00,26
2026-10-01,buenos-aires,Parque Avellaneda,1,a,2,400.00,467.53,4,3,3,0,36.00,29.00,26
2026-10-01,buenos-aires,Parque Avellaneda,1,a,3,467.53,535.48,5,6,3,1,24.00,21.00,25
2026-10-01,buenos-aires,Parque Avellaneda,1,a,4,535.48,,4,2,3,0,22.00,28.00,22
2026-10-01,buenos-aires,Parque Avellaneda,1,n,0,,,5,3,2,0,27.00,40.50,60
2026-10-01,buenos-aires,Parque Avellaneda,1,u,0,,,10,9,7,1,25.00,22.00,36
2026-10-01,buenos-aires,Parque Avellaneda,2,a,0,,,15,13,15,0,26.00,28.00,86
2026-10-01,buenos-aires,Parque Avellaneda,2,a,1,,523.47,3,2,2,0,23.00,28.50,23
2026-10-01,buenos-aires,Parque Avellaneda,2,a,2,523.47,608.97,6,5,5,0,28.00,28.00,23
2026-10-01,buenos-aires,Parque Avellaneda,2,a,3,608.97,713.82,6,6,4,0,26.00,24.50,23
2026-10-01,buenos-aires,Parque Avellaneda,2,n,0,,,3,2,2,0,26.00,47.00,35
2026-10-01,buenos-aires,Parque Avellaneda,2,u,0,,,12,11,11,0,28.00,28.00,48
2026-10-01,buenos-aires,Parque Avellaneda,3,a,0,,,7,3,3,0,27.00,27.00,26
2026-10-01,buenos-aires,Parque Chacabuco,-1,a,0,,,213,138,157,17,28.00,26.00,955
2026-10-01,buenos-aires,Parque Chacabuco,0,a,0,,,80,47,59,6,29.00,25.00,301
2026-10-01,buenos-aires,Parque Chacabuco,0,a,1,,428.57,12,10,17,2,29.00,26.00,82
2026-10-01,buenos-aires,Parque Chacabuco,0,a,2,428.57,501.61,25,8,12,0,41.00,23.00,78
2026-10-01,buenos-aires,Parque Chacabuco,0,a,3,501.61,584.77,19,14,19,3,28.00,21.00,74
2026-10-01,buenos-aires,Parque Chacabuco,0,a,4,584.77,,24,15,11,1,31.00,25.00,65
2026-10-01,buenos-aires,Parque Chacabuco,0,f,0,,,13,8,6,0,30.00,21.00,43
2026-10-01,buenos-aires,Parque Chacabuco,0,n,0,,,27,13,22,5,30.00,23.00,161
2026-10-01,buenos-aires,Parque Chacabuco,0,n,1,,388.35,5,5,6,2,29.00,26.50,42
2026-10-01,buenos-aires,Parque Chacabuco,0,n,2,388.35,466.02,13,4,4,0,43.00,33.00,43
2026-10-01,buenos-aires,Parque Chacabuco,0,n,3,466.02,550.00,3,2,8,2,27.00,13.50,42
2026-10-01,buenos-aires,Parque Chacabuco,0,n,4,550.00,,6,2,4,1,28.00,24.00,33
2026-10-01,buenos-aires,Parque Chacabuco,0,u,0,,,40,26,31,1,28.00,26.00,97
2026-10-01,buenos-aires,Parque Chacabuco,0,u,1,,459.55,4,3,11,0,26.00,25.00,26
2026-10-01,buenos-aires,Parque Chacabuco,0,u,2,459.55,517.80,17,10,5,0,,22.00,26
2026-10-01,buenos-aires,Parque Chacabuco,0,u,3,517.80,588.99,9,5,10,0,28.00,28.00,25
2026-10-01,buenos-aires,Parque Chacabuco,1,a,0,,,95,71,56,8,27.00,27.00,425
2026-10-01,buenos-aires,Parque Chacabuco,1,a,1,,511.33,17,13,12,2,26.00,24.50,114
2026-10-01,buenos-aires,Parque Chacabuco,1,a,2,511.33,599.35,21,17,13,1,28.00,27.00,102
2026-10-01,buenos-aires,Parque Chacabuco,1,a,3,599.35,711.97,27,21,15,3,28.00,25.00,110
2026-10-01,buenos-aires,Parque Chacabuco,1,a,4,711.97,,30,20,16,2,28.00,27.00,99
2026-10-01,buenos-aires,Parque Chacabuco,1,f,0,,,17,11,8,2,28.00,27.50,55
2026-10-01,buenos-aires,Parque Chacabuco,1,n,0,,,20,14,19,3,26.00,25.00,231
2026-10-01,buenos-aires,Parque Chacabuco,1,n,1,,485.44,8,6,6,1,25.00,27.50,65
2026-10-01,buenos-aires,Parque Chacabuco,1,n,2,485.44,562.42,2,3,4,1,29.00,29.00,53
2026-10-01,buenos-aires,Parque Chacabuco,1,n,3,562.42,681.67,4,1,4,0,27.00,28.00,59
2026-10-01,buenos-aires,Parque Chacabuco,1,n,4,681.67,,6,4,5,1,20.00,18.00,54
2026-10-01,buenos-aires,Parque Chacabuco,1,u,0,,,58,46,29,3,28.00,27.00,139
2026-10-01,buenos-aires,Parque Chacabuco,1,u,1,,521.31,13,10,7,0,28.00,25.00,35
2026-10-01,buenos-aires,Parque Chacabuco,1,u,2,521.31,631.07,15,14,8,2,28.00,25.50,37
2026-10-01,buenos-aires,Parque Chacabuco,1,u,3,631.07,723.87,14,13,7,1,29.00,25.00,35
2026-10-01,buenos-aires,Parque Chacabuco,1,u,4,723.87,,16,9,7,0,32.00,27.00,32
2026-10-01,buenos-aires,Parque Chacabuco,2,a,0,,,27,15,29,3,28.00,27.00,168
2026-10-01,buenos-aires,Parque Chacabuco,2,a,1,,673.14,7,4,7,2,30.00,22.00,44
2026-10-01,buenos-aires,Parque Chacabuco,2,a,2,673.14,858.89,7,2,10,0,28.00,25.00,40
2026-10-01,buenos-aires,Parque Chacabuco,2,a,3,858.89,977.49,10,6,8,0,28.00,28.00,42
2026-10-01,buenos-aires,Parque Chacabuco,2,a,4,977.49,,3,3,4,1,21.00,20.50,42
2026-10-01,buenos-aires,Parque Chacabuco,2,n,0,,,9,5,4,0,30.00,49.50,91
2026-10-01,buenos-aires,Parque Chacabuco,2,n,1,,649.01,2,1,0,0,31.00,,22
2026-10-01,buenos-aires,Parque Chacabuco,2,n,2,649.01,841.42,0,0,3,0,29.00,51.00,21
2026-10-01,buenos-aires,Parque Chacabuco,2,n,3,841.42,974.36,5,3,1,0,27.00,37.00,25
2026-10-01,buenos-aires,Parque Chacabuco,2,n,4,974.36,,2,1,0,0,27.00,,23
2026-10-01,buenos-aires,Parque Chacabuco,2,u,0,,,16,10,24,3,28.00,23.00,65
2026-10-01,buenos-aires,Parque Chacabuco,2,u,1,,679.61,6,4,8,2,28.00,22.00,22
2026-10-01,buenos-aires,Parque Chacabuco,3,a,0,,,11,5,9,0,28.00,27.00,48
2026-10-01,buenos-aires,Parque Chacabuco,3,n,0,,,2,1,0,0,26.00,,22
2026-10-01,buenos-aires,Parque Chacabuco,3,u,0,,,9,4,9,0,28.00,27.00,26
2026-10-01,buenos-aires,Parque Chas,-1,a,0,,,124,84,89,9,29.00,26.00,564
2026-10-01,buenos-aires,Parque Chas,0,a,0,,,60,39,40,2,29.00,27.00,257
2026-10-01,buenos-aires,Parque Chas,0,a,1,,410.42,13,5,13,0,35.00,31.00,69
2026-10-01,buenos-aires,Parque Chas,0,a,2,410.42,468.64,11,9,12,1,29.00,28.00,65
2026-10-01,buenos-aires,Parque Chas,0,a,3,468.64,531.15,10,7,12,1,27.00,24.50,59
2026-10-01,buenos-aires,Parque Chas,0,a,4,531.15,,26,18,3,0,31.00,27.00,64
2026-10-01,buenos-aires,Parque Chas,0,f,0,,,14,11,10,1,29.00,29.00,57
2026-10-01,buenos-aires,Parque Chas,0,n,0,,,13,6,13,0,29.00,27.00,116
2026-10-01,buenos-aires,Parque Chas,0,n,1,,387.10,4,2,6,0,35.00,35.00,32
2026-10-01,buenos-aires,Parque Chas,0,n,2,387.10,427.01,3,1,2,0,30.00,35.00,29
2026-10-01,buenos-aires,Parque Chas,0,n,3,427.01,485.44,2,2,2,0,29.00,34.00,29
2026-10-01,buenos-aires,Parque Chas,0,n,4,485.44,,4,1,3,0,27.00,22.00,26
2026-10-01,buenos-aires,Parque Chas,0,u,0,,,33,22,17,1,28.00,24.00,84
2026-10-01,buenos-aires,Parque Chas,0,u,1,,427.56,10,4,5,0,44.00,22.00,24
2026-10-01,buenos-aires,Parque Chas,0,u,2,427.56,482.20,6,6,6,1,28.00,23.00,23
2026-10-01,buenos-aires,Parque Chas,0,u,4,530.32,,12,9,2,0,27.00,27.00,21
2026-10-01,buenos-aires,Parque Chas,1,a,0,,,37,27,32,2,29.00,26.50,199
2026-10-01,buenos-aires,Parque Chas,1,a,1,,543.69,5,2,8,1,30.00,15.50,50
2026-10-01,buenos-aires,Parque Chas,1,a,2,543.69,614.38,8,6,6,0,28.00,28.00,53
2026-10-01,buenos-aires,Parque Chas,1,a,3,614.38,702.88,15,12,8,0,29.00,26.00,50
2026-10-01,buenos-aires,Parque Chas,1,a,4,702.88,,9,7,10,1,28.00,27.00,46
2026-10-01,buenos-aires,Parque Chas,1,f,0,,,7,5,6,0,38.00,39.00,40
2026-10-01,buenos-aires,Parque Chas,1,n,0,,,9,4,8,0,29.00,26.00,96
2026-10-01,buenos-aires,Parque Chas,1,n,1,,528.05,1,0,3,0,29.00,31.00,26
2026-10-01,buenos-aires,Parque Chas,1,n,2,528.05,588.24,4,3,1,0,33.00,25.00,24
2026-10-01,buenos-aires,Parque Chas,1,n,3,588.24,660.25,2,1,2,0,26.00,11.00,21
2026-10-01,buenos-aires,Parque Chas,1,n,4,660.25,,2,0,2,0,27.00,27.00,25
2026-10-01,buenos-aires,Parque Chas,1,u,0,,,21,18,18,2,28.00,24.50,63
2026-10-01,buenos-aires,Parque Chas,2,a,0,,,20,13,12,4,30.00,22.50,72
2026-10-01,buenos-aires,Parque Chas,2,a,1,,726.07,4,1,4,1,24.00,22.50,22
2026-10-01,buenos-aires,Parque Chas,2,n,0,,,6,3,5,1,31.00,25.00,33
2026-10-01,buenos-aires,Parque Chas,2,u,0,,,13,9,7,3,27.00,22.00,33
2026-10-01,buenos-aires,Parque Chas,3,a,0,,,5,5,5,1,29.00,9.00,30
2026-10-01,buenos-aires,Parque Patricios,-1,a,0,,,74,49,55,2,29.00,28.00,450
2026-10-01,buenos-aires,Parque Patricios,0,a,0,,,25,16,19,1,28.00,28.00,159
2026-10-01,buenos-aires,Parque Patricios,0,a,1,,385.85,5,4,4,1,28.00,25.00,45
2026-10-01,buenos-aires,Parque Patricios,0,a,2,385.85,430.87,0,0,3,0,26.00,26.00,37
2026-10-01,buenos-aires,Parque Patricios,0,a,3,430.87,511.18,8,3,8,0,28.00,28.00,37
2026-10-01,buenos-aires,Parque Patricios,0,a,4,511.18,,12,9,3,0,28.00,28.00,39
2026-10-01,buenos-aires,Parque Patricios,0,f,0,,,3,1,3,0,29.00,28.00,28
2026-10-01,buenos-aires,Parque Patricios,0,n,0,,,4,1,3,0,26.00,28.00,74
2026-10-01,buenos-aires,Parque Patricios,0,n,2,353.69,419.87,1,0,1,0,28.00,21.00,21
2026-10-01,buenos-aires,Parque Patricios,0,u,0,,,18,14,13,1,28.00,28.00,57
2026-10-01,buenos-aires,Parque Patricios,1,a,0,,,29,20,18,0,29.00,25.00,161
2026-10-01,buenos-aires,Parque Patricios,1,a,1,,432.15,7,4,5,0,36.00,21.00,45
2026-10-01,buenos-aires,Parque Patricios,1,a,2,432.15,509.68,2,0,4,0,27.00,33.00,36
2026-10-01,buenos-aires,Parque Patricios,1,a,3,509.68,582.52,8,7,2,0,29.00,25.00,44
2026-10-01,buenos-aires,Parque Patricios,1,a,4,582.52,,12,9,6,0,28.00,27.00,34
2026-10-01,buenos-aires,Parque Patricios,1,f,0,,,2,2,3,0,29.00,34.00,22
2026-10-01,buenos-aires,Parque Patricios,1,n,0,,,7,4,2,0,30.00,17.00,77
2026-10-01,buenos-aires,Parque Patricios,1,n,1,,420.71,1,0,1,0,31.00,13.00,20
2026-10-01,buenos-aires,Parque Patricios,1,n,2,420.71,485.44,2,1,0,0,38.00,,20
2026-10-01,buenos-aires,Parque Patricios,1,u,0,,,20,14,13,0,29.00,27.00,62
2026-10-01,buenos-aires,Parque Patricios,2,a,0,,,18,12,14,1,29.00,27.50,108
2026-10-01,buenos-aires,Parque Patricios,2,a,1,,558.44,9,6,3,1,33.00,24.00,30
2026-10-01,buenos-aires,Parque Patricios,2,a,2,558.44,643.09,2,2,3,0,28.00,28.00,25
2026-10-01,buenos-aires,Parque Patricios,2,a,3,643.09,695.37,0,0,3,0,29.00,22.00,26
2026-10-01,buenos-aires,Parque Patricios,2,a,4,695.37,,7,4,5,0,32.00,28.00,25
2026-10-01,buenos-aires,Parque Patricios,2,n,0,,,4,2,2,0,32.00,36.50,60
2026-10-01,buenos-aires,Parque Patricios,2,u,0,,,14,10,10,1,28.00,25.50,38
2026-10-01,buenos-aires,Pilar,-1,a,0,,,377,250,249,12,30.00,28.00,2083
2026-10-01,buenos-aires,Pilar,0,a,0,,,115,68,76,4,34.00,28.00,483
2026-10-01,buenos-aires,Pilar,0,a,1,,395.43,26,11,15,0,44.00,34.00,128
2026-10-01,buenos-aires,Pilar,0,a,2,395.43,517.80,26,22,14,1,29.00,27.50,122
2026-10-01,buenos-aires,Pilar,0,a,3,517.80,700.00,14,7,14,0,32.00,27.50,105
2026-10-01,buenos-aires,Pilar,0,a,4,700.00,,48,27,32,2,30.00,28.00,123
2026-10-01,buenos-aires,Pilar,0,f,0,,,25,15,18,1,33.00,28.00,127
2026-10-01,buenos-aires,Pilar,0,f,1,,490.00,9,7,4,1,29.00,25.00,36
2026-10-01,buenos-aires,Pilar,0,f,2,490.00,567.57,7,6,3,0,42.00,68.00,35
2026-10-01,buenos-aires,Pilar,0,f,3,567.57,650.99,3,1,6,0,28.00,25.50,29
2026-10-01,buenos-aires,Pilar,0,f,4,650.99,,5,1,5,0,30.00,28.00,26
2026-10-01,buenos-aires,Pilar,0,n,0,,,19,10,5,2,37.00,29.00,126
2026-10-01,buenos-aires,Pilar,0,n,1,,304.05,5,1,2,0,47.00,51.00,31
2026-10-01,buenos-aires,Pilar,0,n,2,304.05,395.43,3,2,1,0,35.00,29.00,33
2026-10-01,buenos-aires,Pilar,0,n,3,395.43,520.00,3,2,0,0,32.00,,31
2026-10-01,buenos-aires,Pilar,0,n,4,520.00,,8,5,2,2,39.00,0.00,31
2026-10-01,buenos-aires,Pilar,0,u,0,,,71,43,53,1,30.00,28.00,230
2026-10-01,buenos-aires,Pilar,0,u,1,,400.00,17,7,12,0,38.00,32.00,63
2026-10-01,buenos-aires,Pilar,0,u,2,400.00,550.16,13,11,10,0,29.00,26.50,52
2026-10-01,buenos-aires,Pilar,0,u,3,550.16,1081.08,16,7,10,0,34.00,28.00,48
2026-10-01,buenos-aires,Pilar,0,u,4,1081.08,,25,17,20,0,30.00,27.50,63
2026-10-01,buenos-aires,Pilar,1,a,0,,,86,58,59,2,29.00,28.00,610
2026-10-01,buenos-aires,Pilar,1,a,1,,424.44,20,13,20,1,29.00,28.00,153
2026-10-01,buenos-aires,Pilar,1,a,2,424.44,512.99,22,17,7,0,29.00,29.00,157
2026-10-01,buenos-aires,Pilar,1,a,3,512.99,651.64,17,8,17,0,30.00,28.00,154
2026-10-01,buenos-aires,Pilar,1,a,4,651.64,,26,18,12,0,28.00,28.00,131
2026-10-01,buenos-aires,Pilar,1,f,0,,,17,10,10,2,29.00,27.00,95
2026-10-01,buenos-aires,Pilar,1,f,1,,600.00,4,2,2,1,35.00,23.50,33
2026-10-01,buenos-aires,Pilar,1,f,3,758.84,900.00,5,2,1,0,29.00,22.00,24
2026-10-01,buenos-aires,Pilar,1,n,0,,,31,17,12,0,32.00,28.00,321
2026-10-01,buenos-aires,Pilar,1,n,1,,415.34,9,4,4,0,33.00,28.50,84
2026-10-01,buenos-aires,Pilar,1,n,2,415.34,475.25,7,3,2,0,30.00,29.00,80
2026-10-01,buenos-aires,Pilar,1,n,3,475.25,555.56,8,6,2,0,36.00,55.50,82
2026-10-01,buenos-aires,Pilar,1,n,4,555.56,,7,4,3,0,30.00,27.00,72
2026-10-01,buenos-aires,Pilar,1,u,0,,,38,31,37,0,28.00,28.00,194
2026-10-01,buenos-aires,Pilar,1,u,1,,421.20,8,7,13,0,28.00,28.00,45
2026-10-01,buenos-aires,Pilar,1,u,2,421.20,519.11,14,11,7,0,27.00,24.00,48
2026-10-01,buenos-aires,Pilar,1,u,3,519.11,645.30,5,3,11,0,28.00,28.00,47
2026-10-01,buenos-aires,Pilar,1,u,4,645.30,,10,9,5,0,28.00,28.00,47
2026-10-01,buenos-aires,Pilar,2,a,0,,,65,48,55,4,29.00,28.00,462
2026-10-01,buenos-aires,Pilar,2,a,1,,588.24,19,8,12,1,32.00,26.50,131
2026-10-01,buenos-aires,Pilar,2,a,2,588.24,735.79,9,7,8,0,28.00,28.00,108
2026-10-01,buenos-aires,Pilar,2,a,3,735.79,901.82,21,22,19,2,29.00,28.00,121
2026-10-01,buenos-aires,Pilar,2,a,4,901.82,,16,10,15,0,29.00,28.00,101
2026-10-01,buenos-aires,Pilar,2,f,0,,,10,7,5,0,29.00,28.00,52
2026-10-01,buenos-aires,Pilar,2,f,1,,850.00,2,2,2,0,27.00,22.00,20
2026-10-01,buenos-aires,Pilar,2,n,0,,,22,13,18,2,32.00,28.00,234
2026-10-01,buenos-aires,Pilar,2,n,1,,567.66,8,3,4,1,36.00,22.00,64
2026-10-01,buenos-aires,Pilar,2,n,2,567.66,675.41,1,0,1,0,30.00,28.00,54
2026-10-01,buenos-aires,Pilar,2,n,3,675.41,850.00,7,6,5,1,31.00,28.00,67
2026-10-01,buenos-aires,Pilar,2,n,4,850.00,,6,4,8,0,32.00,28.00,49
2026-10-01,buenos-aires,Pilar,2,u,0,,,33,28,32,2,28.00,28.00,176
2026-10-01,buenos-aires,Pilar,2,u,1,,616.88,12,7,9,0,28.00,28.00,47
2026-10-01,buenos-aires,Pilar,2,u,2,616.88,751.64,6,5,5,0,28.00,27.00,48
2026-10-01,buenos-aires,Pilar,2,u,3,751.64,882.36,11,12,11,1,28.00,28.00,45
2026-10-01,buenos-aires,Pilar,2,u,4,882.36,,4,3,6,0,28.00,28.00,35
2026-10-01,buenos-aires,Pilar,3,a,0,,,54,31,34,1,35.00,26.00,326
2026-10-01,buenos-aires,Pilar,3,a,1,,1103.90,11,8,11,0,29.00,26.00,83
2026-10-01,buenos-aires,Pilar,3,a,2,1103.90,1400.00,17,16,11,1,30.00,23.00,93
2026-10-01,buenos-aires,Pilar,3,a,3,1400.00,1800.00,10,3,7,0,35.00,28.00,80
2026-10-01,buenos-aires,Pilar,3,a,4,1800.00,,15,4,5,0,45.00,22.00,69
2026-10-01,buenos-aires,Pilar,3,f,0,,,20,8,5,1,39.00,22.00,110
2026-10-01,buenos-aires,Pilar,3,f,1,,1400.00,5,5,3,1,30.00,24.00,28
2026-10-01,buenos-aires,Pilar,3,f,2,1400.00,1700.00,4,2,0,0,36.00,,31
2026-10-01,buenos-aires,Pilar,3,f,3,1700.00,3000.00,4,0,1,0,45.00,22.00,28
2026-10-01,buenos-aires,Pilar,3,f,4,3000.00,,7,1,1,0,50.00,21.00,23
2026-10-01,buenos-aires,Pilar,3,n,0,,,9,6,9,0,30.00,23.00,119
2026-10-01,buenos-aires,Pilar,3,n,1,,950.00,2,1,3,0,31.00,23.00,32
2026-10-01,buenos-aires,Pilar,3,n,2,950.00,1200.00,4,3,1,0,28.00,24.00,37
2026-10-01,buenos-aires,Pilar,3,n,3,1200.00,1400.00,2,2,4,0,28.00,21.50,25
2026-10-01,buenos-aires,Pilar,3,n,4,1400.00,,1,0,1,0,37.00,31.00,25
2026-10-01,buenos-aires,Pilar,3,u,0,,,25,17,20,0,29.00,27.50,97
2026-10-01,buenos-aires,Pilar,3,u,1,,1100.00,9,7,4,0,40.00,28.50,25
2026-10-01,buenos-aires,Pilar,3,u,2,1100.00,1309.91,5,5,6,0,37.00,26.00,23
2026-10-01,buenos-aires,Pilar,3,u,3,1309.91,1700.00,4,2,5,0,28.00,28.00,27
2026-10-01,buenos-aires,Pilar,3,u,4,1700.00,,6,3,5,0,33.00,22.00,21
2026-10-01,buenos-aires,Pilar,4,a,0,,,57,45,25,1,31.00,27.00,202
2026-10-01,buenos-aires,Pilar,4,a,1,,1568.70,6,3,7,0,31.00,28.00,50
2026-10-01,buenos-aires,Pilar,4,a,2,1568.70,2500.00,17,14,9,1,32.00,28.00,62
2026-10-01,buenos-aires,Pilar,4,a,3,2500.00,3641.89,10,9,6,0,29.00,27.50,37
2026-10-01,buenos-aires,Pilar,4,a,4,3641.89,,24,19,3,0,37.00,24.00,51
2026-10-01,buenos-aires,Pilar,4,f,0,,,30,26,13,1,36.00,26.00,90
2026-10-01,buenos-aires,Pilar,4,f,1,,1699.00,1,0,6,0,37.00,28.00,22
2026-10-01,buenos-aires,Pilar,4,f,2,1699.00,2500.00,7,8,2,1,33.00,36.00,23
2026-10-01,buenos-aires,Pilar,4,f,3,2500.00,5000.00,17,14,3,0,37.00,22.00,34
2026-10-01,buenos-aires,Pilar,4,n,0,,,7,2,3,0,30.00,27.00,45
2026-10-01,buenos-aires,Pilar,4,u,0,,,20,17,9,0,31.00,28.00,67
2026-10-01,buenos-aires,Pilar,4,u,2,1400.00,2500.00,6,5,3,0,31.00,28.00,21
2026-10-01,buenos-aires,Presidente Perón,-1,a,0,,,13,13,31,0,29.00,27.00,383
2026-10-01,buenos-aires,Presidente Perón,0,a,0,,,1,1,0,0,32.00,,29
2026-10-01,buenos-aires,Presidente Perón,2,a,0,,,0,0,1,0,28.00,13.00,45
2026-10-01,buenos-aires,Presidente Perón,2,n,0,,,0,0,0,0,28.00,,28
2026-10-01,buenos-aires,Presidente Perón,3,a,0,,,10,10,21,0,31.00,27.00,167
2026-10-01,buenos-aires,Presidente Perón,3,a,1,,1400.00,2,2,5,0,28.00,27.00,46
2026-10-01,buenos-aires,Presidente Perón,3,a,2,1400.00,1685.90,5,5,4,0,34.00,28.00,39
2026-10-01,buenos-aires,Presidente Perón,3,a,3,1685.90,2000.00,2,2,8,0,31.00,25.50,49
2026-10-01,buenos-aires,Presidente Perón,3,a,4,2000.00,,1,1,4,0,34.00,30.00,33
2026-10-01,buenos-aires,Presidente Perón,3,f,0,,,5,5,8,0,33.00,26.50,66
2026-10-01,buenos-aires,Presidente Perón,3,n,0,,,0,0,0,0,35.00,,41
2026-10-01,buenos-aires,Presidente Perón,3,u,0,,,5,5,13,0,28.00,27.00,60
2026-10-01,buenos-aires,Presidente Perón,4,a,0,,,2,2,9,0,29.00,27.00,133
2026-10-01,buenos-aires,Presidente Perón,4,a,1,,1700.00,1,1,3,0,28.00,27.00,41
2026-10-01,buenos-aires,Presidente Perón,4,a,2,1700.00,1980.00,0,0,3,0,36.00,30.00,33
2026-10-01,buenos-aires,Presidente Perón,4,a,3,1980.00,2500.00,1,1,3,0,27.00,27.00,32
2026-10-01,buenos-aires,Presidente Perón,4,a,4,2500.00,,0,0,0,0,32.00,,26
2026-10-01,buenos-aires,Presidente Perón,4,f,0,,,1,1,4,0,31.00,31.50,47
2026-10-01,buenos-aires,Presidente Perón,4,n,0,,,0,0,2,0,29.00,23.50,35
2026-10-01,buenos-aires,Presidente Perón,4,u,0,,,1,1,3,0,28.00,27.00,51
2026-10-01,buenos-aires,Puerto Madero,-1,a,0,,,2590,874,673,132,56.00,18.00,5294
2026-10-01,buenos-aires,Puerto Madero,0,a,0,,,501,181,139,37,53.00,15.00,1034
2026-10-01,buenos-aires,Puerto Madero,0,a,1,,900.00,113,58,40,16,30.00,11.50,302
2026-10-01,buenos-aires,Puerto Madero,0,a,2,900.00,1100.00,135,63,40,11,48.00,11.00,270
2026-10-01,buenos-aires,Puerto Madero,0,a,3,1100.00,1300.00,122,42,32,9,75.00,15.50,239
2026-10-01,buenos-aires,Puerto Madero,0,a,4,1300.00,,126,18,27,1,94.00,31.00,217
2026-10-01,buenos-aires,Puerto Madero,0,f,0,,,285,103,87,23,55.00,14.00,571
2026-10-01,buenos-aires,Puerto Madero,0,f,1,,1000.00,83,45,32,16,36.00,10.00,189
2026-10-01,buenos-aires,Puerto Madero,0,f,2,1000.00,1130.29,47,21,13,1,48.00,16.00,98
2026-10-01,buenos-aires,Puerto Madero,0,f,3,1130.29,1377.63,72,29,19,5,86.00,15.00,142
2026-10-01,buenos-aires,Puerto Madero,0,f,4,1377.63,,82,8,23,1,85.00,19.00,140
2026-10-01,buenos-aires,Puerto Madero,0,n,0,,,150,58,39,10,53.00,15.00,322
2026-10-01,buenos-aires,Puerto Madero,0,n,1,,800.00,26,11,11,2,15.00,13.00,109
2026-10-01,buenos-aires,Puerto Madero,0,n,2,800.00,900.00,38,21,10,5,87.00,7.00,58
2026-10-01,buenos-aires,Puerto Madero,0,n,3,900.00,1250.00,40,21,12,3,75.00,17.50,75
2026-10-01,buenos-aires,Puerto Madero,0,n,4,1250.00,,46,5,6,0,92.00,19.00,80
2026-10-01,buenos-aires,Puerto Madero,0,u,0,,,66,20,13,4,32.00,18.00,141
2026-10-01,buenos-aires,Puerto Madero,0,u,1,,900.00,15,6,5,1,27.00,18.00,47
2026-10-01,buenos-aires,Puerto Madero,0,u,2,900.00,1188.12,13,1,1,0,,31.00,22
2026-10-01,buenos-aires,Puerto Madero,0,u,3,1188.12,1350.65,14,9,5,3,23.00,4.00,34
2026-10-01,buenos-aires,Puerto Madero,0,u,4,1350.65,,20,4,2,0,,31.00,34
2026-10-01,buenos-aires,Puerto Madero,1,a,0,,,1175,412,303,55,57.00,19.00,2375
2026-10-01,buenos-aires,Puerto Madero,1,a,1,,1300.00,212,79,94,10,31.00,18.00,606
2026-10-01,buenos-aires,Puerto Madero,1,a,2,1300.00,1800.00,314,112,91,16,54.00,18.00,660
2026-10-01,buenos-aires,Puerto Madero,1,a,3,1800.00,2500.00,312,119,51,12,65.00,18.00,582
2026-10-01,buenos-aires,Puerto Madero,1,a,4,2500.00,,325,100,66,17,98.00,21.00,510
2026-10-01,buenos-aires,Puerto Madero,1,f,0,,,801,276,184,40,58.00,18.00,1565
2026-10-01,buenos-aires,Puerto Madero,1,f,1,,1500.00,185,57,54,12,39.00,17.00,438
2026-10-01,buenos-aires,Puerto Madero,1,f,2,1500.00,1900.00,174,57,48,6,56.00,20.50,349
2026-10-01,buenos-aires,Puerto Madero,1,f,3,1900.00,2500.00,199,86,36,10,54.00,14.00,400
2026-10-01,buenos-aires,Puerto Madero,1,f,4,2500.00,,234,74,45,12,117.00,18.00,365
2026-10-01,buenos-aires,Puerto Madero,1,n,0,,,261,106,93,13,51.00,21.00,582
2026-10-01,buenos-aires,Puerto Madero,1,n,1,,1200.00,75,38,35,3,30.00,18.00,222
2026-10-01,buenos-aires,Puerto Madero,1,n,2,1200.00,1400.00,38,18,18,2,51.00,13.00,93
2026-10-01,buenos-aires,Puerto Madero,1,n,3,1400.00,2000.00,62,22,19,2,69.00,23.00,123
2026-10-01,buenos-aires,Puerto Madero,1,n,4,2000.00,,85,28,21,6,90.00,37.00,142
2026-10-01,buenos-aires,Puerto Madero,1,u,0,,,113,30,26,2,64.00,24.50,228
2026-10-01,buenos-aires,Puerto Madero,1,u,1,,1250.00,16,7,11,1,32.00,30.00,57
2026-10-01,buenos-aires,Puerto Madero,1,u,2,1250.00,1531.02,22,4,6,0,31.00,14.50,57
2026-10-01,buenos-aires,Puerto Madero,1,u,3,1531.02,2300.00,35,8,4,1,111.00,13.00,57
2026-10-01,buenos-aires,Puerto Madero,1,u,4,2300.00,,38,11,5,0,,50.00,55
2026-10-01,buenos-aires,Puerto Madero,2,a,0,,,642,186,160,25,54.00,18.00,1381
2026-10-01,buenos-aires,Puerto Madero,2,a,1,,2200.00,164,52,54,8,47.00,16.50,381
2026-10-01,buenos-aires,Puerto Madero,2,a,2,2200.00,2800.00,154,51,43,9,50.00,17.00,335
2026-10-01,buenos-aires,Puerto Madero,2,a,3,2800.00,3700.00,145,39,37,4,58.00,18.00,313
2026-10-01,buenos-aires,Puerto Madero,2,a,4,3700.00,,171,44,26,4,67.00,24.00,336
2026-10-01,buenos-aires,Puerto Madero,2,f,0,,,324,74,76,6,56.00,18.50,679
2026-10-01,buenos-aires,Puerto Madero,2,f,1,,2500.00,89,24,30,4,46.00,16.00,201
2026-10-01,buenos-aires,Puerto Madero,2,f,2,2500.00,3000.00,61,17,19,1,36.00,15.00,144
2026-10-01,buenos-aires,Puerto Madero,2,f,3,3000.00,4000.00,81,14,17,1,69.00,19.00,163
2026-10-01,buenos-aires,Puerto Madero,2,f,4,4000.00,,87,19,10,0,75.00,37.50,164
2026-10-01,buenos-aires,Puerto Madero,2,n,0,,,236,91,65,16,53.00,18.00,515
2026-10-01,buenos-aires,Puerto Madero,2,n,1,,2000.00,57,19,15,2,51.00,22.00,136
2026-10-01,buenos-aires,Puerto Madero,2,n,2,2000.00,2700.00,79,32,24,8,51.00,15.50,163
2026-10-01,buenos-aires,Puerto Madero,2,n,3,2700.00,3200.00,33,15,12,1,46.00,30.50,89
2026-10-01,buenos-aires,Puerto Madero,2,n,4,3200.00,,67,25,14,5,66.00,20.00,127
2026-10-01,buenos-aires,Puerto Madero,2,u,0,,,82,21,19,3,41.00,14.00,187
2026-10-01,buenos-aires,Puerto Madero,2,u,1,,1983.82,16,5,6,0,19.00,13.50,45
2026-10-01,buenos-aires,Puerto Madero,2,u,2,1983.82,2500.00,19,4,6,0,39.00,19.50,47
2026-10-01,buenos-aires,Puerto Madero,2,u,3,2500.00,3000.00,22,8,6,3,42.00,7.50,49
2026-10-01,buenos-aires,Puerto Madero,2,u,4,3000.00,,23,4,1,0,,50.00,37
2026-10-01,buenos-aires,Puerto Madero,3,a,0,,,230,87,61,14,69.00,20.00,423
2026-10-01,buenos-aires,Puerto Madero,3,a,1,,3500.00,44,23,21,7,48.00,15.00,111
2026-10-01,buenos-aires,Puerto Madero,3,a,2,3500.00,5000.00,65,18,18,6,85.00,16.00,118
2026-10-01,buenos-aires,Puerto Madero,3,a,3,5000.00,7000.00,54,20,12,1,73.00,21.50,96
2026-10-01,buenos-aires,Puerto Madero,3,a,4,7000.00,,65,26,10,0,94.00,36.50,95
2026-10-01,buenos-aires,Puerto Madero,3,f,0,,,130,50,36,8,79.00,20.00,227
2026-10-01,buenos-aires,Puerto Madero,3,f,1,,3500.00,25,13,13,4,39.00,15.00,66
2026-10-01,buenos-aires,Puerto Madero,3,f,2,3500.00,4750.00,26,3,9,2,85.00,18.00,49
2026-10-01,buenos-aires,Puerto Madero,3,f,3,4750.00,7500.00,37,17,11,2,90.00,22.00,59
2026-10-01,buenos-aires,Puerto Madero,3,f,4,7500.00,,42,17,3,0,90.00,51.00,52
2026-10-01,buenos-aires,Puerto Madero,3,n,0,,,74,30,20,5,56.00,22.50,156
2026-10-01,buenos-aires,Puerto Madero,3,n,1,,3751.47,20,9,6,2,52.00,22.00,40
2026-10-01,buenos-aires,Puerto Madero,3,n,2,3751.47,5000.00,21,7,7,2,58.00,20.00,45
2026-10-01,buenos-aires,Puerto Madero,3,n,3,5000.00,7000.00,16,8,4,1,34.00,18.00,43
2026-10-01,buenos-aires,Puerto Madero,3,n,4,7000.00,,17,6,3,0,94.00,41.00,28
2026-10-01,buenos-aires,Puerto Madero,3,u,0,,,26,7,5,1,,13.00,40
2026-10-01,buenos-aires,Puerto Madero,4,a,0,,,42,8,10,1,69.00,46.50,81
2026-10-01,buenos-aires,Puerto Madero,4,a,1,,5829.14,9,4,4,1,33.00,30.50,21
2026-10-01,buenos-aires,Puerto Madero,4,a,2,5829.14,7000.00,9,2,2,0,60.00,39.00,21
2026-10-01,buenos-aires,Puerto Madero,4,a,3,7000.00,12500.00,13,1,3,0,99.00,50.00,21
2026-10-01,buenos-aires,Puerto Madero,4,f,0,,,16,2,5,0,69.00,50.00,28
2026-10-01,buenos-aires,Puerto Madero,4,n,0,,,16,5,3,1,41.00,18.00,36
2026-10-01,buenos-aires,Quilmes,-1,a,0,,,188,181,395,15,28.00,27.00,3649
2026-10-01,buenos-aires,Quilmes,0,a,0,,,10,13,28,3,29.00,28.00,388
2026-10-01,buenos-aires,Quilmes,0,a,1,,294.12,4,4,3,0,31.00,28.00,101
2026-10-01,buenos-aires,Quilmes,0,a,2,294.12,379.09,2,2,5,0,29.00,28.00,90
2026-10-01,buenos-aires,Quilmes,0,a,3,379.09,603.89,3,6,18,3,29.00,27.00,88
2026-10-01,buenos-aires,Quilmes,0,a,4,603.89,,0,0,2,0,28.00,28.00,107
2026-10-01,buenos-aires,Quilmes,0,n,0,,,1,3,6,2,33.00,28.00,158
2026-10-01,buenos-aires,Quilmes,0,n,1,,264.03,0,0,1,0,29.00,42.00,36
2026-10-01,buenos-aires,Quilmes,0,n,2,264.03,313.73,0,0,0,0,31.00,,41
2026-10-01,buenos-aires,Quilmes,0,n,3,313.73,392.16,1,2,3,1,35.00,28.00,42
2026-10-01,buenos-aires,Quilmes,0,n,4,392.16,,0,1,2,1,35.00,14.00,39
2026-10-01,buenos-aires,Quilmes,0,u,0,,,9,10,21,1,28.00,27.00,211
2026-10-01,buenos-aires,Quilmes,0,u,1,,331.03,4,4,3,0,28.00,28.00,53
2026-10-01,buenos-aires,Quilmes,0,u,2,331.03,442.18,2,3,13,1,28.00,27.00,49
2026-10-01,buenos-aires,Quilmes,0,u,3,442.18,1812.30,2,2,5,0,28.00,27.00,48
2026-10-01,buenos-aires,Quilmes,0,u,4,1812.30,,0,0,0,0,27.00,,59
2026-10-01,buenos-aires,Quilmes,1,a,0,,,83,75,169,3,28.00,28.00,1590
2026-10-01,buenos-aires,Quilmes,1,a,1,,333.34,6,6,17,0,25.00,28.00,416
2026-10-01,buenos-aires,Quilmes,1,a,2,333.34,423.46,18,18,41,1,29.00,28.00,394
2026-10-01,buenos-aires,Quilmes,1,a,3,423.46,517.80,31,27,50,0,28.00,27.00,389
2026-10-01,buenos-aires,Quilmes,1,a,4,517.80,,28,24,58,2,29.00,27.00,378
2026-10-01,buenos-aires,Quilmes,1,f,0,,,4,4,5,1,29.00,27.00,60
2026-10-01,buenos-aires,Quilmes,1,n,0,,,10,8,23,0,29.00,28.00,956
2026-10-01,buenos-aires,Quilmes,1,n,1,,326.80,2,2,2,0,26.00,36.50,277
2026-10-01,buenos-aires,Quilmes,1,n,2,326.80,392.16,5,4,3,0,31.00,27.00,223
2026-10-01,buenos-aires,Quilmes,1,n,3,392.16,490.20,1,0,5,0,29.00,28.00,225
2026-10-01,buenos-aires,Quilmes,1,n,4,490.20,,2,2,13,0,30.00,28.00,229
2026-10-01,buenos-aires,Quilmes,1,u,0,,,69,63,141,2,28.00,27.00,574
2026-10-01,buenos-aires,Quilmes,1,u,1,,360.66,7,8,23,1,27.00,28.00,141
2026-10-01,buenos-aires,Quilmes,1,u,2,360.66,451.61,11,11,34,0,28.00,28.00,142
2026-10-01,buenos-aires,Quilmes,1,u,3,451.61,538.21,31,27,38,0,28.00,27.00,144
2026-10-01,buenos-aires,Quilmes,1,u,4,538.21,,20,17,43,1,28.00,27.00,136
2026-10-01,buenos-aires,Quilmes,2,a,0,,,75,72,139,5,28.00,27.00,1204
2026-10-01,buenos-aires,Quilmes,2,a,1,,454.55,20,20,28,2,29.00,28.00,308
2026-10-01,buenos-aires,Quilmes,2,a,2,454.55,528.05,6,6,25,1,28.00,28.00,305
2026-10-01,buenos-aires,Quilmes,2,a,3,528.05,705.13,20,21,28,2,29.00,27.00,284
2026-10-01,buenos-aires,Quilmes,2,a,4,705.13,,29,25,53,0,28.00,27.00,290
2026-10-01,buenos-aires,Quilmes,2,f,0,,,7,4,7,0,29.00,26.00,61
2026-10-01,buenos-aires,Quilmes,2,n,0,,,4,5,17,1,29.00,27.00,683
2026-10-01,buenos-aires,Quilmes,2,n,1,,440.40,2,2,2,0,31.00,52.50,175
2026-10-01,buenos-aires,Quilmes,2,n,2,440.40,496.69,0,0,1,0,23.00,23.00,174
2026-10-01,buenos-aires,Quilmes,2,n,3,496.69,620.92,2,2,7,0,31.00,28.00,167
2026-10-01,buenos-aires,Quilmes,2,n,4,620.92,,0,1,6,1,30.00,25.00,165
2026-10-01,buenos-aires,Quilmes,2,u,0,,,64,63,115,4,28.00,27.00,460
2026-10-01,buenos-aires,Quilmes,2,u,1,,468.64,18,18,24,2,28.00,28.00,111
2026-10-01,buenos-aires,Quilmes,2,u,2,468.64,584.42,15,14,28,1,28.00,27.00,113
2026-10-01,buenos-aires,Quilmes,2,u,3,584.42,785.71,14,15,28,1,28.00,27.50,112
2026-10-01,buenos-aires,Quilmes,2,u,4,785.71,,17,16,31,0,28.00,27.00,110
2026-10-01,buenos-aires,Quilmes,3,a,0,,,19,20,50,4,28.00,27.00,379
2026-10-01,buenos-aires,Quilmes,3,a,1,,686.27,4,7,12,3,28.00,24.00,103
2026-10-01,buenos-aires,Quilmes,3,a,2,686.27,980.39,4,3,13,0,29.00,28.00,90
2026-10-01,buenos-aires,Quilmes,3,a,3,980.39,1618.12,5,4,8,0,28.00,23.50,93
2026-10-01,buenos-aires,Quilmes,3,a,4,1618.12,,6,5,15,0,29.00,28.00,90
2026-10-01,buenos-aires,Quilmes,3,f,0,,,2,2,4,0,28.00,32.50,22
2026-10-01,buenos-aires,Quilmes,3,n,0,,,0,2,4,2,29.00,13.00,165
2026-10-01,buenos-aires,Quilmes,3,n,1,,640.52,0,2,2,2,29.00,0.00,45
2026-10-01,buenos-aires,Quilmes,3,n,2,640.52,857.14,0,0,0,0,35.00,,40
2026-10-01,buenos-aires,Quilmes,3,n,3,857.14,1474.36,0,0,1,0,27.00,29.00,44
2026-10-01,buenos-aires,Quilmes,3,n,4,1474.36,,0,0,1,0,28.00,26.00,36
2026-10-01,buenos-aires,Quilmes,3,u,0,,,17,16,42,2,28.00,27.00,192
2026-10-01,buenos-aires,Quilmes,3,u,1,,695.36,4,5,10,1,28.00,26.50,52
2026-10-01,buenos-aires,Quilmes,3,u,2,695.36,1003.24,4,3,11,0,28.00,28.00,44
2026-10-01,buenos-aires,Quilmes,3,u,3,1003.24,1800.00,6,4,11,0,29.00,25.00,50
2026-10-01,buenos-aires,Quilmes,3,u,4,1800.00,,3,3,8,0,28.00,28.00,43
2026-10-01,buenos-aires,Quilmes,4,a,0,,,1,1,9,0,27.00,28.00,88
2026-10-01,buenos-aires,Quilmes,4,a,1,,1032.26,0,0,1,0,26.00,23.00,23
2026-10-01,buenos-aires,Quilmes,4,a,3,1700.00,4000.00,0,0,0,0,27.00,,22
2026-10-01,buenos-aires,Quilmes,4,a,4,4000.00,,0,0,3,0,28.00,28.00,23
2026-10-01,buenos-aires,Quilmes,4,n,0,,,0,0,1,0,27.00,28.00,37
2026-10-01,buenos-aires,Quilmes,4,u,0,,,1,1,7,0,27.00,28.00,35
2026-10-01,buenos-aires,Recoleta,-1,a,0,,,5328,1939,1376,311,33.00,15.00,13525
2026-10-01,buenos-aires,Recoleta,0,a,0,,,1597,612,418,93,38.00,16.00,3772
2026-10-01,buenos-aires,Recoleta,0,a,1,,448.95,335,154,125,25,32.00,20.00,920
2026-10-01,buenos-aires,Recoleta,0,a,2,448.95,546.62,370,158,112,25,33.00,15.00,916
2026-10-01,buenos-aires,Recoleta,0,a,3,546.62,669.91,383,144,94,24,38.00,13.00,920
2026-10-01,buenos-aires,Recoleta,0,a,4,669.91,,434,154,85,19,49.00,16.00,925
2026-10-01,buenos-aires,Recoleta,0,f,0,,,902,301,212,51,46.00,16.00,2008
2026-10-01,buenos-aires,Recoleta,0,f,1,,500.00,189,75,65,17,34.00,15.00,484
2026-10-01,buenos-aires,Recoleta,0,f,2,500.00,600.00,191,65,62,15,38.00,13.00,481
2026-10-01,buenos-aires,Recoleta,0,f,3,600.00,750.00,223,89,40,12,36.00,16.00,526
2026-10-01,buenos-aires,Recoleta,0,f,4,750.00,,231,72,45,7,76.00,27.00,439
2026-10-01,buenos-aires,Recoleta,0,n,0,,,525,247,164,34,32.00,16.00,1351
2026-10-01,buenos-aires,Recoleta,0,n,1,,388.35,121,63,48,6,31.00,24.00,353
2026-10-01,buenos-aires,Recoleta,0,n,2,388.35,455.74,135,65,38,8,35.00,19.50,325
2026-10-01,buenos-aires,Recoleta,0,n,3,455.74,540.45,136,62,39,10,32.00,14.00,334
2026-10-01,buenos-aires,Recoleta,0,n,4,540.45,,130,57,39,10,32.00,14.00,336
2026-10-01,buenos-aires,Recoleta,0,u,0,,,170,64,42,8,37.00,14.00,413
2026-10-01,buenos-aires,Recoleta,0,u,1,,445.16,39,12,14,3,37.00,27.50,100
2026-10-01,buenos-aires,Recoleta,0,u,2,445.16,535.48,36,17,8,0,30.00,21.50,100
2026-10-01,buenos-aires,Recoleta,0,u,3,535.48,647.24,43,17,9,4,45.00,10.00,101
2026-10-01,buenos-aires,Recoleta,0,u,4,647.24,,48,16,9,1,63.00,9.00,102
2026-10-01,buenos-aires,Recoleta,1,a,0,,,1894,716,510,139,32.00,14.00,4841
2026-10-01,buenos-aires,Recoleta,1,a,1,,529.45,370,171,142,41,27.00,14.50,1185
2026-10-01,buenos-aires,Recoleta,1,a,2,529.45,640.52,414,189,134,38,27.00,13.00,1169
2026-10-01,buenos-aires,Recoleta,1,a,3,640.52,802.63,460,167,129,33,31.00,15.00,1196
2026-10-01,buenos-aires,Recoleta,1,a,4,802.63,,563,186,102,26,55.00,15.00,1194
2026-10-01,buenos-aires,Recoleta,1,f,0,,,906,271,236,70,37.00,13.00,2179
2026-10-01,buenos-aires,Recoleta,1,f,1,,600.00,142,92,88,37,17.00,10.50,514
2026-10-01,buenos-aires,Recoleta,1,f,2,600.00,750.00,206,52,56,13,34.00,14.50,511
2026-10-01,buenos-aires,Recoleta,1,f,3,750.00,950.00,214,60,41,6,31.00,15.00,555
2026-10-01,buenos-aires,Recoleta,1,f,4,950.00,,266,66,49,13,67.00,14.00,515
2026-10-01,buenos-aires,Recoleta,1,n,0,,,763,380,226,59,30.00,14.00,2117
2026-10-01,buenos-aires,Recoleta,1,n,1,,485.44,178,88,64,15,31.00,17.50,532
2026-10-01,buenos-aires,Recoleta,1,n,2,485.44,550.16,168,66,54,14,19.00,13.00,536
2026-10-01,buenos-aires,Recoleta,1,n,3,550.16,666.66,195,98,54,12,29.00,14.00,521
2026-10-01,buenos-aires,Recoleta,1,n,4,666.66,,217,128,54,18,37.00,14.00,523
2026-10-01,buenos-aires,Recoleta,1,u,0,,,225,65,48,10,37.00,15.00,545
2026-10-01,buenos-aires,Recoleta,1,u,1,,551.72,53,16,14,2,35.00,15.00,136
2026-10-01,buenos-aires,Recoleta,1,u,2,551.72,660.07,58,11,8,3,55.00,11.00,136
2026-10-01,buenos-aires,Recoleta,1,u,3,660.07,900.00,53,15,17,2,31.00,20.00,136
2026-10-01,buenos-aires,Recoleta,1,u,4,900.00,,57,21,8,3,40.00,12.50,129
2026-10-01,buenos-aires,Recoleta,2,a,0,,,1087,364,273,48,30.00,19.00,3049
2026-10-01,buenos-aires,Recoleta,2,a,1,,870.97,187,83,72,16,21.00,20.00,746
2026-10-01,buenos-aires,Recoleta,2,a,2,870.97,1185.07,259,104,75,7,31.00,22.00,753
2026-10-01,buenos-aires,Recoleta,2,a,3,1185.07,1571.84,285,95,56,15,31.00,15.50,754
2026-10-01,buenos-aires,Recoleta,2,a,4,1571.84,,319,82,69,10,35.00,16.00,752
2026-10-01,buenos-aires,Recoleta,2,f,0,,,512,151,105,25,27.00,19.00,1375
2026-10-01,buenos-aires,Recoleta,2,f,1,,1050.00,92,42,27,5,20.00,22.00,335
2026-10-01,buenos-aires,Recoleta,2,f,2,1050.00,1400.10,125,44,33,10,31.00,15.00,333
2026-10-01,buenos-aires,Recoleta,2,f,3,1400.10,1900.00,128,29,24,5,24.00,23.00,340
2026-10-01,buenos-aires,Recoleta,2,f,4,1900.00,,136,36,21,5,29.00,16.00,335
2026-10-01,buenos-aires,Recoleta,2,n,0,,,432,170,136,20,30.00,19.00,1301
2026-10-01,buenos-aires,Recoleta,2,n,1,,767.74,66,24,21,6,21.00,19.00,324
2026-10-01,buenos-aires,Recoleta,2,n,2,767.74,961.29,104,47,36,5,26.00,21.00,323
2026-10-01,buenos-aires,Recoleta,2,n,3,961.29,1277.96,118,57,44,5,32.00,21.00,326
2026-10-01,buenos-aires,Recoleta,2,n,4,1277.96,,141,42,35,4,40.00,15.00,322
2026-10-01,buenos-aires,Recoleta,2,u,0,,,143,43,32,3,32.00,18.50,373
2026-10-01,buenos-aires,Recoleta,2,u,1,,902.89,21,10,11,1,20.00,16.00,91
2026-10-01,buenos-aires,Recoleta,2,u,2,902.89,1178.22,39,14,9,1,34.00,20.00,94
2026-10-01,buenos-aires,Recoleta,2,u,3,1178.22,1698.68,35,7,3,0,38.00,32.00,91
2026-10-01,buenos-aires,Recoleta,2,u,4,1698.68,,45,12,8,1,58.00,19.00,91
2026-10-01,buenos-aires,Recoleta,3,a,0,,,611,207,149,26,39.00,16.00,1524
2026-10-01,buenos-aires,Recoleta,3,a,1,,1286.17,133,52,39,4,30.00,16.00,381
2026-10-01,buenos-aires,Recoleta,3,a,2,1286.17,1700.00,144,54,38,6,36.00,15.00,373
2026-10-01,buenos-aires,Recoleta,3,a,3,1700.00,2500.00,169,61,45,13,50.00,15.00,383
2026-10-01,buenos-aires,Recoleta,3,a,4,2500.00,,154,40,27,3,50.00,21.00,373
2026-10-01,buenos-aires,Recoleta,3,f,0,,,229,57,51,10,46.00,15.00,556
2026-10-01,buenos-aires,Recoleta,3,f,1,,1521.04,52,12,10,1,30.00,14.00,137
2026-10-01,buenos-aires,Recoleta,3,f,2,1521.04,2200.00,65,23,17,4,50.00,17.00,146
2026-10-01,buenos-aires,Recoleta,3,f,3,2200.00,3000.55,59,16,18,4,63.00,14.00,128
2026-10-01,buenos-aires,Recoleta,3,f,4,3000.55,,45,6,6,1,23.00,20.50,136
2026-10-01,buenos-aires,Recoleta,3,n,0,,,295,122,75,15,39.00,19.00,731
2026-10-01,buenos-aires,Recoleta,3,n,1,,1124.27,62,26,17,1,31.00,17.00,183
2026-10-01,buenos-aires,Recoleta,3,n,2,1124.27,1500.00,82,40,27,7,37.00,15.00,212
2026-10-01,buenos-aires,Recoleta,3,n,3,1500.00,2032.78,62,21,14,2,42.00,20.50,153
2026-10-01,buenos-aires,Recoleta,3,n,4,2032.78,,88,35,17,5,57.00,25.00,182
2026-10-01,buenos-aires,Recoleta,3,u,0,,,87,28,23,1,31.00,15.00,237
2026-10-01,buenos-aires,Recoleta,3,u,1,,1357.61,22,8,5,0,24.00,21.00,59
2026-10-01,buenos-aires,Recoleta,3,u,2,1357.61,1700.00,12,8,8,1,31.00,10.00,57
2026-10-01,buenos-aires,Recoleta,3,u,3,1700.00,2500.00,28,6,5,0,59.00,14.00,64
2026-10-01,buenos-aires,Recoleta,3,u,4,2500.00,,23,6,5,0,55.00,31.00,53
2026-10-01,buenos-aires,Recoleta,4,a,0,,,139,40,26,5,43.00,21.50,339
2026-10-01,buenos-aires,Recoleta,4,a,1,,1859.22,26,9,5,1,31.00,31.00,85
2026-10-01,buenos-aires,Recoleta,4,a,2,1859.22,2668.83,28,11,10,3,36.00,20.00,85
2026-10-01,buenos-aires,Recoleta,4,a,3,2668.83,3500.00,35,5,7,1,40.00,32.00,91
2026-10-01,buenos-aires,Recoleta,4,a,4,3500.00,,49,15,4,0,116.00,46.50,75
2026-10-01,buenos-aires,Recoleta,4,f,0,,,54,14,10,2,59.00,20.00,118
2026-10-01,buenos-aires,Recoleta,4,f,1,,2500.00,12,5,4,1,37.00,16.50,39
2026-10-01,buenos-aires,Recoleta,4,f,2,2500.00,3000.00,17,4,3,1,73.00,19.00,30
2026-10-01,buenos-aires,Recoleta,4,f,4,3500.00,,18,4,2,0,,43.50,29
2026-10-01,buenos-aires,Recoleta,4,n,0,,,49,20,16,3,32.00,26.50,157
2026-10-01,buenos-aires,Recoleta,4,n,1,,1440.51,9,3,3,0,30.00,43.00,40
2026-10-01,buenos-aires,Recoleta,4,n,2,1440.51,2250.00,17,7,7,3,41.00,14.00,49
2026-10-01,buenos-aires,Recoleta,4,n,3,2250.00,3500.00,6,1,4,0,27.00,42.50,39
2026-10-01,buenos-aires,Recoleta,4,n,4,3500.00,,17,9,2,0,87.00,53.50,29
2026-10-01,buenos-aires,Recoleta,4,u,0,,,36,6,0,0,88.00,,64
2026-10-01,buenos-aires,Recoleta,4,u,1,,2500.00,13,4,0,0,57.00,,26
2026-10-01,buenos-aires,Retiro,-1,a,0,,,1836,566,416,92,41.00,18.50,4288
2026-10-01,buenos-aires,Retiro,0,a,0,,,566,170,150,33,36.00,17.50,1382
2026-10-01,buenos-aires,Retiro,0,a,1,,420.71,113,41,37,5,27.00,20.00,343
2026-10-01,buenos-aires,Retiro,0,a,2,420.71,550.00,131,53,39,13,31.00,14.00,368
2026-10-01,buenos-aires,Retiro,0,a,3,550.00,700.00,139,41,43,7,42.00,21.00,310
2026-10-01,buenos-aires,Retiro,0,a,4,700.00,,125,35,31,8,36.00,15.00,300
2026-10-01,buenos-aires,Retiro,0,f,0,,,327,70,78,12,45.00,21.50,731
2026-10-01,buenos-aires,Retiro,0,f,1,,480.00,50,24,18,4,23.00,13.50,167
2026-10-01,buenos-aires,Retiro,0,f,2,480.00,600.00,75,19,20,3,33.00,21.50,202
2026-10-01,buenos-aires,Retiro,0,f,3,600.00,734.14,69,13,19,0,51.00,25.00,138
2026-10-01,buenos-aires,Retiro,0,f,4,734.14,,75,14,21,5,49.00,15.00,164
2026-10-01,buenos-aires,Retiro,0,n,0,,,165,81,64,19,31.00,14.50,450
2026-10-01,buenos-aires,Retiro,0,n,1,,381.88,31,11,12,1,29.00,34.00,114
2026-10-01,buenos-aires,Retiro,0,n,2,381.88,485.44,44,18,13,5,31.00,12.00,113
2026-10-01,buenos-aires,Retiro,0,n,3,485.44,600.00,44,28,25,8,39.00,14.00,112
2026-10-01,buenos-aires,Retiro,0,n,4,600.00,,46,24,14,5,37.00,15.00,110
2026-10-01,buenos-aires,Retiro,0,u,0,,,74,19,8,2,28.00,11.00,201
2026-10-01,buenos-aires,Retiro,0,u,1,,394.82,16,6,2,0,23.00,8.50,52
2026-10-01,buenos-aires,Retiro,0,u,2,394.82,500.00,19,5,2,1,31.00,12.50,56
2026-10-01,buenos-aires,Retiro,0,u,3,500.00,750.00,25,3,2,1,,17.50,47
2026-10-01,buenos-aires,Retiro,0,u,4,750.00,,14,5,2,0,22.00,82.50,46
2026-10-01,buenos-aires,Retiro,1,a,0,,,581,195,140,35,51.00,15.00,1289
2026-10-01,buenos-aires,Retiro,1,a,1,,536.12,107,47,38,13,34.00,16.50,314
2026-10-01,buenos-aires,Retiro,1,a,2,536.12,650.12,142,59,33,9,45.00,15.00,307
2026-10-01,buenos-aires,Retiro,1,a,3,650.12,818.03,143,43,34,5,49.00,20.00,316
2026-10-01,buenos-aires,Retiro,1,a,4,818.03,,150,43,35,8,60.00,14.00,313
2026-10-01,buenos-aires,Retiro,1,f,0,,,349,111,78,17,52.00,15.00,741
2026-10-01,buenos-aires,Retiro,1,f,1,,600.00,86,40,21,7,35.00,14.00,210
2026-10-01,buenos-aires,Retiro,1,f,2,600.00,700.00,72,22,24,4,43.00,21.50,160
2026-10-01,buenos-aires,Retiro,1,f,3,700.00,866.44,73,22,16,3,55.00,14.50,157
2026-10-01,buenos-aires,Retiro,1,f,4,866.44,,82,25,17,3,51.00,10.00,178
2026-10-01,buenos-aires,Retiro,1,n,0,,,171,66,51,13,45.00,18.00,407
2026-10-01,buenos-aires,Retiro,1,n,1,,456.95,34,13,15,2,42.00,30.00,101
2026-10-01,buenos-aires,Retiro,1,n,2,456.95,559.21,42,18,15,6,40.00,14.00,102
2026-10-01,buenos-aires,Retiro,1,n,3,559.21,718.44,46,18,7,1,35.00,13.00,101
2026-10-01,buenos-aires,Retiro,1,n,4,718.44,,47,17,14,4,58.00,14.00,101
2026-10-01,buenos-aires,Retiro,1,u,0,,,61,18,11,5,57.00,14.00,141
2026-10-01,buenos-aires,Retiro,1,u,1,,537.41,11,0,0,0,47.00,,35
2026-10-01,buenos-aires,Retiro,1,u,2,537.41,669.30,16,7,5,3,51.00,2.00,35
2026-10-01,buenos-aires,Retiro,1,u,3,669.30,932.85,13,6,4,2,21.00,7.00,35
2026-10-01,buenos-aires,Retiro,1,u,4,932.85,,20,4,2,0,86.00,51.00,35
2026-10-01,buenos-aires,Retiro,2,a,0,,,344,104,71,15,40.00,17.00,818
2026-10-01,buenos-aires,Retiro,2,a,1,,860.93,64,28,20,5,30.00,15.50,203
2026-10-01,buenos-aires,Retiro,2,a,2,860.93,1176.70,84,24,18,6,33.00,13.00,201
2026-10-01,buenos-aires,Retiro,2,a,3,1176.70,1600.00,91,30,21,2,34.00,22.00,209
2026-10-01,buenos-aires,Retiro,2,a,4,1600.00,,96,22,12,2,74.00,20.50,191
2026-10-01,buenos-aires,Retiro,2,f,0,,,150,38,20,2,56.00,14.00,307
2026-10-01,buenos-aires,Retiro,2,f,1,,913.72,20,3,3,0,17.00,9.00,75
2026-10-01,buenos-aires,Retiro,2,f,2,913.72,1326.54,37,7,7,0,83.00,13.00,75
2026-10-01,buenos-aires,Retiro,2,f,3,1326.54,1900.00,45,22,6,2,60.00,29.00,74
2026-10-01,buenos-aires,Retiro,2,f,4,1900.00,,41,6,4,0,85.00,17.50,74
2026-10-01,buenos-aires,Retiro,2,n,0,,,135,47,41,12,31.00,17.00,382
2026-10-01,buenos-aires,Retiro,2,n,1,,814.57,29,14,11,5,39.00,11.00,95
2026-10-01,buenos-aires,Retiro,2,n,2,814.57,1043.29,41,17,12,3,30.00,15.50,95
2026-10-01,buenos-aires,Retiro,2,n,3,1043.29,1400.00,26,12,7,3,30.00,24.00,97
2026-10-01,buenos-aires,Retiro,2,n,4,1400.00,,37,4,11,1,36.00,20.00,92
2026-10-01,buenos-aires,Retiro,2,u,0,,,59,19,10,1,43.00,19.00,129
2026-10-01,buenos-aires,Retiro,2,u,1,,980.39,14,8,4,1,35.00,16.50,33
2026-10-01,buenos-aires,Retiro,2,u,2,980.39,1250.00,17,4,2,0,43.00,30.50,37
2026-10-01,buenos-aires,Retiro,2,u,3,1250.00,1544.12,13,5,3,0,32.00,19.00,26
2026-10-01,buenos-aires,Retiro,2,u,4,1544.12,,15,2,1,0,91.00,23.00,31
2026-10-01,buenos-aires,Retiro,3,a,0,,,245,71,40,8,39.00,21.00,572
2026-10-01,buenos-aires,Retiro,3,a,1,,1442.62,41,15,9,3,26.00,31.00,143
2026-10-01,buenos-aires,Retiro,3,a,2,1442.62,2159.21,61,13,7,0,40.00,21.00,140
2026-10-01,buenos-aires,Retiro,3,a,3,2159.21,3000.00,73,24,15,3,49.00,20.00,149
2026-10-01,buenos-aires,Retiro,3,a,4,3000.00,,65,19,9,2,59.00,19.00,135
2026-10-01,buenos-aires,Retiro,3,f,0,,,98,24,16,3,40.00,20.00,223
2026-10-01,buenos-aires,Retiro,3,f,1,,1572.17,17,8,5,3,5.00,2.00,54
2026-10-01,buenos-aires,Retiro,3,f,2,1572.17,2600.00,32,7,3,0,90.00,29.00,55
2026-10-01,buenos-aires,Retiro,3,f,3,2600.00,3200.00,20,6,8,0,22.00,20.00,60
2026-10-01,buenos-aires,Retiro,3,f,4,3200.00,,24,3,0,0,66.00,,49
2026-10-01,buenos-aires,Retiro,3,n,0,,,108,38,18,3,35.00,30.00,258
2026-10-01,buenos-aires,Retiro,3,n,1,,1294.50,17,7,2,0,23.00,59.00,67
2026-10-01,buenos-aires,Retiro,3,n,2,1294.50,1800.00,18,4,6,0,28.00,21.00,65
2026-10-01,buenos-aires,Retiro,3,n,3,1800.00,2800.00,44,16,7,3,,19.00,74
2026-10-01,buenos-aires,Retiro,3,n,4,2800.00,,29,11,3,0,61.00,61.00,52
2026-10-01,buenos-aires,Retiro,3,u,0,,,39,9,6,2,59.00,17.50,91
2026-10-01,buenos-aires,Retiro,3,u,1,,1400.00,9,1,2,0,70.00,79.50,24
2026-10-01,buenos-aires,Retiro,3,u,2,1400.00,1824.50,11,4,0,0,51.00,,22
2026-10-01,buenos-aires,Retiro,3,u,3,1824.50,3441.42,12,1,0,0,71.00,,23
2026-10-01,buenos-aires,Retiro,3,u,4,3441.42,,7,3,4,2,46.00,9.00,22
2026-10-01,buenos-aires,Retiro,4,a,0,,,100,26,15,1,38.00,22.00,227
2026-10-01,buenos-aires,Retiro,4,a,1,,2000.00,24,8,3,0,38.00,16.00,59
2026-10-01,buenos-aires,Retiro,4,a,2,2000.00,3000.00,29,9,5,0,46.00,23.00,54
2026-10-01,buenos-aires,Retiro,4,a,3,3000.00,4000.00,11,2,4,0,9.00,21.50,61
2026-10-01,buenos-aires,Retiro,4,a,4,4000.00,,33,7,2,1,,29.00,45
2026-10-01,buenos-aires,Retiro,4,f,0,,,46,10,7,0,31.00,21.00,112
2026-10-01,buenos-aires,Retiro,4,f,1,,2000.00,14,5,2,0,42.00,23.50,34
2026-10-01,buenos-aires,Retiro,4,f,2,2000.00,3100.00,12,0,5,0,28.00,21.00,29
2026-10-01,buenos-aires,Retiro,4,f,3,3100.00,3500.00,1,1,0,0,7.00,,28
2026-10-01,buenos-aires,Retiro,4,f,4,3500.00,,19,4,0,0,,,20
2026-10-01,buenos-aires,Retiro,4,n,0,,,34,12,4,1,36.00,33.00,77
2026-10-01,buenos-aires,Retiro,4,n,1,,2000.00,6,3,0,0,19.00,,20
2026-10-01,buenos-aires,Retiro,4,n,3,2900.00,4000.00,5,1,2,0,27.00,49.50,20
2026-10-01,buenos-aires,Retiro,4,u,0,,,20,4,4,0,76.00,28.50,38
2026-10-01,buenos-aires,Saavedra,-1,a,0,,,290,221,221,32,28.00,27.00,1400
2026-10-01,buenos-aires,Saavedra,0,a,0,,,110,77,71,11,28.00,23.00,442
2026-10-01,buenos-aires,Saavedra,0,a,1,,485.44,22,11,15,0,28.00,23.00,121
2026-10-01,buenos-aires,Saavedra,0,a,2,485.44,542.21,17,17,21,5,28.00,28.00,106
2026-10-01,buenos-aires,Saavedra,0,a,3,542.21,604.51,30,20,15,2,28.00,22.00,104
2026-10-01,buenos-aires,Saavedra,0,a,4,604.51,,38,24,18,2,30.00,27.50,100
2026-10-01,buenos-aires,Saavedra,0,f,0,,,13,9,6,2,28.00,17.50,69
2026-10-01,buenos-aires,Saavedra,0,f,1,,511.48,3,5,3,2,28.00,4.00,20
2026-10-01,buenos-aires,Saavedra,0,n,0,,,35,17,15,1,29.00,25.00,177
2026-10-01,buenos-aires,Saavedra,0,n,1,,440.13,5,2,4,0,26.00,23.00,46
2026-10-01,buenos-aires,Saavedra,0,n,2,440.13,501.61,6,3,3,1,34.00,37.00,43
2026-10-01,buenos-aires,Saavedra,0,n,3,501.61,568.63,6,3,6,0,25.00,23.50,47
2026-10-01,buenos-aires,Saavedra,0,n,4,568.63,,17,8,2,0,33.00,59.50,40
2026-10-01,buenos-aires,Saavedra,0,u,0,,,62,51,50,8,28.00,22.50,196
2026-10-01,buenos-aires,Saavedra,0,u,1,,505.80,14,10,13,1,28.00,23.00,50
2026-10-01,buenos-aires,Saavedra,0,u,2,505.80,557.38,6,6,15,1,27.00,27.00,42
2026-10-01,buenos-aires,Saavedra,0,u,3,557.38,610.39,18,15,9,2,28.00,22.00,45
2026-10-01,buenos-aires,Saavedra,0,u,4,610.39,,22,16,11,2,29.00,22.00,49
2026-10-01,buenos-aires,Saavedra,1,a,0,,,109,86,100,13,28.00,27.00,589
2026-10-01,buenos-aires,Saavedra,1,a,1,,546.62,16,16,23,6,27.00,28.00,145
2026-10-01,buenos-aires,Saavedra,1,a,2,546.62,675.24,34,24,16,1,28.00,27.50,153
2026-10-01,buenos-aires,Saavedra,1,a,3,675.24,818.18,28,23,29,2,27.00,27.00,150
2026-10-01,buenos-aires,Saavedra,1,a,4,818.18,,31,23,32,4,28.00,26.00,136
2026-10-01,buenos-aires,Saavedra,1,f,0,,,13,10,17,2,28.00,27.00,74
2026-10-01,buenos-aires,Saavedra,1,f,3,700.00,859.94,1,1,5,0,28.00,28.00,20
2026-10-01,buenos-aires,Saavedra,1,n,0,,,36,23,35,6,27.00,28.00,312
2026-10-01,buenos-aires,Saavedra,1,n,1,,541.40,5,3,10,2,27.00,30.00,76
2026-10-01,buenos-aires,Saavedra,1,n,2,541.40,642.86,11,7,4,1,28.00,41.50,79
2026-10-01,buenos-aires,Saavedra,1,n,3,642.86,761.59,10,6,10,1,24.00,26.00,82
2026-10-01,buenos-aires,Saavedra,1,n,4,761.59,,10,7,11,2,26.00,28.00,75
2026-10-01,buenos-aires,Saavedra,1,u,0,,,60,53,48,5,28.00,27.00,203
2026-10-01,buenos-aires,Saavedra,1,u,1,,563.11,9,9,13,2,27.00,28.00,49
2026-10-01,buenos-aires,Saavedra,1,u,2,563.11,699.04,18,16,11,0,27.00,23.00,56
2026-10-01,buenos-aires,Saavedra,1,u,3,699.04,844.66,20,19,14,1,28.00,28.00,51
2026-10-01,buenos-aires,Saavedra,1,u,4,844.66,,13,9,10,2,28.00,23.00,43
2026-10-01,buenos-aires,Saavedra,2,a,0,,,48,36,25,3,29.00,27.00,213
2026-10-01,buenos-aires,Saavedra,2,a,1,,786.03,11,10,5,1,28.00,23.00,55
2026-10-01,buenos-aires,Saavedra,2,a,2,786.03,980.39,15,12,11,2,32.00,23.00,52
2026-10-01,buenos-aires,Saavedra,2,a,3,980.39,1200.00,12,7,5,0,29.00,28.00,51
2026-10-01,buenos-aires,Saavedra,2,a,4,1200.00,,10,7,4,0,38.00,28.50,53
2026-10-01,buenos-aires,Saavedra,2,f,0,,,5,1,0,0,50.00,,20
2026-10-01,buenos-aires,Saavedra,2,n,0,,,9,4,5,0,29.00,29.00,98
2026-10-01,buenos-aires,Saavedra,2,n,1,,731.15,3,2,2,0,30.00,26.00,25
2026-10-01,buenos-aires,Saavedra,2,n,2,731.15,923.28,1,0,0,0,34.00,,24
2026-10-01,buenos-aires,Saavedra,2,n,3,923.28,1247.59,4,1,3,0,29.00,32.00,26
2026-10-01,buenos-aires,Saavedra,2,n,4,1247.59,,1,1,0,0,23.00,,23
2026-10-01,buenos-aires,Saavedra,2,u,0,,,34,31,20,3,29.00,25.00,95
2026-10-01,buenos-aires,Saavedra,2,u,1,,793.53,8,8,3,1,28.00,22.00,25
2026-10-01,buenos-aires,Saavedra,2,u,2,793.53,983.87,9,10,9,2,28.00,23.00,21
2026-10-01,buenos-aires,Saavedra,2,u,3,983.87,1172.18,7,5,1,0,29.00,28.00,23
2026-10-01,buenos-aires,Saavedra,2,u,4,1172.18,,10,8,7,0,29.00,28.00,24
2026-10-01,buenos-aires,Saavedra,3,a,0,,,15,15,18,4,25.00,25.00,88
2026-10-01,buenos-aires,Saavedra,3,a,1,,1103.90,1,3,8,3,21.00,20.50,24
2026-10-01,buenos-aires,Saavedra,3,a,2,1103.90,1736.33,5,4,5,0,28.00,37.00,21
2026-10-01,buenos-aires,Saavedra,3,a,3,1736.33,2100.00,4,3,3,0,28.00,28.00,21
2026-10-01,buenos-aires,Saavedra,3,a,4,2100.00,,5,4,1,0,21.00,21.00,21
2026-10-01,buenos-aires,Saavedra,3,n,0,,,1,2,8,2,13.00,23.00,38
2026-10-01,buenos-aires,Saavedra,3,u,0,,,13,12,10,2,28.00,26.00,41
2026-10-01,buenos-aires,Saavedra,4,a,0,,,8,7,7,1,21.00,27.00,68
2026-10-01,buenos-aires,Saavedra,4,a,1,,1573.77,2,2,0,0,12.00,,20
2026-10-01,buenos-aires,Saavedra,4,n,0,,,3,2,3,1,15.00,21.00,48
2026-10-01,buenos-aires,Saavedra,4,n,1,,1590.00,0,0,0,0,6.00,,24
2026-10-01,buenos-aires,San Cristóbal,-1,a,0,,,533,273,179,46,31.00,18.00,1600
2026-10-01,buenos-aires,San Cristóbal,0,a,0,,,222,96,71,11,31.00,22.00,637
2026-10-01,buenos-aires,San Cristóbal,0,a,1,,387.10,45,22,17,3,29.00,24.00,156
2026-10-01,buenos-aires,San Cristóbal,0,a,2,387.10,442.90,51,35,22,6,29.00,18.50,150
2026-10-01,buenos-aires,San Cristóbal,0,a,3,442.90,501.61,67,21,13,0,37.00,30.00,160
2026-10-01,buenos-aires,San Cristóbal,0,a,4,501.61,,53,18,13,2,30.00,26.00,159
2026-10-01,buenos-aires,San Cristóbal,0,f,0,,,43,17,11,1,27.00,22.00,154
2026-10-01,buenos-aires,San Cristóbal,0,f,1,,453.07,16,10,3,0,32.00,13.00,44
2026-10-01,buenos-aires,San Cristóbal,0,f,2,453.07,550.00,9,4,5,1,23.00,14.00,40
2026-10-01,buenos-aires,San Cristóbal,0,f,3,550.00,700.00,9,1,1,0,8.00,26.00,42
2026-10-01,buenos-aires,San Cristóbal,0,f,4,700.00,,4,2,2,0,30.00,65.00,23
2026-10-01,buenos-aires,San Cristóbal,0,n,0,,,134,57,45,8,32.00,24.00,377
2026-10-01,buenos-aires,San Cristóbal,0,n,1,,370.13,28,11,11,2,27.00,25.00,94
2026-10-01,buenos-aires,San Cristóbal,0,n,2,370.13,420.71,33,16,11,2,33.00,20.00,91
2026-10-01,buenos-aires,San Cristóbal,0,n,3,420.71,471.21,36,19,12,3,30.00,17.50,95
2026-10-01,buenos-aires,San Cristóbal,0,n,4,471.21,,37,11,11,1,35.00,26.00,97
2026-10-01,buenos-aires,San Cristóbal,0,u,0,,,45,22,15,2,37.00,19.00,106
2026-10-01,buenos-aires,San Cristóbal,0,u,1,,389.61,9,11,3,1,32.00,12.00,27
2026-10-01,buenos-aires,San Cristóbal,0,u,2,389.61,440.12,7,5,3,1,32.00,22.00,23
2026-10-01,buenos-aires,San Cristóbal,0,u,3,440.12,492.55,12,2,1,0,55.00,55.00,24
2026-10-01,buenos-aires,San Cristóbal,0,u,4,492.55,,16,4,2,0,82.00,18.00,25
2026-10-01,buenos-aires,San Cristóbal,1,a,0,,,209,116,77,27,29.00,15.00,654
2026-10-01,buenos-aires,San Cristóbal,1,a,1,,447.02,40,20,14,2,29.00,17.50,157
2026-10-01,buenos-aires,San Cristóbal,1,a,2,447.02,528.05,49,26,21,7,32.00,26.00,161
2026-10-01,buenos-aires,San Cristóbal,1,a,3,528.05,606.43,50,38,20,6,15.00,14.50,159
2026-10-01,buenos-aires,San Cristóbal,1,a,4,606.43,,64,26,16,6,39.00,16.00,160
2026-10-01,buenos-aires,San Cristóbal,1,f,0,,,59,25,20,7,30.00,16.00,143
2026-10-01,buenos-aires,San Cristóbal,1,f,1,,490.20,15,7,9,3,40.00,15.00,35
2026-10-01,buenos-aires,San Cristóbal,1,f,2,490.20,600.00,7,4,5,1,8.00,28.00,46
2026-10-01,buenos-aires,San Cristóbal,1,f,3,600.00,711.97,12,6,0,0,46.00,,22
2026-10-01,buenos-aires,San Cristóbal,1,f,4,711.97,,20,7,5,2,,16.00,31
2026-10-01,buenos-aires,San Cristóbal,1,n,0,,,122,71,44,13,28.00,16.00,432
2026-10-01,buenos-aires,San Cristóbal,1,n,1,,441.42,23,12,6,0,28.00,20.00,106
2026-10-01,buenos-aires,San Cristóbal,1,n,2,441.42,517.80,33,18,11,3,30.00,26.00,116
2026-10-01,buenos-aires,San Cristóbal,1,n,3,517.80,596.03,36,29,16,6,26.00,14.00,101
2026-10-01,buenos-aires,San Cristóbal,1,n,4,596.03,,29,12,11,4,28.00,16.00,108
2026-10-01,buenos-aires,San Cristóbal,1,u,0,,,28,20,13,7,29.00,8.00,79
2026-10-01,buenos-aires,San Cristóbal,2,a,0,,,80,49,28,8,34.00,17.00,259
2026-10-01,buenos-aires,San Cristóbal,2,a,1,,584.41,13,7,7,1,41.00,24.00,63
2026-10-01,buenos-aires,San Cristóbal,2,a,2,584.41,687.58,26,17,7,3,32.00,13.00,64
2026-10-01,buenos-aires,San Cristóbal,2,a,3,687.58,850.00,23,13,7,2,31.00,18.00,61
2026-10-01,buenos-aires,San Cristóbal,2,a,4,850.00,,15,11,6,1,41.00,13.00,62
2026-10-01,buenos-aires,San Cristóbal,2,f,0,,,21,6,7,0,57.00,31.00,59
2026-10-01,buenos-aires,San Cristóbal,2,n,0,,,48,35,16,6,39.00,15.00,146
2026-10-01,buenos-aires,San Cristóbal,2,n,1,,563.10,6,4,5,1,45.00,24.00,36
2026-10-01,buenos-aires,San Cristóbal,2,n,2,563.10,641.31,14,11,4,2,41.00,19.50,37
2026-10-01,buenos-aires,San Cristóbal,2,n,3,641.31,751.62,12,6,2,1,27.00,8.50,38
2026-10-01,buenos-aires,San Cristóbal,2,n,4,751.62,,16,14,5,2,41.00,14.00,35
2026-10-01,buenos-aires,San Cristóbal,2,u,0,,,11,8,5,2,10.00,18.00,54
2026-10-01,buenos-aires,San Cristóbal,3,a,0,,,13,6,1,0,26.00,16.00,33
2026-10-01,buenos-aires,San Cristóbal,3,n,0,,,11,6,1,0,24.00,16.00,30
2026-10-01,buenos-aires,San Fernando,-1,a,0,,,209,148,169,3,30.00,27.00,1139
2026-10-01,buenos-aires,San Fernando,0,a,0,,,40,19,21,0,36.00,28.00,223
2026-10-01,buenos-aires,San Fernando,0,a,1,,357.83,5,3,4,0,34.00,27.00,58
2026-10-01,buenos-aires,San Fernando,0,a,2,357.83,472.49,3,1,6,0,29.00,28.00,50
2026-10-01,buenos-aires,San Fernando,0,a,3,472.49,1000.00,18,10,5,0,42.00,29.00,54
2026-10-01,buenos-aires,San Fernando,0,a,4,1000.00,,14,5,5,0,42.00,23.00,60
2026-10-01,buenos-aires,San Fernando,0,f,0,,,1,0,0,0,42.00,,20
2026-10-01,buenos-aires,San Fernando,0,n,0,,,5,2,2,0,42.00,29.00,80
2026-10-01,buenos-aires,San Fernando,0,n,1,,335.52,1,1,0,0,34.00,,21
2026-10-01,buenos-aires,San Fernando,0,n,3,419.67,520.90,1,1,1,0,39.00,28.00,20
2026-10-01,buenos-aires,San Fernando,0,n,4,520.90,,2,0,0,0,42.00,,21
2026-10-01,buenos-aires,San Fernando,0,u,0,,,34,17,19,0,31.00,27.00,123
2026-10-01,buenos-aires,San Fernando,0,u,1,,392.16,5,3,6,0,29.00,27.50,29
2026-10-01,buenos-aires,San Fernando,0,u,2,392.16,600.00,8,4,6,0,31.00,28.50,28
2026-10-01,buenos-aires,San Fernando,0,u,3,600.00,1414.79,13,6,1,0,42.00,30.00,32
2026-10-01,buenos-aires,San Fernando,0,u,4,1414.79,,8,4,5,0,35.00,23.00,33
2026-10-01,buenos-aires,San Fernando,1,a,0,,,78,60,79,1,29.00,27.00,511
2026-10-01,buenos-aires,San Fernando,1,a,1,,461.04,21,12,15,0,31.00,28.00,139
2026-10-01,buenos-aires,San Fernando,1,a,2,461.04,524.27,26,22,23,0,29.00,28.00,126
2026-10-01,buenos-aires,San Fernando,1,a,3,524.27,596.06,20,17,16,0,29.00,28.00,123
2026-10-01,buenos-aires,San Fernando,1,a,4,596.06,,11,9,25,1,28.00,22.00,121
2026-10-01,buenos-aires,San Fernando,1,f,0,,,3,2,8,0,30.00,26.00,49
2026-10-01,buenos-aires,San Fernando,1,n,0,,,18,11,10,0,30.00,28.00,279
2026-10-01,buenos-aires,San Fernando,1,n,1,,437.30,4,1,4,0,32.00,28.00,76
2026-10-01,buenos-aires,San Fernando,1,n,2,437.30,500.00,11,7,3,0,30.00,28.00,68
2026-10-01,buenos-aires,San Fernando,1,n,3,500.00,564.63,2,2,2,0,28.00,69.50,67
2026-10-01,buenos-aires,San Fernando,1,n,4,564.63,,1,1,1,0,30.00,22.00,67
2026-10-01,buenos-aires,San Fernando,1,u,0,,,57,47,61,1,29.00,27.00,183
2026-10-01,buenos-aires,San Fernando,1,u,1,,485.44,17,12,18,0,28.00,27.00,48
2026-10-01,buenos-aires,San Fernando,1,u,2,485.44,540.45,18,15,14,0,29.00,27.50,48
2026-10-01,buenos-aires,San Fernando,1,u,3,540.45,605.86,14,13,14,0,29.00,28.00,42
2026-10-01,buenos-aires,San Fernando,1,u,4,605.86,,8,7,15,1,28.00,22.00,44
2026-10-01,buenos-aires,San Fernando,2,a,0,,,46,33,42,1,29.00,27.50,218
2026-10-01,buenos-aires,San Fernando,2,a,1,,578.78,6,3,12,0,27.00,27.50,54
2026-10-01,buenos-aires,San Fernando,2,a,2,578.78,711.97,15,7,14,0,31.00,27.00,54
2026-10-01,buenos-aires,San Fernando,2,a,3,711.97,872.13,11,12,6,1,32.00,28.00,57
2026-10-01,buenos-aires,San Fernando,2,a,4,872.13,,13,10,10,0,29.00,27.50,52
2026-10-01,buenos-aires,San Fernando,2,n,0,,,15,7,6,0,31.00,28.00,112
2026-10-01,buenos-aires,San Fernando,2,n,1,,541.26,1,1,4,0,23.00,28.00,29
2026-10-01,buenos-aires,San Fernando,2,n,2,541.26,670.09,8,2,0,0,33.00,,27
2026-10-01,buenos-aires,San Fernando,2,n,3,670.09,785.71,2,2,0,0,37.00,,29
2026-10-01,buenos-aires,San Fernando,2,n,4,785.71,,4,2,2,0,31.00,44.50,27
2026-10-01,buenos-aires,San Fernando,2,u,0,,,29,26,34,1,28.00,27.00,95
2026-10-01,buenos-aires,San Fernando,2,u,1,,619.81,4,3,13,0,28.00,27.00,23
2026-10-01,buenos-aires,San Fernando,2,u,2,619.81,716.61,8,6,11,0,28.00,27.00,23
2026-10-01,buenos-aires,San Fernando,2,u,3,716.61,950.82,5,6,5,1,29.00,28.00,24
2026-10-01,buenos-aires,San Fernando,2,u,4,950.82,,11,10,5,0,55.00,22.00,24
2026-10-01,buenos-aires,San Fernando,3,a,0,,,38,32,22,1,28.00,23.50,158
2026-10-01,buenos-aires,San Fernando,3,a,1,,1200.00,9,8,5,0,29.00,28.00,38
2026-10-01,buenos-aires,San Fernando,3,a,2,1200.00,3000.00,7,7,5,1,29.00,28.00,38
2026-10-01,buenos-aires,San Fernando,3,a,3,3000.00,4900.00,20,15,11,0,24.00,22.00,56
2026-10-01,buenos-aires,San Fernando,3,a,4,4900.00,,2,2,1,0,21.00,26.00,26
2026-10-01,buenos-aires,San Fernando,3,n,0,,,15,8,15,0,22.00,22.00,103
2026-10-01,buenos-aires,San Fernando,3,n,1,,1700.00,3,1,2,0,31.00,30.00,28
2026-10-01,buenos-aires,San Fernando,3,n,2,1700.00,4900.00,12,7,12,0,22.00,22.00,53
2026-10-01,buenos-aires,San Fernando,3,n,4,4900.00,,0,0,1,0,4.00,26.00,22
2026-10-01,buenos-aires,San Fernando,3,u,0,,,15,15,6,0,28.00,28.00,41
2026-10-01,buenos-aires,San Fernando,4,a,0,,,7,4,5,0,61.00,30.00,29
2026-10-01,buenos-aires,San Isidro,-1,a,0,,,246,160,228,8,29.00,27.00,1535
2026-10-01,buenos-aires,San Isidro,0,a,0,,,34,14,21,0,29.00,28.00,190
2026-10-01,buenos-aires,San Isidro,0,a,1,,430.97,3,0,7,0,30.00,28.00,46
2026-10-01,buenos-aires,San Isidro,0,a,2,430.97,577.05,6,4,4,0,28.00,28.00,45
2026-10-01,buenos-aires,San Isidro,0,a,3,577.05,950.00,9,5,6,0,31.00,26.50,50
2026-10-01,buenos-aires,San Isidro,0,a,4,950.00,,16,5,4,0,31.00,27.00,46
2026-10-01,buenos-aires,San Isidro,0,n,0,,,8,2,1,0,35.00,62.00,68
2026-10-01,buenos-aires,San Isidro,0,u,0,,,24,12,18,0,28.00,28.00,113
2026-10-01,buenos-aires,San Isidro,0,u,1,,485.43,3,2,7,0,28.00,28.00,27
2026-10-01,buenos-aires,San Isidro,0,u,2,485.43,750.00,4,3,4,0,28.00,28.00,27
2026-10-01,buenos-aires,San Isidro,0,u,3,750.00,1286.17,5,2,4,0,27.00,24.50,27
2026-10-01,buenos-aires,San Isidro,0,u,4,1286.17,,12,5,3,0,46.00,30.00,29
2026-10-01,buenos-aires,San Isidro,1,a,0,,,75,54,82,1,29.00,27.00,574
2026-10-01,buenos-aires,San Isidro,1,a,1,,562.91,16,11,13,0,28.00,27.00,145
2026-10-01,buenos-aires,San Isidro,1,a,2,562.91,673.08,20,15,30,1,29.00,25.00,143
2026-10-01,buenos-aires,San Isidro,1,a,3,673.08,915.03,19,13,22,0,28.00,28.00,136
2026-10-01,buenos-aires,San Isidro,1,a,4,915.03,,15,10,16,0,30.00,28.00,143
2026-10-01,buenos-aires,San Isidro,1,f,0,,,18,16,9,1,29.00,28.00,87
2026-10-01,buenos-aires,San Isidro,1,f,1,,694.80,6,7,4,1,28.00,25.50,20
2026-10-01,buenos-aires,San Isidro,1,f,2,694.80,800.00,2,0,4,0,28.00,28.00,25
2026-10-01,buenos-aires,San Isidro,1,f,3,800.00,1000.00,4,4,0,0,28.00,,23
2026-10-01,buenos-aires,San Isidro,1,n,0,,,18,7,16,0,29.00,27.00,257
2026-10-01,buenos-aires,San Isidro,1,n,1,,514.47,4,2,3,0,29.00,27.00,67
2026-10-01,buenos-aires,San Isidro,1,n,2,514.47,596.03,6,2,5,0,28.00,26.00,61
2026-10-01,buenos-aires,San Isidro,1,n,3,596.03,843.59,3,1,6,0,30.00,28.00,66
2026-10-01,buenos-aires,San Isidro,1,n,4,843.59,,5,2,2,0,40.00,27.00,63
2026-10-01,buenos-aires,San Isidro,1,u,0,,,39,31,57,0,28.00,27.00,230
2026-10-01,buenos-aires,San Isidro,1,u,1,,597.42,10,10,13,0,28.00,28.00,61
2026-10-01,buenos-aires,San Isidro,1,u,2,597.42,681.82,10,6,19,0,28.00,24.00,56
2026-10-01,buenos-aires,San Isidro,1,u,3,681.82,894.23,12,9,11,0,28.00,28.00,53
2026-10-01,buenos-aires,San Isidro,1,u,4,894.23,,6,5,13,0,29.00,28.00,57
2026-10-01,buenos-aires,San Isidro,2,a,0,,,77,57,70,5,28.00,27.00,463
2026-10-01,buenos-aires,San Isidro,2,a,1,,850.00,17,12,12,1,27.00,24.50,115
2026-10-01,buenos-aires,San Isidro,2,a,2,850.00,1176.47,12,13,20,3,28.00,28.00,114
2026-10-01,buenos-aires,San Isidro,2,a,3,1176.47,1550.00,27,21,22,1,28.00,27.00,120
2026-10-01,buenos-aires,San Isidro,2,a,4,1550.00,,21,11,16,0,28.00,27.00,113
2026-10-01,buenos-aires,San Isidro,2,f,0,,,6,6,2,0,25.00,27.00,35
2026-10-01,buenos-aires,San Isidro,2,n,0,,,20,11,22,2,28.00,27.50,216
2026-10-01,buenos-aires,San Isidro,2,n,1,,776.70,2,1,3,1,23.00,21.00,53
2026-10-01,buenos-aires,San Isidro,2,n,2,776.70,1028.94,3,1,7,0,28.00,28.00,52
2026-10-01,buenos-aires,San Isidro,2,n,3,1028.94,1400.00,5,4,9,1,28.00,29.00,55
2026-10-01,buenos-aires,San Isidro,2,n,4,1400.00,,10,5,3,0,34.00,22.00,56
2026-10-01,buenos-aires,San Isidro,2,u,0,,,51,40,46,3,28.00,27.00,212
2026-10-01,buenos-aires,San Isidro,2,u,1,,900.00,15,12,9,0,28.00,28.00,55
2026-10-01,buenos-aires,San Isidro,2,u,2,900.00,1200.00,10,12,16,3,28.00,27.00,54
2026-10-01,buenos-aires,San Isidro,2,u,3,1200.00,1655.84,15,9,13,0,28.00,27.00,55
2026-10-01,buenos-aires,San Isidro,2,u,4,1655.84,,11,7,8,0,28.00,26.50,47
2026-10-01,buenos-aires,San Isidro,3,a,0,,,37,26,32,1,29.00,28.00,191
2026-10-01,buenos-aires,San Isidro,3,a,1,,1500.00,5,2,12,0,28.00,28.00,56
2026-10-01,buenos-aires,San Isidro,3,a,2,1500.00,2200.00,6,4,10,0,28.00,27.00,39
2026-10-01,buenos-aires,San Isidro,3,a,3,2200.00,3000.00,11,9,7,0,30.00,28.00,54
2026-10-01,buenos-aires,San Isidro,3,a,4,3000.00,,15,11,3,1,41.00,27.00,42
2026-10-01,buenos-aires,San Isidro,3,f,0,,,5,2,4,1,29.00,27.00,24
2026-10-01,buenos-aires,San Isidro,3,n,0,,,14,9,7,0,30.00,27.00,91
2026-10-01,buenos-aires,San Isidro,3,n,1,,1294.50,2,1,5,0,30.00,27.00,25
2026-10-01,buenos-aires,San Isidro,3,n,2,1294.50,2077.92,2,0,0,0,35.00,,21
2026-10-01,buenos-aires,San Isidro,3,n,3,2077.92,2800.00,4,4,1,0,45.00,27.00,24
2026-10-01,buenos-aires,San Isidro,3,n,4,2800.00,,6,4,1,0,28.00,28.00,21
2026-10-01,buenos-aires,San Isidro,3,u,0,,,18,15,21,0,28.00,28.00,76
2026-10-01,buenos-aires,San Isidro,3,u,3,2057.88,3000.00,5,3,6,0,29.00,27.00,26
2026-10-01,buenos-aires,San Isidro,4,a,0,,,23,9,23,1,31.00,27.00,117
2026-10-01,buenos-aires,San Isidro,4,a,1,,2800.00,3,1,12,1,29.00,27.00,37
2026-10-01,buenos-aires,San Isidro,4,a,2,2800.00,3800.00,5,2,3,0,40.00,28.00,25
2026-10-01,buenos-aires,San Isidro,4,a,3,3800.00,6000.00,4,1,6,0,29.00,27.00,28
2026-10-01,buenos-aires,San Isidro,4,a,4,6000.00,,11,5,2,0,44.00,27.50,26
2026-10-01,buenos-aires,San Isidro,4,n,0,,,7,2,8,0,36.00,27.00,47
2026-10-01,buenos-aires,San Isidro,4,u,0,,,11,5,14,1,29.00,27.00,53
2026-10-01,buenos-aires,San Miguel,-1,a,0,,,316,223,211,12,29.00,27.00,1992
2026-10-01,buenos-aires,San Miguel,0,a,0,,,109,71,48,5,29.00,27.00,463
2026-10-01,buenos-aires,San Miguel,0,a,1,,291.26,24,13,8,2,29.00,27.50,121
2026-10-01,buenos-aires,San Miguel,0,a,2,291.26,341.46,19,16,13,0,29.00,27.00,111
2026-10-01,buenos-aires,San Miguel,0,a,3,341.46,478.69,22,21,21,1,28.00,27.00,102
2026-10-01,buenos-aires,San Miguel,0,a,4,478.69,,42,19,5,2,31.00,25.00,125
2026-10-01,buenos-aires,San Miguel,0,n,0,,,29,16,13,4,30.00,25.00,212
2026-10-01,buenos-aires,San Miguel,0,n,1,,281.05,9,5,4,2,29.00,14.50,60
2026-10-01,buenos-aires,San Miguel,0,n,2,281.05,313.73,9,2,2,0,37.00,26.00,53
2026-10-01,buenos-aires,San Miguel,0,n,3,313.73,359.48,7,6,3,1,31.00,27.00,54
2026-10-01,buenos-aires,San Miguel,0,n,4,359.48,,4,3,4,1,28.00,23.50,45
2026-10-01,buenos-aires,San Miguel,0,u,0,,,80,55,35,1,29.00,27.00,238
2026-10-01,buenos-aires,San Miguel,0,u,1,,308.09,15,13,7,0,28.00,27.00,56
2026-10-01,buenos-aires,San Miguel,0,u,2,308.09,375.40,14,14,16,0,28.00,27.50,48
2026-10-01,buenos-aires,San Miguel,0,u,3,375.40,980.39,20,13,7,0,31.00,28.00,62
2026-10-01,buenos-aires,San Miguel,0,u,4,980.39,,29,13,4,1,36.00,26.00,68
2026-10-01,buenos-aires,San Miguel,1,a,0,,,111,89,94,6,29.00,27.00,848
2026-10-01,buenos-aires,San Miguel,1,a,1,,377.62,24,21,21,1,32.00,28.00,222
2026-10-01,buenos-aires,San Miguel,1,a,2,377.62,424.84,34,21,23,0,29.00,27.00,239
2026-10-01,buenos-aires,San Miguel,1,a,3,424.84,470.20,17,14,18,3,28.00,23.50,174
2026-10-01,buenos-aires,San Miguel,1,a,4,470.20,,35,32,31,2,29.00,27.00,207
2026-10-01,buenos-aires,San Miguel,1,f,0,,,1,1,9,0,28.00,22.00,36
2026-10-01,buenos-aires,San Miguel,1,n,0,,,46,30,23,2,31.00,28.00,573
2026-10-01,buenos-aires,San Miguel,1,n,1,,360.66,13,10,9,1,40.00,28.00,148
2026-10-01,buenos-aires,San Miguel,1,n,2,360.66,410.60,13,7,7,0,28.00,27.00,141
2026-10-01,buenos-aires,San Miguel,1,n,3,410.60,457.52,14,9,5,1,30.00,26.00,157
2026-10-01,buenos-aires,San Miguel,1,n,4,457.52,,6,4,2,0,29.00,37.50,127
2026-10-01,buenos-aires,San Miguel,1,u,0,,,64,58,62,4,28.00,27.00,239
2026-10-01,buenos-aires,San Miguel,1,u,1,,393.44,14,13,14,0,28.00,27.00,59
2026-10-01,buenos-aires,San Miguel,1,u,2,393.44,447.28,16,13,17,1,28.00,27.00,53
2026-10-01,buenos-aires,San Miguel,1,u,3,447.28,496.74,17,16,15,1,28.00,27.00,54
2026-10-01,buenos-aires,San Miguel,1,u,4,496.74,,16,15,15,2,28.00,27.00,67
2026-10-01,buenos-aires,San Miguel,2,a,0,,,71,53,45,1,28.00,27.00,490
2026-10-01,buenos-aires,San Miguel,2,a,1,,472.49,15,10,11,0,28.00,27.00,121
2026-10-01,buenos-aires,San Miguel,2,a,2,472.49,577.92,13,9,14,0,28.00,26.50,122
2026-10-01,buenos-aires,San Miguel,2,a,3,577.92,688.52,21,18,8,1,28.00,24.00,124
2026-10-01,buenos-aires,San Miguel,2,a,4,688.52,,20,14,12,0,29.00,28.00,119
2026-10-01,buenos-aires,San Miguel,2,n,0,,,25,12,7,0,30.00,27.00,297
2026-10-01,buenos-aires,San Miguel,2,n,1,,459.02,8,3,3,0,35.00,30.00,77
2026-10-01,buenos-aires,San Miguel,2,n,2,459.02,555.56,4,2,2,0,30.00,26.00,75
2026-10-01,buenos-aires,San Miguel,2,n,3,555.56,644.66,9,5,1,0,29.00,21.00,71
2026-10-01,buenos-aires,San Miguel,2,n,4,644.66,,4,2,1,0,30.00,21.00,73
2026-10-01,buenos-aires,San Miguel,2,u,0,,,43,40,34,1,28.00,28.00,178
2026-10-01,buenos-aires,San Miguel,2,u,1,,488.60,6,6,8,0,27.00,27.00,37
2026-10-01,buenos-aires,San Miguel,2,u,2,488.60,596.02,10,9,10,0,28.00,27.00,46
2026-10-01,buenos-aires,San Miguel,2,u,3,596.02,714.29,13,13,7,1,28.00,26.00,49
2026-10-01,buenos-aires,San Miguel,2,u,4,714.29,,12,10,9,0,28.00,28.00,43
2026-10-01,buenos-aires,San Miguel,3,a,0,,,19,9,16,0,28.00,27.00,141
2026-10-01,buenos-aires,San Miguel,3,a,1,,610.93,5,3,3,0,28.00,28.00,37
2026-10-01,buenos-aires,San Miguel,3,a,2,610.93,736.34,3,1,4,0,23.00,23.50,32
2026-10-01,buenos-aires,San Miguel,3,a,3,736.34,967.74,6,3,5,0,28.00,28.00,34
2026-10-01,buenos-aires,San Miguel,3,a,4,967.74,,4,1,4,0,29.00,25.50,37
2026-10-01,buenos-aires,San Miguel,3,n,0,,,7,2,3,0,27.00,51.00,86
2026-10-01,buenos-aires,San Miguel,3,n,1,,588.24,2,0,0,0,25.00,,22
2026-10-01,buenos-aires,San Miguel,3,n,2,588.24,761.59,0,0,0,0,23.00,,22
2026-10-01,buenos-aires,San Miguel,3,n,3,761.59,974.03,5,2,2,0,39.00,52.00,20
2026-10-01,buenos-aires,San Miguel,3,n,4,974.03,,0,0,1,0,28.00,22.00,22
2026-10-01,buenos-aires,San Miguel,3,u,0,,,11,7,12,0,28.00,26.50,49
2026-10-01,buenos-aires,San Miguel,4,a,0,,,6,1,8,0,28.00,28.00,50
2026-10-01,buenos-aires,San Miguel,4,u,0,,,3,1,5,0,29.00,28.00,30
2026-10-01,buenos-aires,San Nicolás,-1,a,0,,,1662,649,392,89,42.00,21.00,3875
2026-10-01,buenos-aires,San Nicolás,0,a,0,,,634,224,140,28,50.00,22.00,1402
2026-10-01,buenos-aires,San Nicolás,0,a,1,,388.35,116,55,48,7,30.00,26.50,359
2026-10-01,buenos-aires,San Nicolás,0,a,2,388.35,464.52,132,74,30,11,34.00,17.00,330
2026-10-01,buenos-aires,San Nicolás,0,a,3,464.52,600.00,154,52,25,7,53.00,19.00,351
2026-10-01,buenos-aires,San Nicolás,0,a,4,600.00,,172,41,37,3,72.00,18.00,295
2026-10-01,buenos-aires,San Nicolás,0,f,0,,,368,99,80,16,61.00,21.50,749
2026-10-01,buenos-aires,San Nicolás,0,f,1,,450.00,70,40,28,7,31.00,27.00,203
2026-10-01,buenos-aires,San Nicolás,0,f,2,450.00,550.00,72,15,11,5,56.00,13.00,160
2026-10-01,buenos-aires,San Nicolás,0,f,3,550.00,650.00,80,22,21,2,58.00,19.00,180
2026-10-01,buenos-aires,San Nicolás,0,f,4,650.00,,89,21,20,2,77.00,21.50,149
2026-10-01,buenos-aires,San Nicolás,0,n,0,,,151,72,48,8,31.00,27.50,412
2026-10-01,buenos-aires,San Nicolás,0,n,1,,323.62,28,12,16,0,30.00,31.50,102
2026-10-01,buenos-aires,San Nicolás,0,n,2,323.62,388.35,41,17,13,2,30.00,23.00,112
2026-10-01,buenos-aires,San Nicolás,0,n,3,388.35,453.08,28,21,12,5,31.00,15.00,97
2026-10-01,buenos-aires,San Nicolás,0,n,4,453.08,,53,22,7,1,63.00,12.00,100
2026-10-01,buenos-aires,San Nicolás,0,u,0,,,115,53,12,4,41.00,14.50,241
2026-10-01,buenos-aires,San Nicolás,0,u,1,,388.35,19,11,3,2,30.00,1.00,61
2026-10-01,buenos-aires,San Nicolás,0,u,2,388.35,437.09,27,13,3,0,42.00,15.00,57
2026-10-01,buenos-aires,San Nicolás,0,u,3,437.09,562.94,31,13,3,0,75.00,31.00,57
2026-10-01,buenos-aires,San Nicolás,0,u,4,562.94,,36,15,3,2,,1.00,57
2026-10-01,buenos-aires,San Nicolás,1,a,0,,,593,267,125,30,33.00,19.00,1460
2026-10-01,buenos-aires,San Nicolás,1,a,1,,454.55,105,51,46,10,30.00,26.00,361
2026-10-01,buenos-aires,San Nicolás,1,a,2,454.55,546.93,127,68,33,6,30.00,19.00,358
2026-10-01,buenos-aires,San Nicolás,1,a,3,546.93,647.25,163,89,26,9,39.00,12.00,357
2026-10-01,buenos-aires,San Nicolás,1,a,4,647.25,,162,58,20,5,47.00,19.50,345
2026-10-01,buenos-aires,San Nicolás,1,f,0,,,292,98,51,12,54.00,19.00,588
2026-10-01,buenos-aires,San Nicolás,1,f,1,,546.93,55,19,18,3,31.00,22.50,140
2026-10-01,buenos-aires,San Nicolás,1,f,2,546.93,612.21,62,31,17,6,39.00,13.00,142
2026-10-01,buenos-aires,San Nicolás,1,f,3,612.21,711.97,59,16,6,1,37.00,26.00,135
2026-10-01,buenos-aires,San Nicolás,1,f,4,711.97,,83,32,10,2,83.00,19.50,138
2026-10-01,buenos-aires,San Nicolás,1,n,0,,,219,134,68,17,29.00,21.00,674
2026-10-01,buenos-aires,San Nicolás,1,n,1,,420.71,47,23,24,5,29.00,26.00,176
2026-10-01,buenos-aires,San Nicolás,1,n,2,420.71,490.20,39,20,20,4,25.00,29.00,161
2026-10-01,buenos-aires,San Nicolás,1,n,3,490.20,556.63,66,49,14,6,30.00,12.00,169
2026-10-01,buenos-aires,San Nicolás,1,n,4,556.63,,67,42,10,2,31.00,13.50,167
2026-10-01,buenos-aires,San Nicolás,1,u,0,,,82,35,6,1,49.00,15.00,198
2026-10-01,buenos-aires,San Nicolás,1,u,1,,454.55,17,10,4,0,31.00,24.00,50
2026-10-01,buenos-aires,San Nicolás,1,u,2,454.55,550.00,23,9,1,0,72.00,13.00,50
2026-10-01,buenos-aires,San Nicolás,1,u,3,550.00,642.85,21,9,1,1,60.00,2.00,47
2026-10-01,buenos-aires,San Nicolás,1,u,4,642.85,,18,6,0,0,59.00,,46
2026-10-01,buenos-aires,San Nicolás,2,a,0,,,286,94,83,23,52.00,21.00,664
2026-10-01,buenos-aires,San Nicolás,2,a,1,,629.77,36,14,29,4,30.00,27.00,162
2026-10-01,buenos-aires,San Nicolás,2,a,2,629.77,764.71,73,28,26,9,58.00,13.00,166
2026-10-01,buenos-aires,San Nicolás,2,a,3,764.71,950.00,74,26,18,6,54.00,19.50,170
2026-10-01,buenos-aires,San Nicolás,2,a,4,950.00,,88,25,10,4,79.00,30.50,150
2026-10-01,buenos-aires,San Nicolás,2,f,0,,,118,23,36,8,55.00,25.50,281
2026-10-01,buenos-aires,San Nicolás,2,f,1,,700.00,14,3,17,1,28.00,28.00,71
2026-10-01,buenos-aires,San Nicolás,2,f,2,700.00,850.00,29,3,4,1,60.00,31.00,70
2026-10-01,buenos-aires,San Nicolás,2,f,3,850.00,1026.03,21,7,10,4,31.00,21.00,63
2026-10-01,buenos-aires,San Nicolás,2,f,4,1026.03,,43,10,5,2,,30.00,65
2026-10-01,buenos-aires,San Nicolás,2,n,0,,,112,52,37,11,37.00,21.00,277
2026-10-01,buenos-aires,San Nicolás,2,n,1,,591.03,17,8,10,2,30.00,26.50,69
2026-10-01,buenos-aires,San Nicolás,2,n,2,591.03,700.65,27,11,8,0,34.00,20.50,68
2026-10-01,buenos-aires,San Nicolás,2,n,3,700.65,809.06,31,18,12,7,41.00,4.00,69
2026-10-01,buenos-aires,San Nicolás,2,n,4,809.06,,34,15,7,2,52.00,31.00,68
2026-10-01,buenos-aires,San Nicolás,2,u,0,,,56,19,10,4,60.00,17.00,106
2026-10-01,buenos-aires,San Nicolás,2,u,1,,623.80,6,1,4,0,31.00,29.00,27
2026-10-01,buenos-aires,San Nicolás,2,u,2,623.80,750.00,14,6,4,3,59.00,3.00,26
2026-10-01,buenos-aires,San Nicolás,2,u,3,750.00,906.15,17,6,2,1,,8.00,27
2026-10-01,buenos-aires,San Nicolás,2,u,4,906.15,,18,5,0,0,,,25
2026-10-01,buenos-aires,San Nicolás,3,a,0,,,110,53,31,7,40.00,26.00,263
2026-10-01,buenos-aires,San Nicolás,3,a,1,,771.70,22,14,15,4,30.00,26.00,67
2026-10-01,buenos-aires,San Nicolás,3,a,2,771.70,980.39,28,16,7,2,43.00,14.00,64
2026-10-01,buenos-aires,San Nicolás,3,a,3,980.39,1488.46,36,16,4,0,70.00,46.50,63
2026-10-01,buenos-aires,San Nicolás,3,a,4,1488.46,,22,7,5,1,35.00,22.00,65
2026-10-01,buenos-aires,San Nicolás,3,f,0,,,36,16,6,2,35.00,13.00,82
2026-10-01,buenos-aires,San Nicolás,3,f,1,,918.03,9,5,2,0,43.00,36.50,21
2026-10-01,buenos-aires,San Nicolás,3,f,3,1488.46,1850.00,4,1,1,0,27.00,12.00,20
2026-10-01,buenos-aires,San Nicolás,3,f,4,1850.00,,9,4,2,1,77.00,14.00,20
2026-10-01,buenos-aires,San Nicolás,3,n,0,,,41,20,16,2,44.00,34.00,116
2026-10-01,buenos-aires,San Nicolás,3,n,1,,746.75,9,7,8,2,36.00,29.00,30
2026-10-01,buenos-aires,San Nicolás,3,n,2,746.75,850.00,9,3,2,0,35.00,33.00,28
2026-10-01,buenos-aires,San Nicolás,3,n,3,850.00,1133.64,9,5,3,0,37.00,31.00,28
2026-10-01,buenos-aires,San Nicolás,3,n,4,1133.64,,13,5,3,0,65.00,40.00,29
2026-10-01,buenos-aires,San Nicolás,3,u,0,,,33,17,9,3,43.00,26.00,65
2026-10-01,buenos-aires,San Nicolás,4,a,0,,,39,11,13,1,58.00,14.00,86
2026-10-01,buenos-aires,San Nicolás,4,a,1,,903.23,13,5,7,1,75.00,14.00,24
2026-10-01,buenos-aires,San Nicolás,4,a,3,1249.18,1957.52,8,1,1,0,78.00,43.00,21
2026-10-01,buenos-aires,San Nicolás,4,a,4,1957.52,,11,2,1,0,91.00,37.00,20
2026-10-01,buenos-aires,San Nicolás,4,n,0,,,19,6,6,0,57.00,26.50,42
2026-10-01,buenos-aires,San Nicolás,4,u,0,,,7,4,5,1,33.00,12.00,25
2026-10-01,buenos-aires,San Telmo,-1,a,0,,,784,342,243,57,39.00,15.00,1834
2026-10-01,buenos-aires,San Telmo,0,a,0,,,310,113,92,13,48.00,15.00,643
2026-10-01,buenos-aires,San Telmo,0,a,1,,453.07,52,23,27,4,28.00,20.00,163
2026-10-01,buenos-aires,San Telmo,0,a,2,453.07,600.00,100,43,32,5,51.00,15.50,199
2026-10-01,buenos-aires,San Telmo,0,a,3,600.00,750.00,61,23,9,3,81.00,12.00,113
2026-10-01,buenos-aires,San Telmo,0,a,4,750.00,,85,22,23,1,60.00,15.00,154
2026-10-01,buenos-aires,San Telmo,0,f,0,,,197,71,56,9,55.00,13.00,394
2026-10-01,buenos-aires,San Telmo,0,f,1,,500.00,35,17,13,3,34.00,19.00,101
2026-10-01,buenos-aires,San Telmo,0,f,2,500.00,616.88,47,27,17,5,51.00,11.00,94
2026-10-01,buenos-aires,San Telmo,0,f,3,616.88,844.00,54,14,9,1,81.00,12.00,94
2026-10-01,buenos-aires,San Telmo,0,f,4,844.00,,49,11,16,0,58.00,15.00,92
2026-10-01,buenos-aires,San Telmo,0,n,0,,,79,26,29,3,36.00,19.00,177
2026-10-01,buenos-aires,San Telmo,0,n,1,,402.56,11,3,12,1,30.00,24.50,44
2026-10-01,buenos-aires,San Telmo,0,n,2,402.56,472.49,21,6,6,1,31.00,16.50,45
2026-10-01,buenos-aires,San Telmo,0,n,3,472.49,650.00,26,8,7,0,96.00,16.00,44
2026-10-01,buenos-aires,San Telmo,0,n,4,650.00,,21,9,4,1,32.00,13.00,44
2026-10-01,buenos-aires,San Telmo,0,u,0,,,34,16,7,1,37.00,23.00,72
2026-10-01,buenos-aires,San Telmo,0,u,1,,445.02,4,3,2,1,21.00,13.00,20
2026-10-01,buenos-aires,San Telmo,1,a,0,,,312,151,99,32,33.00,14.00,783
2026-10-01,buenos-aires,San Telmo,1,a,1,,518.15,55,26,29,5,29.00,22.00,194
2026-10-01,buenos-aires,San Telmo,1,a,2,518.15,666.66,76,43,29,10,31.00,11.00,193
2026-10-01,buenos-aires,San Telmo,1,a,3,666.66,906.15,83,51,22,12,30.00,6.50,194
2026-10-01,buenos-aires,San Telmo,1,a,4,906.15,,89,31,19,5,58.00,22.00,190
2026-10-01,buenos-aires,San Telmo,1,f,0,,,171,65,42,14,42.00,17.00,420
2026-10-01,buenos-aires,San Telmo,1,f,1,,590.16,25,11,12,4,27.00,11.00,105
2026-10-01,buenos-aires,San Telmo,1,f,2,590.16,750.00,55,22,10,3,68.00,14.50,108
2026-10-01,buenos-aires,San Telmo,1,f,3,750.00,1005.16,37,19,9,4,34.00,14.00,94
2026-10-01,buenos-aires,San Telmo,1,f,4,1005.16,,45,13,11,3,46.00,28.00,103
2026-10-01,buenos-aires,San Telmo,1,n,0,,,101,62,45,12,30.00,14.00,266
2026-10-01,buenos-aires,San Telmo,1,n,1,,464.95,19,12,15,2,38.00,16.00,67
2026-10-01,buenos-aires,San Telmo,1,n,2,464.95,562.71,25,13,13,3,29.00,13.00,67
2026-10-01,buenos-aires,San Telmo,1,n,3,562.71,800.00,28,22,10,5,29.00,8.50,69
2026-10-01,buenos-aires,San Telmo,1,n,4,800.00,,29,15,7,2,29.00,15.00,63
2026-10-01,buenos-aires,San Telmo,1,u,0,,,40,24,12,6,30.00,9.50,97
2026-10-01,buenos-aires,San Telmo,1,u,1,,500.65,8,4,3,1,21.00,12.00,25
2026-10-01,buenos-aires,San Telmo,1,u,2,500.65,607.95,12,8,4,2,31.00,8.50,23
2026-10-01,buenos-aires,San Telmo,1,u,3,607.95,900.00,6,7,4,3,30.00,6.00,24
2026-10-01,buenos-aires,San Telmo,1,u,4,900.00,,14,5,1,0,,22.00,23
2026-10-01,buenos-aires,San Telmo,2,a,0,,,127,63,40,10,34.00,14.00,335
2026-10-01,buenos-aires,San Telmo,2,a,1,,634.61,20,12,8,2,25.00,17.50,84
2026-10-01,buenos-aires,San Telmo,2,a,2,634.61,800.00,44,22,10,1,58.00,18.00,86
2026-10-01,buenos-aires,San Telmo,2,a,3,800.00,1100.32,26,14,8,3,30.00,11.00,81
2026-10-01,buenos-aires,San Telmo,2,a,4,1100.32,,33,15,14,4,30.00,13.50,80
2026-10-01,buenos-aires,San Telmo,2,f,0,,,51,15,15,3,34.00,13.00,130
2026-10-01,buenos-aires,San Telmo,2,f,1,,673.13,10,3,2,0,20.00,12.50,32
2026-10-01,buenos-aires,San Telmo,2,f,2,673.13,862.50,15,4,4,0,58.00,39.50,32
2026-10-01,buenos-aires,San Telmo,2,f,3,862.50,967.32,10,3,2,0,27.00,44.00,34
2026-10-01,buenos-aires,San Telmo,2,f,4,967.32,,12,5,7,3,30.00,10.00,28
2026-10-01,buenos-aires,San Telmo,2,n,0,,,51,34,17,4,32.00,18.00,137
2026-10-01,buenos-aires,San Telmo,2,n,1,,574.20,7,4,3,1,26.00,22.00,35
2026-10-01,buenos-aires,San Telmo,2,n,2,574.20,689.84,15,9,4,0,31.00,27.50,35
2026-10-01,buenos-aires,San Telmo,2,n,3,689.84,997.45,18,14,4,2,36.00,11.50,35
2026-10-01,buenos-aires,San Telmo,2,n,4,997.45,,11,7,6,1,30.00,14.50,32
2026-10-01,buenos-aires,San Telmo,2,u,0,,,25,14,8,3,35.00,13.00,68
2026-10-01,buenos-aires,San Telmo,2,u,1,,800.00,6,5,3,1,35.00,18.00,20
2026-10-01,buenos-aires,San Telmo,3,a,0,,,25,14,6,2,38.00,15.00,53
2026-10-01,buenos-aires,San Telmo,3,f,0,,,13,6,4,1,,15.00,24
2026-10-01,buenos-aires,San Telmo,3,n,0,,,8,6,2,1,29.00,13.50,22
2026-10-01,buenos-aires,San Telmo,4,a,0,,,10,1,6,0,89.00,48.50,20
2026-10-01,buenos-aires,Tigre,-1,a,0,,,1802,1147,1246,46,30.00,27.00,7008
2026-10-01,buenos-aires,Tigre,0,a,0,,,250,136,145,15,34.00,27.00,948
2026-10-01,buenos-aires,Tigre,0,a,1,,479.23,37,23,29,2,39.00,29.00,217
2026-10-01,buenos-aires,Tigre,0,a,2,479.23,680.00,45,25,44,1,30.00,27.00,229
2026-10-01,buenos-aires,Tigre,0,a,3,680.00,2600.00,67,36,33,4,36.00,27.00,220
2026-10-01,buenos-aires,Tigre,0,a,4,2600.00,,85,48,36,7,31.00,27.00,240
2026-10-01,buenos-aires,Tigre,0,f,0,,,35,19,24,2,37.00,27.00,161
2026-10-01,buenos-aires,Tigre,0,f,1,,528.05,7,3,5,0,31.00,27.00,44
2026-10-01,buenos-aires,Tigre,0,f,2,528.05,650.00,11,6,6,0,38.00,29.00,46
2026-10-01,buenos-aires,Tigre,0,f,3,650.00,850.00,7,7,8,2,37.00,24.00,35
2026-10-01,buenos-aires,Tigre,0,f,4,850.00,,10,3,5,0,51.00,28.00,36
2026-10-01,buenos-aires,Tigre,0,n,0,,,27,22,20,9,36.00,25.00,223
2026-10-01,buenos-aires,Tigre,0,n,1,,385.85,8,6,4,0,42.00,28.50,63
2026-10-01,buenos-aires,Tigre,0,n,2,385.85,482.31,3,1,3,0,41.00,50.00,48
2026-10-01,buenos-aires,Tigre,0,n,3,482.31,700.00,6,6,5,1,30.00,29.00,61
2026-10-01,buenos-aires,Tigre,0,n,4,700.00,,10,9,8,8,35.00,0.00,51
2026-10-01,buenos-aires,Tigre,0,u,0,,,188,95,101,4,31.00,28.00,564
2026-10-01,buenos-aires,Tigre,0,u,1,,551.95,27,17,25,2,33.00,28.00,121
2026-10-01,buenos-aires,Tigre,0,u,2,551.95,1500.00,44,22,34,1,30.00,25.50,132
2026-10-01,buenos-aires,Tigre,0,u,3,1500.00,4500.00,50,27,22,0,30.00,29.00,135
2026-10-01,buenos-aires,Tigre,0,u,4,4500.00,,51,25,17,0,34.00,26.00,134
2026-10-01,buenos-aires,Tigre,1,a,0,,,324,215,262,7,31.00,28.00,1844
2026-10-01,buenos-aires,Tigre,1,a,1,,517.80,67,41,67,1,31.00,28.00,450
2026-10-01,buenos-aires,Tigre,1,a,2,517.80,684.72,71,50,71,1,30.00,28.00,464
2026-10-01,buenos-aires,Tigre,1,a,3,684.72,850.00,92,75,65,3,31.00,28.00,513
2026-10-01,buenos-aires,Tigre,1,a,4,850.00,,94,49,57,2,33.00,28.00,408
2026-10-01,buenos-aires,Tigre,1,f,0,,,76,38,37,2,38.00,28.00,365
2026-10-01,buenos-aires,Tigre,1,f,1,,750.00,20,12,9,0,31.00,27.00,94
2026-10-01,buenos-aires,Tigre,1,f,2,750.00,901.23,18,12,15,2,35.00,28.00,97
2026-10-01,buenos-aires,Tigre,1,f,3,901.23,1200.00,22,7,4,0,40.00,23.00,97
2026-10-01,buenos-aires,Tigre,1,f,4,1200.00,,16,7,9,0,46.00,28.00,77
2026-10-01,buenos-aires,Tigre,1,n,0,,,113,74,67,4,32.00,28.00,935
2026-10-01,buenos-aires,Tigre,1,n,1,,480.77,16,7,13,1,38.00,27.00,228
2026-10-01,buenos-aires,Tigre,1,n,2,480.77,600.00,30,17,22,0,33.00,28.00,233
2026-10-01,buenos-aires,Tigre,1,n,3,600.00,764.03,36,27,15,0,32.00,28.00,242
2026-10-01,buenos-aires,Tigre,1,n,4,764.03,,31,23,17,3,30.00,28.00,231
2026-10-01,buenos-aires,Tigre,1,u,0,,,135,103,158,1,29.00,28.00,544
2026-10-01,buenos-aires,Tigre,1,u,1,,522.65,34,25,44,0,28.00,28.00,135
2026-10-01,buenos-aires,Tigre,1,u,2,522.65,655.95,30,24,42,1,29.00,28.00,139
2026-10-01,buenos-aires,Tigre,1,u,3,655.95,829.03,31,27,37,0,29.00,27.00,135
2026-10-01,buenos-aires,Tigre,1,u,4,829.03,,40,27,33,0,29.00,28.00,127
2026-10-01,buenos-aires,Tigre,2,a,0,,,290,183,237,3,29.00,26.00,1193
2026-10-01,buenos-aires,Tigre,2,a,1,,784.31,49,33,53,0,29.00,26.00,304
2026-10-01,buenos-aires,Tigre,2,a,2,784.31,1062.09,67,47,51,2,29.00,26.00,304
2026-10-01,buenos-aires,Tigre,2,a,3,1062.09,1400.00,86,54,71,1,28.00,27.00,336
2026-10-01,buenos-aires,Tigre,2,a,4,1400.00,,88,49,61,0,31.00,26.00,248
2026-10-01,buenos-aires,Tigre,2,f,0,,,72,36,57,0,29.00,26.00,289
2026-10-01,buenos-aires,Tigre,2,f,1,,1000.00,21,8,20,0,29.00,23.50,84
2026-10-01,buenos-aires,Tigre,2,f,2,1000.00,1300.00,15,10,6,0,28.00,27.00,70
2026-10-01,buenos-aires,Tigre,2,f,3,1300.00,1921.54,14,10,12,0,30.00,27.50,67
2026-10-01,buenos-aires,Tigre,2,f,4,1921.54,,22,8,19,0,31.00,24.00,68
2026-10-01,buenos-aires,Tigre,2,n,0,,,88,42,46,0,32.00,27.00,481
2026-10-01,buenos-aires,Tigre,2,n,1,,662.25,8,5,9,0,32.00,28.00,121
2026-10-01,buenos-aires,Tigre,2,n,2,662.25,950.00,16,8,5,0,34.00,27.00,121
2026-10-01,buenos-aires,Tigre,2,n,3,950.00,1200.00,29,13,20,0,30.00,23.50,136
2026-10-01,buenos-aires,Tigre,2,n,4,1200.00,,35,16,12,0,33.00,28.00,103
2026-10-01,buenos-aires,Tigre,2,u,0,,,130,105,134,3,28.00,26.50,423
2026-10-01,buenos-aires,Tigre,2,u,1,,782.06,28,25,30,0,28.00,27.00,107
2026-10-01,buenos-aires,Tigre,2,u,2,782.06,1028.94,34,29,37,2,28.00,23.00,116
2026-10-01,buenos-aires,Tigre,2,u,3,1028.94,1390.80,31,26,33,1,28.00,28.00,103
2026-10-01,buenos-aires,Tigre,2,u,4,1390.80,,37,25,33,0,29.00,25.00,96
2026-10-01,buenos-aires,Tigre,3,a,0,,,529,386,318,10,30.00,27.00,1651
2026-10-01,buenos-aires,Tigre,3,a,1,,1900.00,87,52,106,1,29.00,27.00,492
2026-10-01,buenos-aires,Tigre,3,a,2,1900.00,2500.00,84,64,66,3,29.00,27.00,358
2026-10-01,buenos-aires,Tigre,3,a,3,2500.00,4000.00,140,105,69,0,30.00,27.00,408
2026-10-01,buenos-aires,Tigre,3,a,4,4000.00,,211,158,74,6,44.00,25.50,376
2026-10-01,buenos-aires,Tigre,3,f,0,,,152,109,101,5,30.00,27.00,488
2026-10-01,buenos-aires,Tigre,3,f,1,,2100.00,25,15,22,1,30.00,28.00,131
2026-10-01,buenos-aires,Tigre,3,f,2,2100.00,3067.20,32,23,28,2,28.00,26.50,119
2026-10-01,buenos-aires,Tigre,3,f,3,3067.20,4500.00,44,30,26,0,30.00,27.00,130
2026-10-01,buenos-aires,Tigre,3,f,4,4500.00,,44,34,23,2,33.00,27.00,97
2026-10-01,buenos-aires,Tigre,3,n,0,,,92,52,68,0,32.00,26.00,503
2026-10-01,buenos-aires,Tigre,3,n,1,,1373.80,21,7,22,0,30.00,22.50,126
2026-10-01,buenos-aires,Tigre,3,n,2,1373.80,2100.00,24,20,15,0,33.00,26.00,137
2026-10-01,buenos-aires,Tigre,3,n,3,2100.00,2800.00,21,14,19,0,32.00,28.00,120
2026-10-01,buenos-aires,Tigre,3,n,4,2800.00,,26,11,12,0,37.00,28.00,120
2026-10-01,buenos-aires,Tigre,3,u,0,,,285,225,149,5,29.00,27.00,660
2026-10-01,buenos-aires,Tigre,3,u,1,,1950.00,41,31,52,0,28.00,28.00,175
2026-10-01,buenos-aires,Tigre,3,u,2,1950.00,2816.13,42,30,38,1,28.00,27.00,158
2026-10-01,buenos-aires,Tigre,3,u,3,2816.13,4500.00,113,99,21,0,44.00,26.00,178
2026-10-01,buenos-aires,Tigre,3,u,4,4500.00,,89,65,37,4,44.00,23.00,143
2026-10-01,buenos-aires,Tigre,4,a,0,,,409,227,284,11,30.00,28.00,1372
2026-10-01,buenos-aires,Tigre,4,a,1,,3000.00,88,55,72,3,29.00,28.00,373
2026-10-01,buenos-aires,Tigre,4,a,2,3000.00,4200.00,82,37,61,2,30.00,28.00,352
2026-10-01,buenos-aires,Tigre,4,a,3,4200.00,6100.00,109,63,61,4,29.00,27.00,294
2026-10-01,buenos-aires,Tigre,4,a,4,6100.00,,125,67,88,2,36.00,28.00,341
2026-10-01,buenos-aires,Tigre,4,f,0,,,160,87,107,6,31.00,28.00,512
2026-10-01,buenos-aires,Tigre,4,f,1,,3500.00,35,15,26,1,29.00,27.50,138
2026-10-01,buenos-aires,Tigre,4,f,2,3500.00,4500.00,39,14,23,0,37.00,28.00,124
2026-10-01,buenos-aires,Tigre,4,f,3,4500.00,7000.00,57,38,22,4,35.00,26.00,130
2026-10-01,buenos-aires,Tigre,4,f,4,7000.00,,26,17,34,1,28.00,28.00,111
2026-10-01,buenos-aires,Tigre,4,n,0,,,75,37,40,1,32.00,28.00,391
2026-10-01,buenos-aires,Tigre,4,n,1,,2600.00,17,13,11,1,30.00,28.00,104
2026-10-01,buenos-aires,Tigre,4,n,2,2600.00,3700.00,25,11,9,0,37.00,28.00,97
2026-10-01,buenos-aires,Tigre,4,n,3,3700.00,5500.00,9,2,12,0,29.00,28.50,96
2026-10-01,buenos-aires,Tigre,4,n,4,5500.00,,24,11,8,0,40.00,26.00,94
2026-10-01,buenos-aires,Tigre,4,u,0,,,174,103,137,4,29.00,27.00,469
2026-10-01,buenos-aires,Tigre,4,u,1,,3000.00,31,21,38,1,28.00,28.00,132
2026-10-01,buenos-aires,Tigre,4,u,2,3000.00,4200.00,33,24,28,2,29.00,26.50,108
2026-10-01,buenos-aires,Tigre,4,u,3,4200.00,6000.00,58,36,31,0,30.00,26.00,122
2026-10-01,buenos-aires,Tigre,4,u,4,6000.00,,50,20,40,1,32.00,27.00,104
2026-10-01,buenos-aires,Tres de Febrero,-1,a,0,,,641,413,582,70,29.00,27.00,4128
2026-10-01,buenos-aires,Tres de Febrero,0,a,0,,,256,138,164,23,29.00,27.00,1190
2026-10-01,buenos-aires,Tres de Febrero,0,a,1,,285.71,61,27,37,0,30.00,28.00,300
2026-10-01,buenos-aires,Tres de Febrero,0,a,2,285.71,328.72,52,28,40,4,29.00,26.00,285
2026-10-01,buenos-aires,Tres de Febrero,0,a,3,328.72,408.50,50,37,43,1,29.00,27.00,273
2026-10-01,buenos-aires,Tres de Febrero,0,a,4,408.50,,92,46,41,18,30.00,21.00,318
2026-10-01,buenos-aires,Tres de Febrero,0,f,0,,,9,8,11,1,32.00,27.00,48
2026-10-01,buenos-aires,Tres de Febrero,0,n,0,,,94,39,45,3,32.00,28.00,575
2026-10-01,buenos-aires,Tres de Febrero,0,n,1,,272.73,27,10,11,0,37.00,59.00,145
2026-10-01,buenos-aires,Tres de Febrero,0,n,2,272.73,313.07,32,17,14,1,33.00,28.50,154
2026-10-01,buenos-aires,Tres de Febrero,0,n,3,313.07,355.99,16,9,11,2,32.00,24.00,141
2026-10-01,buenos-aires,Tres de Febrero,0,n,4,355.99,,19,3,9,0,29.00,26.00,135
2026-10-01,buenos-aires,Tres de Febrero,0,u,0,,,153,91,108,19,29.00,26.00,567
2026-10-01,buenos-aires,Tres de Febrero,0,u,1,,302.58,34,15,25,0,29.00,27.00,135
2026-10-01,buenos-aires,Tres de Febrero,0,u,2,302.58,368.93,29,23,33,1,28.00,27.00,128
2026-10-01,buenos-aires,Tres de Febrero,0,u,3,368.93,836.01,35,18,25,1,35.00,28.00,128
2026-10-01,buenos-aires,Tres de Febrero,0,u,4,836.01,,54,35,23,17,28.00,1.00,164
2026-10-01,buenos-aires,Tres de Febrero,1,a,0,,,269,179,268,17,29.00,28.00,1936
2026-10-01,buenos-aires,Tres de Febrero,1,a,1,,343.04,86,41,50,4,31.00,28.00,513
2026-10-01,buenos-aires,Tres de Febrero,1,a,2,343.04,396.04,71,51,64,7,29.00,27.00,481
2026-10-01,buenos-aires,Tres de Febrero,1,a,3,396.04,453.07,59,43,72,4,28.00,28.00,476
2026-10-01,buenos-aires,Tres de Febrero,1,a,4,453.07,,52,44,82,2,29.00,27.00,457
2026-10-01,buenos-aires,Tres de Febrero,1,f,0,,,6,3,6,0,29.00,28.00,48
2026-10-01,buenos-aires,Tres de Febrero,1,n,0,,,147,77,70,11,32.00,27.50,1246
2026-10-01,buenos-aires,Tres de Febrero,1,n,1,,330.10,51,19,16,2,36.00,60.50,331
2026-10-01,buenos-aires,Tres de Febrero,1,n,2,330.10,387.50,44,26,26,5,34.00,25.00,319
2026-10-01,buenos-aires,Tres de Febrero,1,n,3,387.50,444.44,34,20,12,2,32.00,26.50,301
2026-10-01,buenos-aires,Tres de Febrero,1,n,4,444.44,,18,12,16,2,30.00,24.00,295
2026-10-01,buenos-aires,Tres de Febrero,1,u,0,,,116,99,192,6,28.00,27.50,642
2026-10-01,buenos-aires,Tres de Febrero,1,u,1,,359.48,35,28,42,3,28.00,27.00,161
2026-10-01,buenos-aires,Tres de Febrero,1,u,2,359.48,418.01,29,25,46,2,28.00,27.00,153
2026-10-01,buenos-aires,Tres de Febrero,1,u,3,418.01,469.45,21,17,51,0,28.00,28.00,155
2026-10-01,buenos-aires,Tres de Febrero,1,u,4,469.45,,30,29,53,1,28.00,27.00,164
2026-10-01,buenos-aires,Tres de Febrero,2,a,0,,,82,57,114,15,28.00,27.00,825
2026-10-01,buenos-aires,Tres de Febrero,2,a,1,,463.58,16,8,24,3,29.00,27.00,210
2026-10-01,buenos-aires,Tres de Febrero,2,a,2,463.58,546.62,19,12,31,1,29.00,28.00,196
2026-10-01,buenos-aires,Tres de Febrero,2,a,3,546.62,631.23,21,14,19,1,27.00,27.00,205
2026-10-01,buenos-aires,Tres de Febrero,2,a,4,631.23,,26,23,40,10,29.00,24.00,208
2026-10-01,buenos-aires,Tres de Febrero,2,f,0,,,1,1,1,0,31.00,34.00,20
2026-10-01,buenos-aires,Tres de Febrero,2,n,0,,,38,25,29,9,31.00,27.00,520
2026-10-01,buenos-aires,Tres de Febrero,2,n,1,,459.02,9,3,4,0,31.00,29.50,135
2026-10-01,buenos-aires,Tres de Febrero,2,n,2,459.02,531.91,10,6,8,1,31.00,38.00,121
2026-10-01,buenos-aires,Tres de Febrero,2,n,3,531.91,629.03,8,4,6,0,27.00,37.00,135
2026-10-01,buenos-aires,Tres de Febrero,2,n,4,629.03,,11,12,11,8,32.00,1.00,128
2026-10-01,buenos-aires,Tres de Febrero,2,u,0,,,43,31,84,6,28.00,27.00,285
2026-10-01,buenos-aires,Tres de Febrero,2,u,1,,483.87,8,5,25,3,27.00,26.00,72
2026-10-01,buenos-aires,Tres de Febrero,2,u,2,483.87,551.24,12,10,16,0,28.00,27.50,66
2026-10-01,buenos-aires,Tres de Febrero,2,u,3,551.24,636.36,10,7,16,1,27.00,27.00,69
2026-10-01,buenos-aires,Tres de Febrero,2,u,4,636.36,,13,9,27,2,28.00,27.00,73
2026-10-01,buenos-aires,Tres de Febrero,3,a,0,,,25,32,33,13,28.00,23.00,147
2026-10-01,buenos-aires,Tres de Febrero,3,a,1,,571.43,6,15,18,11,26.00,1.00,42
2026-10-01,buenos-aires,Tres de Febrero,3,a,2,571.43,667.21,4,5,7,1,27.00,27.00,35
2026-10-01,buenos-aires,Tres de Febrero,3,a,3,667.21,882.35,10,7,4,0,36.00,28.00,34
2026-10-01,buenos-aires,Tres de Febrero,3,a,4,882.35,,5,5,4,1,29.00,25.00,36
2026-10-01,buenos-aires,Tres de Febrero,3,n,0,,,9,7,7,2,36.00,27.00,76
2026-10-01,buenos-aires,Tres de Febrero,3,n,4,924.09,,2,2,1,1,32.00,2.00,21
2026-10-01,buenos-aires,Tres de Febrero,3,u,0,,,14,23,26,11,26.00,22.50,68
2026-10-01,buenos-aires,Tres de Febrero,3,u,1,,551.95,4,12,15,10,1.00,1.00,23
2026-10-01,buenos-aires,Tres de Febrero,4,a,0,,,9,7,3,2,42.00,2.00,30
2026-10-01,buenos-aires,Vélez Sarsfield,-1,a,0,,,90,80,66,6,27.00,24.00,570
2026-10-01,buenos-aires,Vélez Sarsfield,0,a,0,,,23,20,25,1,27.00,26.00,160
2026-10-01,buenos-aires,Vélez Sarsfield,0,a,1,,387.10,7,4,7,0,28.00,21.00,42
2026-10-01,buenos-aires,Vélez Sarsfield,0,a,2,387.10,422.96,8,8,4,1,26.00,24.00,40
2026-10-01,buenos-aires,Vélez Sarsfield,0,a,3,422.96,467.53,4,4,6,0,24.00,24.00,39
2026-10-01,buenos-aires,Vélez Sarsfield,0,a,4,467.53,,2,2,8,0,28.00,29.00,37
2026-10-01,buenos-aires,Vélez Sarsfield,0,n,0,,,6,5,8,0,25.00,27.00,99
2026-10-01,buenos-aires,Vélez Sarsfield,0,n,1,,385.85,3,2,0,0,31.00,,27
2026-10-01,buenos-aires,Vélez Sarsfield,0,n,2,385.85,418.01,2,2,2,0,26.00,34.00,23
2026-10-01,buenos-aires,Vélez Sarsfield,0,n,3,418.01,464.52,0,0,2,0,21.00,21.50,25
2026-10-01,buenos-aires,Vélez Sarsfield,0,n,4,464.52,,1,1,4,0,14.00,28.00,24
2026-10-01,buenos-aires,Vélez Sarsfield,0,u,0,,,15,15,16,1,27.00,22.50,49
2026-10-01,buenos-aires,Vélez Sarsfield,1,a,0,,,42,37,25,3,28.00,24.00,260
2026-10-01,buenos-aires,Vélez Sarsfield,1,a,1,,480.77,9,8,4,0,29.00,25.00,65
2026-10-01,buenos-aires,Vélez Sarsfield,1,a,2,480.77,519.48,16,18,10,3,27.00,21.50,69
2026-10-01,buenos-aires,Vélez Sarsfield,1,a,3,519.48,596.49,8,5,7,0,28.00,24.00,59
2026-10-01,buenos-aires,Vélez Sarsfield,1,a,4,596.49,,9,6,4,0,27.00,27.50,63
2026-10-01,buenos-aires,Vélez Sarsfield,1,n,0,,,8,4,3,0,28.00,27.00,147
2026-10-01,buenos-aires,Vélez Sarsfield,1,n,1,,463.03,2,2,1,0,33.00,34.00,36
2026-10-01,buenos-aires,Vélez Sarsfield,1,n,2,463.03,522.88,1,0,0,0,27.00,,39
2026-10-01,buenos-aires,Vélez Sarsfield,1,n,3,522.88,610.93,2,0,1,0,28.00,24.00,38
2026-10-01,buenos-aires,Vélez Sarsfield,1,n,4,610.93,,3,2,1,0,22.00,27.00,34
2026-10-01,buenos-aires,Vélez Sarsfield,1,u,0,,,32,32,22,3,27.00,23.00,103
2026-10-01,buenos-aires,Vélez Sarsfield,1,u,1,,509.55,8,8,5,1,27.00,23.00,28
2026-10-01,buenos-aires,Vélez Sarsfield,1,u,2,509.55,519.48,13,15,8,2,27.00,21.50,33
2026-10-01,buenos-aires,Vélez Sarsfield,1,u,4,561.29,,8,6,3,0,28.00,28.00,25
2026-10-01,buenos-aires,Vélez Sarsfield,2,a,0,,,21,22,15,2,24.00,24.00,127
2026-10-01,buenos-aires,Vélez Sarsfield,2,a,1,,589.00,7,7,3,0,29.00,27.00,31
2026-10-01,buenos-aires,Vélez Sarsfield,2,a,2,589.00,699.67,3,3,6,0,24.00,23.50,31
2026-10-01,buenos-aires,Vélez Sarsfield,2,a,3,699.67,769.06,1,1,0,0,1.00,,34
2026-10-01,buenos-aires,Vélez Sarsfield,2,a,4,769.06,,10,11,6,2,28.00,22.50,30
2026-10-01,buenos-aires,Vélez Sarsfield,2,n,0,,,3,3,3,0,18.00,24.00,73
2026-10-01,buenos-aires,Vélez Sarsfield,2,n,1,,601.29,1,1,1,0,28.00,24.00,20
2026-10-01,buenos-aires,Vélez Sarsfield,2,u,0,,,17,18,11,2,28.00,24.00,47
2026-10-01,buenos-aires,Vélez Sarsfield,3,a,0,,,4,1,1,0,28.00,28.00,23
2026-10-01,buenos-aires,Versalles,-1,a,0,,,16,10,12,1,29.00,28.00,116
2026-10-01,buenos-aires,Versalles,1,a,0,,,5,3,4,1,28.00,28.00,41
2026-10-01,buenos-aires,Versalles,1,n,0,,,2,0,1,0,31.00,42.00,27
2026-10-01,buenos-aires,Versalles,2,a,0,,,3,2,4,0,28.00,28.00,42
2026-10-01,buenos-aires,Versalles,2,n,0,,,2,1,1,0,31.00,47.00,27
2026-10-01,buenos-aires,Vicente López,-1,a,0,,,2382,890,725,161,36.00,19.00,6030
2026-10-01,buenos-aires,Vicente López,0,a,0,,,453,220,200,69,29.00,16.00,1207
2026-10-01,buenos-aires,Vicente López,0,a,1,,443.51,100,50,53,13,29.00,20.00,276
2026-10-01,buenos-aires,Vicente López,0,a,2,443.51,800.00,105,25,26,3,34.00,14.00,278
2026-10-01,buenos-aires,Vicente López,0,a,3,800.00,5000.00,118,79,54,26,33.00,7.50,271
2026-10-01,buenos-aires,Vicente López,0,a,4,5000.00,,104,52,54,24,27.00,20.50,276
2026-10-01,buenos-aires,Vicente López,0,f,0,,,39,9,8,2,28.00,12.00,104
2026-10-01,buenos-aires,Vicente López,0,f,1,,645.16,8,2,2,0,29.00,21.00,26
2026-10-01,buenos-aires,Vicente López,0,f,2,645.16,800.00,10,0,1,0,28.00,12.00,25
2026-10-01,buenos-aires,Vicente López,0,f,3,800.00,4000.00,9,1,1,0,30.00,8.00,24
2026-10-01,buenos-aires,Vicente López,0,f,4,4000.00,,9,6,4,2,25.00,6.00,24
2026-10-01,buenos-aires,Vicente López,0,n,0,,,156,74,71,22,31.00,14.00,417
2026-10-01,buenos-aires,Vicente López,0,n,1,,388.35,42,29,19,8,26.00,17.00,110
2026-10-01,buenos-aires,Vicente López,0,n,2,388.35,480.32,39,14,22,2,43.00,17.00,99
2026-10-01,buenos-aires,Vicente López,0,n,3,480.32,711.97,32,9,15,1,30.00,14.00,104
2026-10-01,buenos-aires,Vicente López,0,n,4,711.97,,43,22,15,11,39.00,0.00,104
2026-10-01,buenos-aires,Vicente López,0,u,0,,,258,137,121,45,28.00,22.00,686
2026-10-01,buenos-aires,Vicente López,0,u,1,,619.81,56,19,18,5,33.00,22.00,144
2026-10-01,buenos-aires,Vicente López,0,u,2,619.81,3300.00,65,42,30,12,34.00,14.00,152
2026-10-01,buenos-aires,Vicente López,0,u,3,3300.00,8400.00,59,35,35,17,28.00,12.00,143
2026-10-01,buenos-aires,Vicente López,0,u,4,8400.00,,55,27,25,8,28.00,26.00,146
2026-10-01,buenos-aires,Vicente López,1,a,0,,,750,267,253,38,34.00,19.00,1989
2026-10-01,buenos-aires,Vicente López,1,a,1,,516.13,140,49,76,11,29.00,21.00,491
2026-10-01,buenos-aires,Vicente López,1,a,2,516.13,645.51,200,77,65,14,39.00,14.00,493
2026-10-01,buenos-aires,Vicente López,1,a,3,645.51,970.87,194,76,51,4,32.00,19.00,502
2026-10-01,buenos-aires,Vicente López,1,a,4,970.87,,206,64,59,9,51.00,17.00,488
2026-10-01,buenos-aires,Vicente López,1,f,0,,,112,34,18,2,38.00,13.50,287
2026-10-01,buenos-aires,Vicente López,1,f,1,,850.00,24,14,3,1,29.00,7.00,74
2026-10-01,buenos-aires,Vicente López,1,f,2,850.00,1100.00,25,6,7,0,29.00,17.00,76
2026-10-01,buenos-aires,Vicente López,1,f,3,1100.00,1300.00,30,3,5,0,50.00,13.00,68
2026-10-01,buenos-aires,Vicente López,1,f,4,1300.00,,32,11,3,1,80.00,10.00,68
2026-10-01,buenos-aires,Vicente López,1,n,0,,,466,175,183,26,34.00,20.00,1278
2026-10-01,buenos-aires,Vicente López,1,n,1,,487.10,85,32,53,7,29.00,22.00,321
2026-10-01,buenos-aires,Vicente López,1,n,2,487.10,582.19,111,37,37,5,32.00,16.00,315
2026-10-01,buenos-aires,Vicente López,1,n,3,582.19,781.39,146,57,45,9,43.00,18.00,321
2026-10-01,buenos-aires,Vicente López,1,n,4,781.39,,124,49,48,5,39.00,15.50,321
2026-10-01,buenos-aires,Vicente López,1,u,0,,,172,58,52,10,36.00,17.50,424
2026-10-01,buenos-aires,Vicente López,1,u,1,,550.82,37,13,18,3,31.00,19.00,103
2026-10-01,buenos-aires,Vicente López,1,u,2,550.82,700.00,45,18,7,3,38.00,10.00,105
2026-10-01,buenos-aires,Vicente López,1,u,3,700.00,1050.00,32,12,14,3,21.00,17.50,100
2026-10-01,buenos-aires,Vicente López,1,u,4,1050.00,,49,14,11,1,63.00,25.00,102
2026-10-01,buenos-aires,Vicente López,2,a,0,,,690,261,184,39,37.00,17.50,1759
2026-10-01,buenos-aires,Vicente López,2,a,1,,746.75,149,69,62,11,35.00,22.50,441
2026-10-01,buenos-aires,Vicente López,2,a,2,746.75,954.69,165,65,41,4,36.00,20.00,435
2026-10-01,buenos-aires,Vicente López,2,a,3,954.69,1425.00,173,70,49,17,34.00,14.00,433
2026-10-01,buenos-aires,Vicente López,2,a,4,1425.00,,198,57,31,7,54.00,19.00,437
2026-10-01,buenos-aires,Vicente López,2,f,0,,,90,29,15,3,38.00,31.00,210
2026-10-01,buenos-aires,Vicente López,2,f,1,,1100.00,26,8,4,1,67.00,47.00,54
2026-10-01,buenos-aires,Vicente López,2,f,2,1100.00,1500.00,16,5,2,0,22.00,28.00,51
2026-10-01,buenos-aires,Vicente López,2,f,3,1500.00,2200.00,16,2,3,0,36.00,37.00,53
2026-10-01,buenos-aires,Vicente López,2,f,4,2200.00,,32,14,6,2,92.00,31.00,51
2026-10-01,buenos-aires,Vicente López,2,n,0,,,429,170,125,24,36.00,16.00,1132
2026-10-01,buenos-aires,Vicente López,2,n,1,,686.08,87,34,43,4,31.00,24.00,285
2026-10-01,buenos-aires,Vicente López,2,n,2,686.08,854.37,114,59,24,7,41.00,15.00,283
2026-10-01,buenos-aires,Vicente López,2,n,3,854.37,1200.00,112,45,39,10,27.00,14.00,296
2026-10-01,buenos-aires,Vicente López,2,n,4,1200.00,,116,32,19,3,54.00,16.00,267
2026-10-01,buenos-aires,Vicente López,2,u,0,,,171,62,44,12,43.00,16.00,417
2026-10-01,buenos-aires,Vicente López,2,u,1,,794.70,31,14,14,2,42.00,24.00,101
2026-10-01,buenos-aires,Vicente López,2,u,2,794.70,1095.46,45,18,11,2,38.00,13.00,103
2026-10-01,buenos-aires,Vicente López,2,u,3,1095.46,1650.00,38,20,12,7,32.00,5.00,102
2026-10-01,buenos-aires,Vicente López,2,u,4,1650.00,,52,10,6,1,57.00,16.50,100
2026-10-01,buenos-aires,Vicente López,3,a,0,,,293,101,69,14,37.00,23.00,716
2026-10-01,buenos-aires,Vicente López,3,a,1,,1100.32,66,34,14,5,32.00,14.50,175
2026-10-01,buenos-aires,Vicente López,3,a,2,1100.32,1600.00,65,32,20,4,30.00,30.00,186
2026-10-01,buenos-aires,Vicente López,3,a,3,1600.00,2800.00,77,15,21,2,50.00,22.00,172
2026-10-01,buenos-aires,Vicente López,3,a,4,2800.00,,78,20,13,3,61.00,25.00,171
2026-10-01,buenos-aires,Vicente López,3,f,0,,,42,14,7,3,74.00,20.00,77
2026-10-01,buenos-aires,Vicente López,3,f,2,1750.00,3400.00,9,2,2,1,74.00,37.00,20
2026-10-01,buenos-aires,Vicente López,3,n,0,,,176,68,45,9,34.00,23.00,460
2026-10-01,buenos-aires,Vicente López,3,n,1,,1100.00,46,22,9,2,32.00,22.00,120
2026-10-01,buenos-aires,Vicente López,3,n,2,1100.00,1423.95,46,26,14,4,31.00,30.00,111
2026-10-01,buenos-aires,Vicente López,3,n,3,1423.95,2500.00,45,13,14,1,33.00,21.50,119
2026-10-01,buenos-aires,Vicente López,3,n,4,2500.00,,39,7,8,2,45.00,26.00,110
2026-10-01,buenos-aires,Vicente López,3,u,0,,,75,19,17,2,42.00,23.00,179
2026-10-01,buenos-aires,Vicente López,3,u,1,,1125.83,13,6,3,1,27.00,14.00,46
2026-10-01,buenos-aires,Vicente López,3,u,2,1125.83,1736.33,16,2,3,0,34.00,33.00,42
2026-10-01,buenos-aires,Vicente López,3,u,3,1736.33,2800.00,18,2,7,0,50.00,23.00,44
2026-10-01,buenos-aires,Vicente López,3,u,4,2800.00,,24,9,3,1,70.00,25.00,42
2026-10-01,buenos-aires,Vicente López,4,a,0,,,196,41,19,1,72.00,27.00,359
2026-10-01,buenos-aires,Vicente López,4,a,1,,2500.00,54,15,8,1,72.00,27.50,99
2026-10-01,buenos-aires,Vicente López,4,a,2,2500.00,3500.00,41,12,4,0,54.00,22.50,86
2026-10-01,buenos-aires,Vicente López,4,a,3,3500.00,5800.00,48,7,2,0,73.00,42.00,84
2026-10-01,buenos-aires,Vicente López,4,a,4,5800.00,,50,7,3,0,92.00,22.00,81
2026-10-01,buenos-aires,Vicente López,4,f,0,,,35,3,1,0,,15.00,49
2026-10-01,buenos-aires,Vicente López,4,n,0,,,66,20,11,1,58.00,27.00,153
2026-10-01,buenos-aires,Vicente López,4,n,1,,2265.37,12,4,7,1,42.00,27.00,40
2026-10-01,buenos-aires,Vicente López,4,n,2,2265.37,3000.00,21,8,0,0,58.00,,39
2026-10-01,buenos-aires,Vicente López,4,n,3,3000.00,5500.00,18,5,1,0,58.00,43.00,41
2026-10-01,buenos-aires,Vicente López,4,n,4,5500.00,,15,3,3,0,89.00,22.00,33
2026-10-01,buenos-aires,Vicente López,4,u,0,,,95,18,7,0,72.00,28.00,157
2026-10-01,buenos-aires,Vicente López,4,u,1,,2500.00,30,7,1,0,,62.00,40
2026-10-01,buenos-aires,Vicente López,4,u,2,2500.00,3500.00,16,4,4,0,35.00,22.50,38
2026-10-01,buenos-aires,Vicente López,4,u,3,3500.00,5800.00,21,4,1,0,57.00,41.00,40
2026-10-01,buenos-aires,Vicente López,4,u,4,5800.00,,26,3,0,0,,,34
2026-10-01,buenos-aires,Victoria,-1,a,0,,,155,110,157,1,29.00,27.00,876
2026-10-01,buenos-aires,Victoria,0,a,0,,,18,12,15,0,42.00,28.00,119
2026-10-01,buenos-aires,Victoria,0,a,1,,420.71,9,7,4,0,31.00,27.50,31
2026-10-01,buenos-aires,Victoria,0,a,2,420.71,894.78,0,0,9,0,29.00,27.00,25
2026-10-01,buenos-aires,Victoria,0,a,3,894.78,5000.00,3,2,1,0,42.00,31.00,26
2026-10-01,buenos-aires,Victoria,0,a,4,5000.00,,5,2,1,0,42.00,29.00,30
2026-10-01,buenos-aires,Victoria,0,n,0,,,2,1,2,0,42.00,26.50,37
2026-10-01,buenos-aires,Victoria,0,u,0,,,16,11,13,0,32.00,28.00,76
2026-10-01,buenos-aires,Victoria,0,u,1,,393.44,8,6,2,0,42.00,27.50,20
2026-10-01,buenos-aires,Victoria,1,a,0,,,60,39,63,0,29.00,28.00,351
2026-10-01,buenos-aires,Victoria,1,a,1,,514.47,10,7,13,0,28.00,27.00,94
2026-10-01,buenos-aires,Victoria,1,a,2,514.47,686.28,16,10,10,0,31.00,28.00,82
2026-10-01,buenos-aires,Victoria,1,a,3,686.28,1100.00,18,12,24,0,29.00,28.00,92
2026-10-01,buenos-aires,Victoria,1,a,4,1100.00,,16,10,16,0,30.00,28.00,82
2026-10-01,buenos-aires,Victoria,1,f,0,,,9,2,9,0,36.00,28.00,52
2026-10-01,buenos-aires,Victoria,1,n,0,,,22,13,15,0,30.00,28.00,156
2026-10-01,buenos-aires,Victoria,1,n,1,,491.80,2,1,1,0,30.00,27.00,41
2026-10-01,buenos-aires,Victoria,1,n,2,491.80,572.35,7,4,1,0,32.00,28.00,37
2026-10-01,buenos-aires,Victoria,1,n,3,572.35,932.47,4,2,2,0,29.00,48.50,38
2026-10-01,buenos-aires,Victoria,1,n,4,932.47,,9,6,11,0,30.00,28.00,40
2026-10-01,buenos-aires,Victoria,1,u,0,,,29,24,39,0,28.00,28.00,143
2026-10-01,buenos-aires,Victoria,1,u,1,,516.56,5,3,12,0,28.00,27.00,40
2026-10-01,buenos-aires,Victoria,1,u,2,516.56,800.00,10,10,7,0,29.00,28.00,32
2026-10-01,buenos-aires,Victoria,1,u,3,800.00,1200.00,11,9,15,0,29.00,28.00,43
2026-10-01,buenos-aires,Victoria,1,u,4,1200.00,,3,2,5,0,31.00,29.00,27
2026-10-01,buenos-aires,Victoria,2,a,0,,,23,18,39,1,29.00,27.00,200
2026-10-01,buenos-aires,Victoria,2,a,1,,673.08,5,3,11,1,28.00,27.00,53
2026-10-01,buenos-aires,Victoria,2,a,2,673.08,1100.00,3,1,11,0,28.00,27.00,48
2026-10-01,buenos-aires,Victoria,2,a,3,1100.00,1600.00,11,10,6,0,29.00,26.00,55
2026-10-01,buenos-aires,Victoria,2,a,4,1600.00,,4,4,11,0,29.00,27.00,44
2026-10-01,buenos-aires,Victoria,2,n,0,,,9,5,6,1,31.00,39.00,96
2026-10-01,buenos-aires,Victoria,2,n,1,,615.33,3,0,1,0,32.00,50.00,26
2026-10-01,buenos-aires,Victoria,2,n,2,615.33,964.63,1,1,3,1,31.00,28.00,23
2026-10-01,buenos-aires,Victoria,2,n,3,964.63,1600.00,2,1,1,0,29.00,25.00,30
2026-10-01,buenos-aires,Victoria,2,u,0,,,11,10,32,0,28.00,27.00,87
2026-10-01,buenos-aires,Victoria,2,u,1,,707.40,2,2,10,0,27.00,27.00,23
2026-10-01,buenos-aires,Victoria,2,u,2,707.40,1000.00,2,1,8,0,28.00,25.00,22
2026-10-01,buenos-aires,Victoria,2,u,3,1000.00,1591.55,6,6,4,0,28.00,26.50,21
2026-10-01,buenos-aires,Victoria,2,u,4,1591.55,,1,1,10,0,28.00,26.00,21
2026-10-01,buenos-aires,Victoria,3,a,0,,,27,21,18,0,29.00,28.00,104
2026-10-01,buenos-aires,Victoria,3,a,1,,1122.11,5,5,3,0,29.00,27.00,28
2026-10-01,buenos-aires,Victoria,3,a,2,1122.11,2270.27,11,9,6,0,28.00,28.00,28
2026-10-01,buenos-aires,Victoria,3,a,3,2270.27,3300.00,3,0,5,0,29.00,28.00,21
2026-10-01,buenos-aires,Victoria,3,a,4,3300.00,,8,7,4,0,38.00,24.00,26
2026-10-01,buenos-aires,Victoria,3,n,0,,,3,1,3,0,30.00,24.00,34
2026-10-01,buenos-aires,Victoria,3,u,0,,,23,20,10,0,29.00,28.00,55
2026-10-01,buenos-aires,Victoria,4,a,0,,,27,20,22,0,28.00,26.50,102
2026-10-01,buenos-aires,Victoria,4,a,1,,3500.00,8,6,7,0,29.00,27.00,37
2026-10-01,buenos-aires,Victoria,4,a,2,3500.00,4000.00,7,6,9,0,28.00,26.00,21
2026-10-01,buenos-aires,Victoria,4,a,4,6500.00,,5,3,4,0,31.00,26.50,25
2026-10-01,buenos-aires,Victoria,4,f,0,,,5,4,5,0,30.00,27.00,25
2026-10-01,buenos-aires,Victoria,4,n,0,,,8,2,4,0,44.00,24.50,30
2026-10-01,buenos-aires,Victoria,4,u,0,,,14,14,13,0,28.00,26.00,47
2026-10-01,buenos-aires,Villa Adelina,-1,a,0,,,34,27,35,1,29.00,27.00,242
2026-10-01,buenos-aires,Villa Adelina,0,a,0,,,12,7,7,0,31.00,29.00,33
2026-10-01,buenos-aires,Villa Adelina,0,u,0,,,11,7,4,0,35.00,30.00,26
2026-10-01,buenos-aires,Villa Adelina,1,a,0,,,7,7,7,1,29.00,22.00,64
2026-10-01,buenos-aires,Villa Adelina,1,n,0,,,0,0,1,0,32.00,21.00,30
2026-10-01,buenos-aires,Villa Adelina,1,u,0,,,7,7,5,1,28.00,22.00,28
2026-10-01,buenos-aires,Villa Adelina,2,a,0,,,11,9,14,0,28.00,24.00,102
2026-10-01,buenos-aires,Villa Adelina,2,a,1,,562.91,0,0,3,0,30.00,28.00,26
2026-10-01,buenos-aires,Villa Adelina,2,a,2,562.91,695.36,3,3,1,0,27.00,30.00,24
2026-10-01,buenos-aires,Villa Adelina,2,a,3,695.36,858.09,1,0,5,0,25.00,23.00,28
2026-10-01,buenos-aires,Villa Adelina,2,a,4,858.09,,5,4,5,0,52.00,22.00,22
2026-10-01,buenos-aires,Villa Adelina,2,n,0,,,2,2,4,0,30.00,25.50,67
2026-10-01,buenos-aires,Villa Adelina,2,n,1,,555.56,0,0,2,0,31.00,28.00,20
2026-10-01,buenos-aires,Villa Adelina,2,u,0,,,9,7,10,0,27.00,23.00,35
2026-10-01,buenos-aires,Villa Adelina,3,a,0,,,3,3,5,0,28.00,28.00,35
2026-10-01,buenos-aires,Villa Adelina,3,n,0,,,0,0,1,0,29.00,55.00,21
2026-10-01,buenos-aires,Villa Crespo,-1,a,0,,,1572,675,545,123,29.00,16.00,4533
2026-10-01,buenos-aires,Villa Crespo,0,a,0,,,584,212,201,42,29.00,15.00,1625
2026-10-01,buenos-aires,Villa Crespo,0,a,1,,453.07,102,45,54,10,26.00,16.00,408
2026-10-01,buenos-aires,Villa Crespo,0,a,2,453.07,530.74,129,53,65,13,23.00,14.00,399
2026-10-01,buenos-aires,Villa Crespo,0,a,3,530.74,630.22,160,50,32,10,30.00,16.00,398
2026-10-01,buenos-aires,Villa Crespo,0,a,4,630.22,,177,63,50,9,40.00,15.50,394
2026-10-01,buenos-aires,Villa Crespo,0,f,0,,,210,73,82,18,29.00,15.50,558
2026-10-01,buenos-aires,Villa Crespo,0,f,1,,517.94,34,13,30,4,20.00,15.00,139
2026-10-01,buenos-aires,Villa Crespo,0,f,2,517.94,616.88,49,18,17,7,27.00,11.00,139
2026-10-01,buenos-aires,Villa Crespo,0,f,3,616.88,700.00,56,25,28,5,29.00,21.50,147
2026-10-01,buenos-aires,Villa Crespo,0,f,4,700.00,,61,17,7,2,62.00,12.00,119
2026-10-01,buenos-aires,Villa Crespo,0,n,0,,,277,113,97,22,26.00,14.00,822
2026-10-01,buenos-aires,Villa Crespo,0,n,1,,420.71,55,27,28,6,26.00,16.50,220
2026-10-01,buenos-aires,Villa Crespo,0,n,2,420.71,485.44,59,31,35,8,21.00,13.00,197
2026-10-01,buenos-aires,Villa Crespo,0,n,3,485.44,559.87,71,26,16,5,26.00,15.00,201
2026-10-01,buenos-aires,Villa Crespo,0,n,4,559.87,,91,29,18,3,32.00,12.50,203
2026-10-01,buenos-aires,Villa Crespo,0,u,0,,,97,26,22,2,30.00,14.00,245
2026-10-01,buenos-aires,Villa Crespo,0,u,1,,480.53,21,5,9,0,29.00,13.00,60
2026-10-01,buenos-aires,Villa Crespo,0,u,2,480.53,540.98,22,7,2,1,36.00,8.00,60
2026-10-01,buenos-aires,Villa Crespo,0,u,3,540.98,599.34,26,6,4,1,30.00,15.00,58
2026-10-01,buenos-aires,Villa Crespo,0,u,4,599.34,,23,7,7,0,32.00,22.00,56
2026-10-01,buenos-aires,Villa Crespo,1,a,0,,,609,284,215,43,29.00,19.00,1866
2026-10-01,buenos-aires,Villa Crespo,1,a,1,,537.21,118,52,40,4,26.00,26.50,463
2026-10-01,buenos-aires,Villa Crespo,1,a,2,537.21,681.82,148,67,71,16,28.00,17.00,464
2026-10-01,buenos-aires,Villa Crespo,1,a,3,681.82,820.00,149,77,53,13,27.00,13.00,470
2026-10-01,buenos-aires,Villa Crespo,1,a,4,820.00,,184,87,50,9,31.00,25.00,454
2026-10-01,buenos-aires,Villa Crespo,1,f,0,,,198,73,64,11,34.00,27.00,518
2026-10-01,buenos-aires,Villa Crespo,1,f,1,,700.00,52,15,24,6,32.00,20.50,168
2026-10-01,buenos-aires,Villa Crespo,1,f,2,700.00,800.00,32,12,11,0,35.00,31.00,91
2026-10-01,buenos-aires,Villa Crespo,1,f,3,800.00,1000.00,66,34,17,3,31.00,29.00,148
2026-10-01,buenos-aires,Villa Crespo,1,f,4,1000.00,,40,11,11,1,35.00,27.00,99
2026-10-01,buenos-aires,Villa Crespo,1,n,0,,,346,185,135,26,26.00,19.00,1151
2026-10-01,buenos-aires,Villa Crespo,1,n,1,,511.33,73,33,23,3,24.00,24.00,288
2026-10-01,buenos-aires,Villa Crespo,1,n,2,511.33,610.93,84,33,40,4,28.00,18.00,290
2026-10-01,buenos-aires,Villa Crespo,1,n,3,610.93,750.00,88,53,37,11,23.00,12.00,284
2026-10-01,buenos-aires,Villa Crespo,1,n,4,750.00,,100,66,35,8,28.00,23.00,288
2026-10-01,buenos-aires,Villa Crespo,1,u,0,,,65,26,16,6,31.00,12.50,197
2026-10-01,buenos-aires,Villa Crespo,1,u,1,,550.16,10,5,4,1,31.00,23.00,48
2026-10-01,buenos-aires,Villa Crespo,1,u,2,550.16,678.32,13,8,4,2,31.00,8.00,50
2026-10-01,buenos-aires,Villa Crespo,1,u,3,678.32,870.00,20,7,6,2,44.00,12.00,48
2026-10-01,buenos-aires,Villa Crespo,1,u,4,870.00,,21,6,2,1,31.00,11.00,49
2026-10-01,buenos-aires,Villa Crespo,2,a,0,,,275,135,96,32,29.00,13.00,770
2026-10-01,buenos-aires,Villa Crespo,2,a,1,,711.98,47,25,21,7,22.00,15.00,191
2026-10-01,buenos-aires,Villa Crespo,2,a,2,711.98,906.15,70,30,24,11,27.00,10.00,195
2026-10-01,buenos-aires,Villa Crespo,2,a,3,906.15,1096.77,81,49,26,7,31.00,26.00,183
2026-10-01,buenos-aires,Villa Crespo,2,a,4,1096.77,,67,30,24,6,31.00,14.00,189
2026-10-01,buenos-aires,Villa Crespo,2,f,0,,,68,17,17,8,38.00,13.00,158
2026-10-01,buenos-aires,Villa Crespo,2,f,1,,841.42,18,3,2,1,38.00,8.00,37
2026-10-01,buenos-aires,Villa Crespo,2,f,2,841.42,1000.00,19,8,7,5,30.00,4.00,46
2026-10-01,buenos-aires,Villa Crespo,2,f,3,1000.00,1200.00,8,2,5,1,31.00,31.00,28
2026-10-01,buenos-aires,Villa Crespo,2,f,4,1200.00,,14,4,3,1,15.00,13.00,38
2026-10-01,buenos-aires,Villa Crespo,2,n,0,,,169,95,67,21,27.00,14.00,507
2026-10-01,buenos-aires,Villa Crespo,2,n,1,,675.24,24,11,15,4,22.00,22.00,129
2026-10-01,buenos-aires,Villa Crespo,2,n,2,675.24,831.17,37,21,17,7,22.00,12.00,125
2026-10-01,buenos-aires,Villa Crespo,2,n,3,831.17,1025.64,56,31,17,3,31.00,26.00,127
2026-10-01,buenos-aires,Villa Crespo,2,n,4,1025.64,,52,32,18,7,32.00,10.00,125
2026-10-01,buenos-aires,Villa Crespo,2,u,0,,,38,23,12,3,29.00,13.50,105
2026-10-01,buenos-aires,Villa Crespo,2,u,1,,774.19,9,5,1,0,26.00,12.00,27
2026-10-01,buenos-aires,Villa Crespo,2,u,2,774.19,970.87,7,6,5,2,16.00,12.00,26
2026-10-01,buenos-aires,Villa Crespo,2,u,3,970.87,1200.00,9,5,2,0,29.00,22.00,25
2026-10-01,buenos-aires,Villa Crespo,2,u,4,1200.00,,12,6,3,0,33.00,29.00,25
2026-10-01,buenos-aires,Villa Crespo,3,a,0,,,88,41,27,6,34.00,15.00,230
2026-10-01,buenos-aires,Villa Crespo,3,a,1,,893.20,17,12,4,2,29.00,9.00,58
2026-10-01,buenos-aires,Villa Crespo,3,a,2,893.20,1090.19,14,7,9,3,21.00,15.00,58
2026-10-01,buenos-aires,Villa Crespo,3,a,3,1090.19,1500.00,37,16,9,1,62.00,19.00,73
2026-10-01,buenos-aires,Villa Crespo,3,a,4,1500.00,,20,6,5,0,30.00,13.00,41
2026-10-01,buenos-aires,Villa Crespo,3,f,0,,,23,8,6,1,,8.00,34
2026-10-01,buenos-aires,Villa Crespo,3,n,0,,,45,23,18,3,29.00,21.00,156
2026-10-01,buenos-aires,Villa Crespo,3,n,1,,841.42,11,11,3,2,22.00,1.00,40
2026-10-01,buenos-aires,Villa Crespo,3,n,2,841.42,970.87,10,3,4,0,21.00,22.00,39
2026-10-01,buenos-aires,Villa Crespo,3,n,3,970.87,1247.59,12,5,7,1,30.00,22.00,39
2026-10-01,buenos-aires,Villa Crespo,3,n,4,1247.59,,12,4,4,0,33.00,25.00,38
2026-10-01,buenos-aires,Villa Crespo,3,u,0,,,20,10,3,2,57.00,0.00,40
2026-10-01,buenos-aires,Villa Crespo,4,a,0,,,16,3,6,0,46.00,25.00,42
2026-10-01,buenos-aires,Villa Crespo,4,n,0,,,9,1,3,0,64.00,18.00,21
2026-10-01,buenos-aires,Villa del Parque,-1,a,0,,,171,144,132,8,29.00,27.00,1106
2026-10-01,buenos-aires,Villa del Parque,0,a,0,,,53,43,38,1,31.00,27.50,329
2026-10-01,buenos-aires,Villa del Parque,0,a,1,,416.67,14,8,5,0,35.00,32.00,91
2026-10-01,buenos-aires,Villa del Parque,0,a,2,416.67,463.02,8,5,6,0,36.00,29.00,83
2026-10-01,buenos-aires,Villa del Parque,0,a,3,463.02,543.13,16,15,16,1,29.00,27.00,82
2026-10-01,buenos-aires,Villa del Parque,0,a,4,543.13,,15,15,8,0,30.00,28.00,70
2026-10-01,buenos-aires,Villa del Parque,0,n,0,,,15,8,10,0,33.00,33.00,205
2026-10-01,buenos-aires,Villa del Parque,0,n,1,,393.44,6,1,3,0,37.00,34.00,56
2026-10-01,buenos-aires,Villa del Parque,0,n,2,393.44,440.40,2,0,1,0,36.00,36.00,51
2026-10-01,buenos-aires,Villa del Parque,0,n,3,440.40,511.25,2,2,3,0,31.00,28.00,49
2026-10-01,buenos-aires,Villa del Parque,0,n,4,511.25,,5,5,3,0,30.00,27.00,49
2026-10-01,buenos-aires,Villa del Parque,0,u,0,,,33,31,26,1,28.00,27.00,106
2026-10-01,buenos-aires,Villa del Parque,0,u,1,,437.30,10,8,3,0,29.00,27.00,28
2026-10-01,buenos-aires,Villa del Parque,0,u,2,437.30,477.42,8,8,7,0,28.00,28.00,29
2026-10-01,buenos-aires,Villa del Parque,0,u,3,477.42,538.46,8,8,9,1,27.00,22.00,25
2026-10-01,buenos-aires,Villa del Parque,0,u,4,538.46,,7,7,4,0,29.00,28.00,21
2026-10-01,buenos-aires,Villa del Parque,1,a,0,,,80,64,57,2,29.00,28.00,481
2026-10-01,buenos-aires,Villa del Parque,1,a,1,,475.41,14,10,12,1,29.00,27.50,122
2026-10-01,buenos-aires,Villa del Parque,1,a,2,475.41,546.62,21,15,19,0,30.00,28.00,120
2026-10-01,buenos-aires,Villa del Parque,1,a,3,546.62,638.71,21,20,9,0,30.00,27.00,118
2026-10-01,buenos-aires,Villa del Parque,1,a,4,638.71,,24,19,17,1,28.00,26.00,121
2026-10-01,buenos-aires,Villa del Parque,1,f,0,,,9,7,2,0,36.00,65.50,42
2026-10-01,buenos-aires,Villa del Parque,1,n,0,,,20,11,18,0,29.00,27.50,290
2026-10-01,buenos-aires,Villa del Parque,1,n,1,,450.33,4,3,5,0,29.00,26.00,75
2026-10-01,buenos-aires,Villa del Parque,1,n,2,450.33,518.03,9,5,5,0,32.00,28.00,72
2026-10-01,buenos-aires,Villa del Parque,1,n,3,518.03,614.89,3,1,2,0,31.00,31.50,68
2026-10-01,buenos-aires,Villa del Parque,1,n,4,614.89,,4,2,6,0,28.00,28.50,75
2026-10-01,buenos-aires,Villa del Parque,1,u,0,,,51,46,37,2,29.00,26.00,149
2026-10-01,buenos-aires,Villa del Parque,1,u,1,,487.01,11,7,7,1,29.00,28.00,36
2026-10-01,buenos-aires,Villa del Parque,1,u,2,487.01,548.39,8,8,13,0,28.00,28.00,35
2026-10-01,buenos-aires,Villa del Parque,1,u,3,548.39,647.25,17,17,6,0,31.00,24.50,39
2026-10-01,buenos-aires,Villa del Parque,1,u,4,647.25,,15,14,11,1,29.00,22.00,39
2026-10-01,buenos-aires,Villa del Parque,2,a,0,,,30,28,26,3,27.00,26.00,242
2026-10-01,buenos-aires,Villa del Parque,2,a,1,,643.09,4,4,3,0,28.00,23.00,58
2026-10-01,buenos-aires,Villa del Parque,2,a,2,643.09,773.64,6,4,1,0,26.00,22.00,66
2026-10-01,buenos-aires,Villa del Parque,2,a,3,773.64,955.13,13,11,10,0,29.00,27.00,64
2026-10-01,buenos-aires,Villa del Parque,2,a,4,955.13,,7,9,12,3,27.00,26.00,53
2026-10-01,buenos-aires,Villa del Parque,2,n,0,,,5,2,7,0,26.00,31.00,138
2026-10-01,buenos-aires,Villa del Parque,2,n,1,,622.95,0,0,1,0,28.00,31.00,32
2026-10-01,buenos-aires,Villa del Parque,2,n,2,622.95,723.68,3,2,1,0,27.00,23.00,35
2026-10-01,buenos-aires,Villa del Parque,2,n,3,723.68,852.46,1,0,3,0,24.00,24.00,37
2026-10-01,buenos-aires,Villa del Parque,2,n,4,852.46,,1,0,2,0,26.00,44.00,33
2026-10-01,buenos-aires,Villa del Parque,2,u,0,,,21,23,19,3,27.00,26.00,93
2026-10-01,buenos-aires,Villa del Parque,2,u,1,,711.97,4,4,1,0,27.00,22.00,25
2026-10-01,buenos-aires,Villa del Parque,2,u,2,711.97,819.67,8,7,4,0,28.00,26.00,24
2026-10-01,buenos-aires,Villa del Parque,2,u,3,819.67,1035.60,6,7,9,1,28.00,26.00,25
2026-10-01,buenos-aires,Villa del Parque,3,a,0,,,7,9,8,2,30.00,28.00,40
2026-10-01,buenos-aires,Villa Devoto,-1,a,0,,,245,184,209,10,30.00,27.00,1519
2026-10-01,buenos-aires,Villa Devoto,0,a,0,,,56,43,42,3,30.00,28.00,310
2026-10-01,buenos-aires,Villa Devoto,0,a,1,,418.01,16,10,8,0,31.00,27.50,95
2026-10-01,buenos-aires,Villa Devoto,0,a,2,418.01,478.03,16,14,8,1,30.00,27.50,74
2026-10-01,buenos-aires,Villa Devoto,0,a,3,478.03,549.52,6,6,19,2,29.00,28.00,70
2026-10-01,buenos-aires,Villa Devoto,0,a,4,549.52,,17,12,6,0,31.00,28.00,68
2026-10-01,buenos-aires,Villa Devoto,0,f,0,,,8,4,7,1,34.00,28.00,32
2026-10-01,buenos-aires,Villa Devoto,0,n,0,,,21,12,8,1,32.00,25.00,172
2026-10-01,buenos-aires,Villa Devoto,0,n,1,,383.87,5,3,1,0,30.00,26.00,46
2026-10-01,buenos-aires,Villa Devoto,0,n,2,383.87,439.61,11,8,4,1,34.00,25.00,43
2026-10-01,buenos-aires,Villa Devoto,0,n,3,439.61,514.47,5,1,3,0,36.00,24.00,49
2026-10-01,buenos-aires,Villa Devoto,0,n,4,514.47,,0,0,0,0,31.00,,33
2026-10-01,buenos-aires,Villa Devoto,0,u,0,,,27,27,27,1,28.00,28.00,106
2026-10-01,buenos-aires,Villa Devoto,0,u,1,,456.03,9,8,7,0,28.00,27.00,29
2026-10-01,buenos-aires,Villa Devoto,0,u,2,456.03,501.62,6,6,9,0,28.00,28.00,26
2026-10-01,buenos-aires,Villa Devoto,0,u,3,501.62,553.06,2,3,7,1,28.00,28.00,24
2026-10-01,buenos-aires,Villa Devoto,0,u,4,553.06,,9,9,3,0,28.00,28.00,25
2026-10-01,buenos-aires,Villa Devoto,1,a,0,,,85,67,79,3,28.00,28.00,559
2026-10-01,buenos-aires,Villa Devoto,1,a,1,,490.14,16,12,12,1,30.00,24.50,148
2026-10-01,buenos-aires,Villa Devoto,1,a,2,490.14,572.81,19,16,22,1,29.00,27.50,144
2026-10-01,buenos-aires,Villa Devoto,1,a,3,572.81,692.56,27,19,24,1,28.00,28.00,133
2026-10-01,buenos-aires,Villa Devoto,1,a,4,692.56,,23,20,21,0,28.00,28.00,133
2026-10-01,buenos-aires,Villa Devoto,1,f,0,,,7,5,5,0,29.00,34.00,49
2026-10-01,buenos-aires,Villa Devoto,1,n,0,,,11,5,16,0,29.00,33.00,307
2026-10-01,buenos-aires,Villa Devoto,1,n,1,,475.73,3,1,5,0,30.00,27.00,78
2026-10-01,buenos-aires,Villa Devoto,1,n,2,475.73,544.55,1,1,6,0,31.00,41.00,80
2026-10-01,buenos-aires,Villa Devoto,1,n,3,544.55,638.16,3,1,4,0,28.00,33.50,77
2026-10-01,buenos-aires,Villa Devoto,1,n,4,638.16,,4,2,1,0,28.00,29.00,72
2026-10-01,buenos-aires,Villa Devoto,1,u,0,,,67,57,58,3,28.00,27.00,203
2026-10-01,buenos-aires,Villa Devoto,1,u,1,,530.95,16,16,10,2,28.00,24.00,50
2026-10-01,buenos-aires,Villa Devoto,1,u,2,530.95,593.40,22,16,16,1,28.00,27.00,55
2026-10-01,buenos-aires,Villa Devoto,1,u,3,593.40,721.86,16,13,18,0,28.00,27.00,51
2026-10-01,buenos-aires,Villa Devoto,1,u,4,721.86,,13,12,14,0,28.00,28.00,46
2026-10-01,buenos-aires,Villa Devoto,2,a,0,,,65,51,47,4,29.00,25.00,381
2026-10-01,buenos-aires,Villa Devoto,2,a,1,,771.70,9,5,8,0,30.00,27.00,98
2026-10-01,buenos-aires,Villa Devoto,2,a,2,771.70,963.70,14,13,13,3,29.00,23.00,97
2026-10-01,buenos-aires,Villa Devoto,2,a,3,963.70,1254.13,25,19,8,0,30.00,24.50,93
2026-10-01,buenos-aires,Villa Devoto,2,a,4,1254.13,,17,14,18,1,29.00,27.00,92
2026-10-01,buenos-aires,Villa Devoto,2,f,0,,,9,4,7,0,28.00,28.00,44
2026-10-01,buenos-aires,Villa Devoto,2,n,0,,,19,12,10,1,30.00,26.50,211
2026-10-01,buenos-aires,Villa Devoto,2,n,1,,737.18,2,0,2,0,37.00,26.00,54
2026-10-01,buenos-aires,Villa Devoto,2,n,2,737.18,874.36,7,4,1,0,33.00,42.00,54
2026-10-01,buenos-aires,Villa Devoto,2,n,3,874.36,1155.12,4,3,3,1,28.00,22.00,53
2026-10-01,buenos-aires,Villa Devoto,2,n,4,1155.12,,6,5,4,0,30.00,31.00,49
2026-10-01,buenos-aires,Villa Devoto,2,u,0,,,37,35,30,3,28.00,23.00,126
2026-10-01,buenos-aires,Villa Devoto,2,u,1,,779.22,10,8,6,1,28.00,25.00,32
2026-10-01,buenos-aires,Villa Devoto,2,u,2,779.22,1038.46,9,9,7,1,28.00,23.00,31
2026-10-01,buenos-aires,Villa Devoto,2,u,3,1038.46,1354.84,12,12,9,1,28.00,23.00,32
2026-10-01,buenos-aires,Villa Devoto,2,u,4,1354.84,,6,6,8,0,28.00,23.50,31
2026-10-01,buenos-aires,Villa Devoto,3,a,0,,,29,19,24,0,35.00,27.00,185
2026-10-01,buenos-aires,Villa Devoto,3,a,1,,1518.15,7,5,6,0,39.00,26.00,49
2026-10-01,buenos-aires,Villa Devoto,3,a,2,1518.15,1800.64,6,3,6,0,35.00,30.00,48
2026-10-01,buenos-aires,Villa Devoto,3,a,3,1800.64,2700.00,11,7,5,0,29.00,27.00,50
2026-10-01,buenos-aires,Villa Devoto,3,a,4,2700.00,,5,4,7,0,41.00,27.00,38
2026-10-01,buenos-aires,Villa Devoto,3,n,0,,,12,5,7,0,39.00,27.00,103
2026-10-01,buenos-aires,Villa Devoto,3,n,1,,1382.64,1,0,0,0,41.00,,23
2026-10-01,buenos-aires,Villa Devoto,3,n,2,1382.64,1600.00,3,2,5,0,32.00,25.00,29
2026-10-01,buenos-aires,Villa Devoto,3,n,3,1600.00,1947.27,5,1,1,0,43.00,64.00,26
2026-10-01,buenos-aires,Villa Devoto,3,n,4,1947.27,,3,2,1,0,41.00,28.00,25
2026-10-01,buenos-aires,Villa Devoto,3,u,0,,,15,13,14,0,29.00,27.00,64
2026-10-01,buenos-aires,Villa Devoto,4,a,0,,,10,4,17,0,32.00,28.00,84
2026-10-01,buenos-aires,Villa Devoto,4,a,1,,2500.00,1,0,6,0,33.00,28.00,23
2026-10-01,buenos-aires,Villa Devoto,4,a,2,2500.00,3900.00,3,1,6,0,33.00,28.50,24
2026-10-01,buenos-aires,Villa Devoto,4,a,3,3900.00,5000.00,4,3,4,0,30.00,65.50,23
2026-10-01,buenos-aires,Villa Devoto,4,n,0,,,7,2,7,0,41.00,41.00,26
2026-10-01,buenos-aires,Villa Devoto,4,u,0,,,2,2,9,0,29.00,27.00,46
2026-10-01,buenos-aires,Villa General Mitre,-1,a,0,,,126,110,128,14,29.00,27.00,681
2026-10-01,buenos-aires,Villa General Mitre,0,a,0,,,37,28,31,4,28.00,25.00,183
2026-10-01,buenos-aires,Villa General Mitre,0,a,1,,388.69,10,8,7,3,43.00,26.00,49
2026-10-01,buenos-aires,Villa General Mitre,0,a,2,388.69,454.55,12,10,6,1,28.00,23.50,51
2026-10-01,buenos-aires,Villa General Mitre,0,a,3,454.55,514.47,7,3,8,0,27.00,25.50,40
2026-10-01,buenos-aires,Villa General Mitre,0,a,4,514.47,,8,7,10,0,27.00,25.50,42
2026-10-01,buenos-aires,Villa General Mitre,0,n,0,,,17,11,10,3,30.00,25.00,116
2026-10-01,buenos-aires,Villa General Mitre,0,n,1,,370.13,5,3,1,0,44.00,26.00,29
2026-10-01,buenos-aires,Villa General Mitre,0,n,2,370.13,440.13,5,5,4,3,30.00,5.00,31
2026-10-01,buenos-aires,Villa General Mitre,0,n,3,440.13,488.60,4,1,3,0,24.00,24.00,28
2026-10-01,buenos-aires,Villa General Mitre,0,n,4,488.60,,3,2,2,0,29.00,27.00,27
2026-10-01,buenos-aires,Villa General Mitre,0,u,0,,,15,14,17,1,28.00,27.00,55
2026-10-01,buenos-aires,Villa General Mitre,1,a,0,,,53,52,57,7,29.00,27.00,273
2026-10-01,buenos-aires,Villa General Mitre,1,a,1,,467.95,18,17,12,3,30.00,31.00,79
2026-10-01,buenos-aires,Villa General Mitre,1,a,2,467.95,523.18,17,19,18,4,29.00,22.50,66
2026-10-01,buenos-aires,Villa General Mitre,1,a,3,523.18,623.79,5,5,9,0,28.00,26.00,61
2026-10-01,buenos-aires,Villa General Mitre,1,a,4,623.79,,13,11,18,0,28.00,27.50,67
2026-10-01,buenos-aires,Villa General Mitre,1,f,0,,,4,4,5,0,36.00,30.00,24
2026-10-01,buenos-aires,Villa General Mitre,1,n,0,,,19,16,19,4,30.00,19.00,148
2026-10-01,buenos-aires,Villa General Mitre,1,n,1,,433.55,8,8,5,2,26.00,85.00,42
2026-10-01,buenos-aires,Villa General Mitre,1,n,2,433.55,498.40,5,3,4,1,32.00,38.00,36
2026-10-01,buenos-aires,Villa General Mitre,1,n,3,498.40,550.16,3,4,8,1,28.00,18.50,35
2026-10-01,buenos-aires,Villa General Mitre,1,n,4,550.16,,3,1,2,0,30.00,15.50,35
2026-10-01,buenos-aires,Villa General Mitre,1,u,0,,,30,32,33,3,28.00,27.00,101
2026-10-01,buenos-aires,Villa General Mitre,1,u,1,,495.05,14,14,6,1,31.00,24.50,27
2026-10-01,buenos-aires,Villa General Mitre,1,u,2,495.05,556.63,5,7,10,2,28.00,23.00,24
2026-10-01,buenos-aires,Villa General Mitre,1,u,3,556.63,679.61,7,7,9,0,27.00,27.00,25
2026-10-01,buenos-aires,Villa General Mitre,1,u,4,679.61,,4,4,8,0,28.00,28.00,25
2026-10-01,buenos-aires,Villa General Mitre,2,a,0,,,23,22,20,2,30.00,28.00,142
2026-10-01,buenos-aires,Villa General Mitre,2,a,1,,626.37,10,9,2,1,35.00,18.00,37
2026-10-01,buenos-aires,Villa General Mitre,2,a,2,626.37,750.00,5,4,4,0,29.00,28.50,36
2026-10-01,buenos-aires,Villa General Mitre,2,a,3,750.00,983.61,5,6,6,1,29.00,24.00,39
2026-10-01,buenos-aires,Villa General Mitre,2,a,4,983.61,,3,3,8,0,28.00,28.00,30
2026-10-01,buenos-aires,Villa General Mitre,2,n,0,,,7,5,5,0,31.00,31.00,95
2026-10-01,buenos-aires,Villa General Mitre,2,n,1,,600.00,3,2,1,0,37.00,35.00,23
2026-10-01,buenos-aires,Villa General Mitre,2,n,2,600.00,695.36,3,2,0,0,29.00,,25
2026-10-01,buenos-aires,Villa General Mitre,2,n,3,695.36,918.73,0,0,2,0,29.00,23.50,25
2026-10-01,buenos-aires,Villa General Mitre,2,n,4,918.73,,1,1,2,0,28.00,29.00,22
2026-10-01,buenos-aires,Villa General Mitre,2,u,0,,,16,17,14,2,29.00,28.00,44
2026-10-01,buenos-aires,Villa General Mitre,3,a,0,,,9,5,14,1,30.00,26.00,64
2026-10-01,buenos-aires,Villa General Mitre,3,a,2,970.87,1000.00,3,2,9,1,29.00,27.00,20
2026-10-01,buenos-aires,Villa General Mitre,3,n,0,,,6,3,6,1,31.00,25.00,41
2026-10-01,buenos-aires,Villa General Mitre,3,u,0,,,3,2,8,0,28.00,26.50,22
2026-10-01,buenos-aires,Villa Lugano,-1,a,0,,,84,51,69,6,28.00,28.00,441
2026-10-01,buenos-aires,Villa Lugano,0,a,0,,,5,5,1,0,29.00,28.00,27
2026-10-01,buenos-aires,Villa Lugano,1,a,0,,,24,13,21,1,27.00,28.00,147
2026-10-01,buenos-aires,Villa Lugano,1,a,1,,422.08,5,4,7,0,26.00,28.00,38
2026-10-01,buenos-aires,Villa Lugano,1,a,2,422.08,483.87,7,2,3,1,28.00,27.00,34
2026-10-01,buenos-aires,Villa Lugano,1,a,3,483.87,588.24,8,3,7,0,28.00,28.00,37
2026-10-01,buenos-aires,Villa Lugano,1,a,4,588.24,,4,4,4,0,15.00,28.50,38
2026-10-01,buenos-aires,Villa Lugano,1,n,0,,,6,1,3,0,22.00,50.00,85
2026-10-01,buenos-aires,Villa Lugano,1,n,1,,436.89,2,0,2,0,24.00,37.00,21
2026-10-01,buenos-aires,Villa Lugano,1,n,2,436.89,514.47,3,0,0,0,29.00,,23
2026-10-01,buenos-aires,Villa Lugano,1,n,3,514.47,610.93,0,0,0,0,15.00,,21
2026-10-01,buenos-aires,Villa Lugano,1,n,4,610.93,,1,1,1,0,15.00,81.00,20
2026-10-01,buenos-aires,Villa Lugano,1,u,0,,,16,11,17,0,28.00,28.00,59
2026-10-01,buenos-aires,Villa Lugano,2,a,0,,,45,23,30,2,29.00,28.00,191
2026-10-01,buenos-aires,Villa Lugano,2,a,1,,440.13,17,8,6,0,29.00,26.00,50
2026-10-01,buenos-aires,Villa Lugano,2,a,2,440.13,504.85,8,4,6,0,28.00,28.00,47
2026-10-01,buenos-aires,Villa Lugano,2,a,3,504.85,594.06,9,6,5,0,30.00,28.00,45
2026-10-01,buenos-aires,Villa Lugano,2,a,4,594.06,,10,5,13,2,32.00,29.00,47
2026-10-01,buenos-aires,Villa Lugano,2,n,0,,,15,4,3,1,31.00,54.00,110
2026-10-01,buenos-aires,Villa Lugano,2,n,1,,440.13,9,3,0,0,39.00,,30
2026-10-01,buenos-aires,Villa Lugano,2,n,2,440.13,495.05,1,0,0,0,27.00,,29
2026-10-01,buenos-aires,Villa Lugano,2,n,3,495.05,585.21,1,0,0,0,30.00,,24
2026-10-01,buenos-aires,Villa Lugano,2,n,4,585.21,,3,1,3,1,34.00,54.00,26
2026-10-01,buenos-aires,Villa Lugano,2,u,0,,,29,18,25,1,29.00,28.00,76
2026-10-01,buenos-aires,Villa Lugano,3,a,0,,,8,8,12,3,27.00,25.50,59
2026-10-01,buenos-aires,Villa Lugano,3,n,0,,,4,5,4,3,27.00,3.50,36
2026-10-01,buenos-aires,Villa Lugano,3,u,0,,,4,3,7,0,27.00,26.00,21
2026-10-01,buenos-aires,Villa Luro,-1,a,0,,,96,72,102,2,29.00,27.00,598
2026-10-01,buenos-aires,Villa Luro,0,a,0,,,26,17,34,1,28.00,27.00,182
2026-10-01,buenos-aires,Villa Luro,0,a,1,,380.33,7,6,7,1,28.00,26.00,52
2026-10-01,buenos-aires,Villa Luro,0,a,2,380.33,420.71,4,2,9,0,28.00,27.00,43
2026-10-01,buenos-aires,Villa Luro,0,a,3,420.71,479.24,10,8,5,0,29.00,27.00,46
2026-10-01,buenos-aires,Villa Luro,0,a,4,479.24,,5,1,13,0,28.00,28.00,40
2026-10-01,buenos-aires,Villa Luro,0,n,0,,,7,3,10,0,30.00,28.50,89
2026-10-01,buenos-aires,Villa Luro,0,n,1,,357.14,3,2,1,0,34.00,34.00,22
2026-10-01,buenos-aires,Villa Luro,0,n,2,357.14,401.30,1,0,3,0,28.00,27.00,24
2026-10-01,buenos-aires,Villa Luro,0,n,3,401.30,469.46,1,1,2,0,30.00,25.00,23
2026-10-01,buenos-aires,Villa Luro,0,n,4,469.46,,2,0,4,0,38.00,29.50,20
2026-10-01,buenos-aires,Villa Luro,0,u,0,,,14,10,21,1,28.00,27.00,77
2026-10-01,buenos-aires,Villa Luro,0,u,1,,385.85,3,3,7,1,28.00,26.00,22
2026-10-01,buenos-aires,Villa Luro,0,u,3,420.71,472.49,6,4,3,0,27.00,27.00,22
2026-10-01,buenos-aires,Villa Luro,1,a,0,,,36,28,37,0,29.00,28.00,248
2026-10-01,buenos-aires,Villa Luro,1,a,1,,491.80,6,2,5,0,41.00,28.00,63
2026-10-01,buenos-aires,Villa Luro,1,a,2,491.80,567.74,12,10,12,0,29.00,29.00,62
2026-10-01,buenos-aires,Villa Luro,1,a,3,567.74,649.68,8,6,11,0,28.00,28.00,64
2026-10-01,buenos-aires,Villa Luro,1,a,4,649.68,,10,10,9,0,29.00,27.00,59
2026-10-01,buenos-aires,Villa Luro,1,n,0,,,6,2,6,0,33.00,34.50,141
2026-10-01,buenos-aires,Villa Luro,1,n,1,,480.26,1,0,0,0,43.00,,36
2026-10-01,buenos-aires,Villa Luro,1,n,2,480.26,546.62,4,2,1,0,29.00,51.00,35
2026-10-01,buenos-aires,Villa Luro,1,n,3,546.62,634.30,0,0,3,0,29.00,36.00,36
2026-10-01,buenos-aires,Villa Luro,1,n,4,634.30,,1,0,2,0,28.00,27.50,34
2026-10-01,buenos-aires,Villa Luro,1,u,0,,,29,25,25,0,28.00,28.00,96
2026-10-01,buenos-aires,Villa Luro,1,u,1,,517.80,7,4,7,0,28.00,28.00,25
2026-10-01,buenos-aires,Villa Luro,1,u,2,517.80,601.28,7,7,8,0,29.00,28.50,22
2026-10-01,buenos-aires,Villa Luro,1,u,3,601.28,668.83,7,6,6,0,28.00,28.00,26
2026-10-01,buenos-aires,Villa Luro,1,u,4,668.83,,8,8,4,0,28.00,23.50,23
2026-10-01,buenos-aires,Villa Luro,2,a,0,,,18,15,28,1,29.00,27.00,120
2026-10-01,buenos-aires,Villa Luro,2,a,1,,596.03,2,1,5,0,31.00,24.00,31
2026-10-01,buenos-aires,Villa Luro,2,a,2,596.03,766.23,1,0,6,0,29.00,27.00,29
2026-10-01,buenos-aires,Villa Luro,2,a,3,766.23,973.85,9,9,8,1,29.00,27.00,32
2026-10-01,buenos-aires,Villa Luro,2,a,4,973.85,,6,5,9,0,28.00,27.00,27
2026-10-01,buenos-aires,Villa Luro,2,n,0,,,4,3,5,0,37.00,35.00,54
2026-10-01,buenos-aires,Villa Luro,2,u,0,,,13,11,23,1,27.00,27.00,64
2026-10-01,buenos-aires,Villa Luro,3,a,0,,,12,9,2,0,28.00,24.50,42
2026-10-01,buenos-aires,Villa Luro,3,n,0,,,4,1,0,0,27.00,,23
2026-10-01,buenos-aires,Villa Martelli,-1,a,0,,,87,29,28,6,35.00,24.00,240
2026-10-01,buenos-aires,Villa Martelli,0,a,0,,,38,7,13,3,38.00,23.00,109
2026-10-01,buenos-aires,Villa Martelli,0,a,1,,500.00,17,4,9,1,79.00,28.00,36
2026-10-01,buenos-aires,Villa Martelli,0,a,3,600.00,714.28,7,0,1,0,38.00,21.00,20
2026-10-01,buenos-aires,Villa Martelli,0,a,4,714.28,,10,3,3,2,41.00,1.00,28
2026-10-01,buenos-aires,Villa Martelli,0,n,0,,,22,2,8,1,63.00,28.50,67
2026-10-01,buenos-aires,Villa Martelli,0,n,1,,500.00,12,1,7,0,79.00,29.00,27
2026-10-01,buenos-aires,Villa Martelli,0,u,0,,,16,5,5,2,39.00,21.00,40
2026-10-01,buenos-aires,Villa Martelli,1,a,0,,,18,5,3,0,31.00,32.00,70
2026-10-01,buenos-aires,Villa Martelli,1,n,0,,,8,1,3,0,23.00,32.00,50
2026-10-01,buenos-aires,Villa Martelli,2,a,0,,,13,9,7,1,35.00,29.00,29
2026-10-01,buenos-aires,Villa Martelli,3,a,0,,,13,6,5,2,93.00,21.00,24
2026-10-01,buenos-aires,Villa Ortúzar,-1,a,0,,,320,150,99,28,31.00,15.00,888
2026-10-01,buenos-aires,Villa Ortúzar,0,a,0,,,111,56,41,8,30.00,17.00,329
2026-10-01,buenos-aires,Villa Ortúzar,0,a,1,,426.23,24,13,13,1,31.00,22.00,83
2026-10-01,buenos-aires,Villa Ortúzar,0,a,2,426.23,500.00,22,10,9,1,29.00,15.00,84
2026-10-01,buenos-aires,Villa Ortúzar,0,a,3,500.00,557.38,35,27,13,5,29.00,15.00,80
2026-10-01,buenos-aires,Villa Ortúzar,0,a,4,557.38,,29,5,6,1,32.00,17.00,81
2026-10-01,buenos-aires,Villa Ortúzar,0,f,0,,,16,11,8,2,15.00,15.00,73
2026-10-01,buenos-aires,Villa Ortúzar,0,f,1,,517.80,9,5,4,0,22.00,18.50,24
2026-10-01,buenos-aires,Villa Ortúzar,0,f,3,550.16,600.00,2,2,3,2,5.00,3.00,27
2026-10-01,buenos-aires,Villa Ortúzar,0,n,0,,,70,33,21,4,31.00,20.00,191
2026-10-01,buenos-aires,Villa Ortúzar,0,n,1,,411.84,19,9,5,1,49.00,20.00,48
2026-10-01,buenos-aires,Villa Ortúzar,0,n,2,411.84,461.54,10,7,7,1,30.00,23.00,48
2026-10-01,buenos-aires,Villa Ortúzar,0,n,3,461.54,538.96,20,10,6,2,30.00,12.50,48
2026-10-01,buenos-aires,Villa Ortúzar,0,n,4,538.96,,21,7,3,0,32.00,22.00,47
2026-10-01,buenos-aires,Villa Ortúzar,0,u,0,,,25,12,12,2,35.00,18.50,65
2026-10-01,buenos-aires,Villa Ortúzar,1,a,0,,,108,54,25,7,31.00,13.00,324
2026-10-01,buenos-aires,Villa Ortúzar,1,a,1,,546.62,22,15,7,3,26.00,12.00,80
2026-10-01,buenos-aires,Villa Ortúzar,1,a,2,546.62,680.14,23,11,5,1,31.00,13.00,81
2026-10-01,buenos-aires,Villa Ortúzar,1,a,3,680.14,850.00,30,16,7,3,45.00,13.00,81
2026-10-01,buenos-aires,Villa Ortúzar,1,a,4,850.00,,31,12,6,0,44.00,30.00,79
2026-10-01,buenos-aires,Villa Ortúzar,1,f,0,,,22,4,7,0,35.00,19.00,66
2026-10-01,buenos-aires,Villa Ortúzar,1,f,3,986.84,1200.00,4,2,1,0,32.00,17.00,20
2026-10-01,buenos-aires,Villa Ortúzar,1,n,0,,,68,42,15,6,31.00,13.00,208
2026-10-01,buenos-aires,Villa Ortúzar,1,n,1,,517.80,17,12,7,3,30.00,12.00,54
2026-10-01,buenos-aires,Villa Ortúzar,1,n,2,517.80,622.95,13,7,2,1,21.00,8.50,50
2026-10-01,buenos-aires,Villa Ortúzar,1,n,3,622.95,789.47,17,9,2,1,38.00,47.50,52
2026-10-01,buenos-aires,Villa Ortúzar,1,n,4,789.47,,21,14,4,1,46.00,21.00,52
2026-10-01,buenos-aires,Villa Ortúzar,1,u,0,,,18,8,3,1,31.00,27.00,50
2026-10-01,buenos-aires,Villa Ortúzar,2,a,0,,,73,19,18,4,62.00,20.00,156
2026-10-01,buenos-aires,Villa Ortúzar,2,a,1,,833.33,11,6,7,3,35.00,18.00,41
2026-10-01,buenos-aires,Villa Ortúzar,2,a,2,833.33,1007.95,14,7,0,0,23.00,,37
2026-10-01,buenos-aires,Villa Ortúzar,2,a,3,1007.95,1350.00,20,0,7,0,64.00,22.00,37
2026-10-01,buenos-aires,Villa Ortúzar,2,a,4,1350.00,,26,6,4,1,,35.00,38
2026-10-01,buenos-aires,Villa Ortúzar,2,f,0,,,14,2,3,1,98.00,58.00,26
2026-10-01,buenos-aires,Villa Ortúzar,2,n,0,,,45,14,10,3,62.00,16.00,99
2026-10-01,buenos-aires,Villa Ortúzar,2,n,1,,796.12,7,5,6,3,41.00,12.50,25
2026-10-01,buenos-aires,Villa Ortúzar,2,n,2,796.12,974.03,10,4,0,0,23.00,,26
2026-10-01,buenos-aires,Villa Ortúzar,2,n,3,974.03,1229.77,12,2,2,0,64.00,49.50,24
2026-10-01,buenos-aires,Villa Ortúzar,2,n,4,1229.77,,16,3,2,0,,17.00,24
2026-10-01,buenos-aires,Villa Ortúzar,2,u,0,,,14,3,5,0,39.00,25.00,31
2026-10-01,buenos-aires,Villa Ortúzar,3,a,0,,,20,20,14,9,12.00,3.50,62
2026-10-01,buenos-aires,Villa Ortúzar,3,n,0,,,13,14,9,6,14.00,3.00,38
2026-10-01,buenos-aires,Villa Ortúzar,3,u,0,,,6,6,5,3,9.00,4.00,22
2026-10-01,buenos-aires,Villa Pueyrredón,-1,a,0,,,120,90,115,10,28.00,27.00,783
2026-10-01,buenos-aires,Villa Pueyrredón,0,a,0,,,54,36,47,0,29.00,28.00,281
2026-10-01,buenos-aires,Villa Pueyrredón,0,a,1,,402.59,12,5,11,0,34.00,30.00,86
2026-10-01,buenos-aires,Villa Pueyrredón,0,a,2,402.59,453.07,7,6,11,0,29.00,26.00,71
2026-10-01,buenos-aires,Villa Pueyrredón,0,a,3,453.07,498.38,13,9,12,0,28.00,24.50,65
2026-10-01,buenos-aires,Villa Pueyrredón,0,a,4,498.38,,22,16,13,0,32.00,28.00,57
2026-10-01,buenos-aires,Villa Pueyrredón,0,n,0,,,12,4,13,0,33.00,30.00,143
2026-10-01,buenos-aires,Villa Pueyrredón,0,n,1,,384.11,1,1,6,0,41.00,39.00,41
2026-10-01,buenos-aires,Villa Pueyrredón,0,n,2,384.11,424.44,10,3,4,0,41.00,26.50,39
2026-10-01,buenos-aires,Villa Pueyrredón,0,n,3,424.44,466.24,0,0,2,0,25.00,25.00,34
2026-10-01,buenos-aires,Villa Pueyrredón,0,n,4,466.24,,1,0,1,0,28.00,23.00,29
2026-10-01,buenos-aires,Villa Pueyrredón,0,u,0,,,36,30,32,0,28.00,27.00,119
2026-10-01,buenos-aires,Villa Pueyrredón,0,u,1,,429.73,3,2,7,0,26.00,23.00,32
2026-10-01,buenos-aires,Villa Pueyrredón,0,u,2,429.73,469.26,10,10,4,0,29.00,27.00,30
2026-10-01,buenos-aires,Villa Pueyrredón,0,u,3,469.26,509.62,13,10,11,0,28.00,28.00,32
2026-10-01,buenos-aires,Villa Pueyrredón,0,u,4,509.62,,10,8,10,0,28.00,28.00,24
2026-10-01,buenos-aires,Villa Pueyrredón,1,a,0,,,41,33,41,4,28.00,27.00,280
2026-10-01,buenos-aires,Villa Pueyrredón,1,a,1,,509.62,6,4,5,0,28.00,28.00,75
2026-10-01,buenos-aires,Villa Pueyrredón,1,a,2,509.62,587.86,8,7,11,2,28.00,22.00,69
2026-10-01,buenos-aires,Villa Pueyrredón,1,a,3,587.86,666.67,14,13,13,2,28.00,28.00,69
2026-10-01,buenos-aires,Villa Pueyrredón,1,a,4,666.67,,13,9,12,0,28.00,28.00,67
2026-10-01,buenos-aires,Villa Pueyrredón,1,f,0,,,4,2,3,0,34.00,21.00,26
2026-10-01,buenos-aires,Villa Pueyrredón,1,n,0,,,6,2,9,0,29.00,30.00,137
2026-10-01,buenos-aires,Villa Pueyrredón,1,n,1,,488.67,3,2,2,0,29.00,33.50,37
2026-10-01,buenos-aires,Villa Pueyrredón,1,n,2,488.67,555.19,0,0,0,0,30.00,,34
2026-10-01,buenos-aires,Villa Pueyrredón,1,n,3,555.19,627.46,2,0,2,0,30.00,51.50,33
2026-10-01,buenos-aires,Villa Pueyrredón,1,n,4,627.46,,1,0,5,0,27.00,28.00,33
2026-10-01,buenos-aires,Villa Pueyrredón,1,u,0,,,31,29,29,4,28.00,27.00,117
2026-10-01,buenos-aires,Villa Pueyrredón,1,u,1,,524.59,5,5,5,1,27.00,22.00,30
2026-10-01,buenos-aires,Villa Pueyrredón,1,u,2,524.59,604.50,4,4,8,1,27.00,27.50,30
2026-10-01,buenos-aires,Villa Pueyrredón,1,u,3,604.50,668.81,14,13,11,2,28.00,25.00,31
2026-10-01,buenos-aires,Villa Pueyrredón,1,u,4,668.81,,8,7,5,0,28.00,29.00,26
2026-10-01,buenos-aires,Villa Pueyrredón,2,a,0,,,21,20,22,5,28.00,26.50,165
2026-10-01,buenos-aires,Villa Pueyrredón,2,a,1,,686.17,5,7,3,2,27.00,4.00,45
2026-10-01,buenos-aires,Villa Pueyrredón,2,a,2,686.17,807.82,8,5,5,0,30.00,28.00,41
2026-10-01,buenos-aires,Villa Pueyrredón,2,a,3,807.82,974.03,7,4,4,0,30.00,25.50,39
2026-10-01,buenos-aires,Villa Pueyrredón,2,a,4,974.03,,1,4,10,3,28.00,22.00,39
2026-10-01,buenos-aires,Villa Pueyrredón,2,n,0,,,7,3,3,1,30.00,26.00,81
2026-10-01,buenos-aires,Villa Pueyrredón,2,n,1,,676.47,2,2,0,0,30.00,,22
2026-10-01,buenos-aires,Villa Pueyrredón,2,n,2,676.47,827.81,2,0,0,0,34.00,,21
2026-10-01,buenos-aires,Villa Pueyrredón,2,n,3,827.81,927.15,2,0,2,0,29.00,26.50,21
2026-10-01,buenos-aires,Villa Pueyrredón,2,u,0,,,14,17,19,4,27.00,27.00,83
2026-10-01,buenos-aires,Villa Pueyrredón,2,u,1,,707.40,3,5,4,2,23.00,15.50,22
2026-10-01,buenos-aires,Villa Pueyrredón,2,u,2,707.40,785.71,6,5,3,0,27.00,28.00,20
2026-10-01,buenos-aires,Villa Pueyrredón,2,u,4,1035.25,,1,3,9,2,28.00,23.00,21
2026-10-01,buenos-aires,Villa Pueyrredón,3,a,0,,,4,1,5,1,28.00,28.00,45
2026-10-01,buenos-aires,Villa Pueyrredón,3,n,0,,,2,0,2,0,28.00,28.00,24
2026-10-01,buenos-aires,Villa Pueyrredón,3,u,0,,,2,1,3,1,27.00,21.00,20
2026-10-01,buenos-aires,Villa Real,-1,a,0,,,16,15,10,1,28.00,26.50,105
2026-10-01,buenos-aires,Villa Real,1,a,0,,,5,5,6,0,27.00,26.50,40
2026-10-01,buenos-aires,Villa Real,1,n,0,,,0,0,1,0,27.00,27.00,22
2026-10-01,buenos-aires,Villa Real,2,a,0,,,9,8,2,1,30.00,14.50,41
2026-10-01,buenos-aires,Villa Real,2,n,0,,,1,1,1,1,10.00,1.00,24
2026-10-01,buenos-aires,Villa Riachuelo,-1,a,0,,,18,14,13,2,29.00,23.00,117
2026-10-01,buenos-aires,Villa Riachuelo,1,a,0,,,7,5,4,1,32.00,15.50,33
2026-10-01,buenos-aires,Villa Riachuelo,1,n,0,,,3,1,1,1,42.00,0.00,23
2026-10-01,buenos-aires,Villa Riachuelo,2,a,0,,,2,1,6,0,25.00,26.50,49
2026-10-01,buenos-aires,Villa Riachuelo,2,n,0,,,1,0,4,0,28.00,30.50,34
2026-10-01,buenos-aires,Villa Santa Rita,-1,a,0,,,107,90,97,7,28.00,27.00,640
2026-10-01,buenos-aires,Villa Santa Rita,0,a,0,,,30,25,33,3,28.00,27.00,195
2026-10-01,buenos-aires,Villa Santa Rita,0,a,1,,415.34,6,2,6,1,28.00,27.00,53
2026-10-01,buenos-aires,Villa Santa Rita,0,a,2,415.34,454.55,8,9,13,2,26.00,23.00,54
2026-10-01,buenos-aires,Villa Santa Rita,0,a,3,454.55,509.33,7,7,6,0,27.00,27.50,48
2026-10-01,buenos-aires,Villa Santa Rita,0,a,4,509.33,,9,7,7,0,29.00,28.00,39
2026-10-01,buenos-aires,Villa Santa Rita,0,n,0,,,6,4,7,2,27.00,26.00,92
2026-10-01,buenos-aires,Villa Santa Rita,0,n,1,,385.85,2,1,3,1,28.00,26.00,26
2026-10-01,buenos-aires,Villa Santa Rita,0,n,2,385.85,429.04,2,1,2,0,26.00,28.00,23
2026-10-01,buenos-aires,Villa Santa Rita,0,n,3,429.04,487.01,1,2,1,1,26.00,6.00,24
2026-10-01,buenos-aires,Villa Santa Rita,0,u,0,,,19,17,25,1,28.00,27.00,87
2026-10-01,buenos-aires,Villa Santa Rita,0,u,1,,426.23,5,2,7,0,23.00,23.00,24
2026-10-01,buenos-aires,Villa Santa Rita,0,u,2,426.23,469.45,4,5,7,1,28.00,27.00,26
2026-10-01,buenos-aires,Villa Santa Rita,0,u,3,469.45,506.50,6,6,4,0,27.00,27.00,20
2026-10-01,buenos-aires,Villa Santa Rita,1,a,0,,,39,32,35,1,28.00,28.00,241
2026-10-01,buenos-aires,Villa Santa Rita,1,a,1,,461.04,16,11,8,1,28.00,20.50,60
2026-10-01,buenos-aires,Villa Santa Rita,1,a,2,461.04,531.02,7,7,11,0,28.00,28.00,63
2026-10-01,buenos-aires,Villa Santa Rita,1,a,3,531.02,616.39,5,4,7,0,28.00,28.00,61
2026-10-01,buenos-aires,Villa Santa Rita,1,a,4,616.39,,11,10,9,0,30.00,28.00,55
2026-10-01,buenos-aires,Villa Santa Rita,1,n,0,,,10,7,11,0,28.00,28.00,137
2026-10-01,buenos-aires,Villa Santa Rita,1,n,1,,462.05,5,3,3,0,27.00,25.00,34
2026-10-01,buenos-aires,Villa Santa Rita,1,n,2,462.05,519.87,4,4,3,0,30.00,25.00,36
2026-10-01,buenos-aires,Villa Santa Rita,1,n,3,519.87,607.26,1,0,1,0,27.00,81.00,35
2026-10-01,buenos-aires,Villa Santa Rita,1,n,4,607.26,,0,0,4,0,28.00,43.50,32
2026-10-01,buenos-aires,Villa Santa Rita,1,u,0,,,29,25,23,1,28.00,28.00,88
2026-10-01,buenos-aires,Villa Santa Rita,1,u,1,,453.07,10,7,5,1,29.00,16.00,26
2026-10-01,buenos-aires,Villa Santa Rita,1,u,2,453.07,522.88,4,4,6,0,28.00,28.00,20
2026-10-01,buenos-aires,Villa Santa Rita,1,u,3,522.88,629.77,6,6,7,0,28.00,28.00,22
2026-10-01,buenos-aires,Villa Santa Rita,2,a,0,,,27,25,16,2,28.00,27.00,141
2026-10-01,buenos-aires,Villa Santa Rita,2,a,1,,659.16,4,4,3,1,28.00,22.00,39
2026-10-01,buenos-aires,Villa Santa Rita,2,a,2,659.16,759.08,7,7,4,0,27.00,27.00,38
2026-10-01,buenos-aires,Villa Santa Rita,2,a,3,759.08,909.09,7,4,4,0,29.00,25.00,30
2026-10-01,buenos-aires,Villa Santa Rita,2,a,4,909.09,,9,10,5,1,28.00,27.00,34
2026-10-01,buenos-aires,Villa Santa Rita,2,n,0,,,8,7,6,2,29.00,25.50,97
2026-10-01,buenos-aires,Villa Santa Rita,2,n,1,,636.66,1,2,1,1,32.00,7.00,27
2026-10-01,buenos-aires,Villa Santa Rita,2,n,2,636.66,754.84,0,0,1,0,19.00,45.00,25
2026-10-01,buenos-aires,Villa Santa Rita,2,n,3,754.84,900.32,4,1,2,0,30.00,25.50,23
2026-10-01,buenos-aires,Villa Santa Rita,2,n,4,900.32,,3,4,2,1,29.00,16.00,22
2026-10-01,buenos-aires,Villa Santa Rita,2,u,0,,,16,15,8,0,28.00,27.00,39
2026-10-01,buenos-aires,Villa Santa Rita,3,a,0,,,10,8,11,1,30.00,28.00,52
2026-10-01,buenos-aires,Villa Santa Rita,3,n,0,,,2,2,5,0,32.00,29.00,24
2026-10-01,buenos-aires,Villa Santa Rita,3,u,0,,,7,6,6,1,28.00,28.00,26
2026-10-01,buenos-aires,Villa Soldati,-1,a,0,,,4,3,13,0,29.00,28.00,52
2026-10-01,buenos-aires,Villa Soldati,2,a,0,,,2,1,7,0,28.00,23.00,22
2026-10-01,buenos-aires,Villa Urquiza,-1,a,0,,,1898,810,561,119,31.00,19.00,5230
2026-10-01,buenos-aires,Villa Urquiza,0,a,0,,,645,250,188,32,31.00,20.00,1735
2026-10-01,buenos-aires,Villa Urquiza,0,a,1,,430.46,125,63,65,9,28.00,22.00,435
2026-10-01,buenos-aires,Villa Urquiza,0,a,2,430.46,491.91,136,60,54,9,29.00,20.50,434
2026-10-01,buenos-aires,Villa Urquiza,0,a,3,491.91,573.25,177,63,43,10,35.00,16.00,432
2026-10-01,buenos-aires,Villa Urquiza,0,a,4,573.25,,197,64,26,4,49.00,20.50,422
2026-10-01,buenos-aires,Villa Urquiza,0,f,0,,,136,43,34,5,31.00,24.50,349
2026-10-01,buenos-aires,Villa Urquiza,0,f,1,,517.80,23,13,10,1,24.00,26.00,88
2026-10-01,buenos-aires,Villa Urquiza,0,f,2,517.80,600.00,53,15,13,3,32.00,22.00,126
2026-10-01,buenos-aires,Villa Urquiza,0,f,3,600.00,677.42,19,7,3,0,42.00,19.00,45
2026-10-01,buenos-aires,Villa Urquiza,0,f,4,677.42,,32,8,8,1,43.00,30.00,81
2026-10-01,buenos-aires,Villa Urquiza,0,n,0,,,425,177,134,22,31.00,20.00,1138
2026-10-01,buenos-aires,Villa Urquiza,0,n,1,,418.01,73,38,51,6,27.00,22.00,290
2026-10-01,buenos-aires,Villa Urquiza,0,n,2,418.01,469.45,105,46,32,5,31.00,25.00,280
2026-10-01,buenos-aires,Villa Urquiza,0,n,3,469.45,519.48,110,39,31,6,33.00,16.00,284
2026-10-01,buenos-aires,Villa Urquiza,0,n,4,519.48,,136,54,20,5,44.00,13.00,283
2026-10-01,buenos-aires,Villa Urquiza,0,u,0,,,84,30,20,5,34.00,22.00,248
2026-10-01,buenos-aires,Villa Urquiza,0,u,1,,456.40,11,5,6,2,21.00,28.50,63
2026-10-01,buenos-aires,Villa Urquiza,0,u,2,456.40,520.90,14,8,10,3,25.00,17.50,62
2026-10-01,buenos-aires,Villa Urquiza,0,u,3,520.90,605.13,25,8,1,0,59.00,20.00,60
2026-10-01,buenos-aires,Villa Urquiza,0,u,4,605.13,,34,9,3,0,79.00,90.00,61
2026-10-01,buenos-aires,Villa Urquiza,1,a,0,,,794,364,241,58,31.00,18.00,2196
2026-10-01,buenos-aires,Villa Urquiza,1,a,1,,546.62,155,70,71,13,30.00,19.00,553
2026-10-01,buenos-aires,Villa Urquiza,1,a,2,546.62,629.14,182,95,53,18,29.00,14.00,539
2026-10-01,buenos-aires,Villa Urquiza,1,a,3,629.14,745.98,219,109,55,17,32.00,19.00,547
2026-10-01,buenos-aires,Villa Urquiza,1,a,4,745.98,,225,90,61,10,32.00,19.00,538
2026-10-01,buenos-aires,Villa Urquiza,1,f,0,,,132,45,36,5,37.00,19.00,316
2026-10-01,buenos-aires,Villa Urquiza,1,f,1,,614.89,23,11,16,2,30.00,19.00,79
2026-10-01,buenos-aires,Villa Urquiza,1,f,2,614.89,751.64,34,13,3,1,54.00,19.00,77
2026-10-01,buenos-aires,Villa Urquiza,1,f,3,751.64,961.81,34,18,11,2,32.00,17.00,78
2026-10-01,buenos-aires,Villa Urquiza,1,f,4,961.81,,30,3,6,0,45.00,65.00,71
2026-10-01,buenos-aires,Villa Urquiza,1,n,0,,,557,268,174,41,30.00,17.00,1548
2026-10-01,buenos-aires,Villa Urquiza,1,n,1,,518.03,113,48,54,9,29.00,20.00,387
2026-10-01,buenos-aires,Villa Urquiza,1,n,2,518.03,614.89,141,76,33,10,30.00,16.00,406
2026-10-01,buenos-aires,Villa Urquiza,1,n,3,614.89,711.97,151,75,41,12,31.00,14.00,389
2026-10-01,buenos-aires,Villa Urquiza,1,n,4,711.97,,151,69,45,10,31.00,18.00,364
2026-10-01,buenos-aires,Villa Urquiza,1,u,0,,,105,51,31,12,31.00,18.00,332
2026-10-01,buenos-aires,Villa Urquiza,1,u,1,,587.09,30,10,7,3,36.00,18.00,82
2026-10-01,buenos-aires,Villa Urquiza,1,u,2,587.09,653.59,20,18,9,7,27.00,2.00,82
2026-10-01,buenos-aires,Villa Urquiza,1,u,3,653.59,771.71,22,13,7,2,24.00,22.00,82
2026-10-01,buenos-aires,Villa Urquiza,1,u,4,771.71,,32,10,8,0,45.00,23.50,80
2026-10-01,buenos-aires,Villa Urquiza,2,a,0,,,328,143,95,17,32.00,16.00,935
2026-10-01,buenos-aires,Villa Urquiza,2,a,1,,783.17,79,38,24,4,32.00,16.00,235
2026-10-01,buenos-aires,Villa Urquiza,2,a,2,783.17,980.39,64,29,33,5,29.00,15.00,235
2026-10-01,buenos-aires,Villa Urquiza,2,a,3,980.39,1175.33,92,43,21,4,35.00,15.00,228
2026-10-01,buenos-aires,Villa Urquiza,2,a,4,1175.33,,89,33,17,4,38.00,21.00,232
2026-10-01,buenos-aires,Villa Urquiza,2,f,0,,,30,9,9,2,37.00,15.00,89
2026-10-01,buenos-aires,Villa Urquiza,2,f,1,,964.63,4,2,2,1,24.00,9.50,22
2026-10-01,buenos-aires,Villa Urquiza,2,f,2,964.63,1185.43,9,5,2,1,71.00,10.00,21
2026-10-01,buenos-aires,Villa Urquiza,2,f,3,1185.43,1400.00,7,2,0,0,43.00,,25
2026-10-01,buenos-aires,Villa Urquiza,2,n,0,,,258,119,72,10,32.00,19.00,719
2026-10-01,buenos-aires,Villa Urquiza,2,n,1,,771.70,60,32,19,3,30.00,21.00,187
2026-10-01,buenos-aires,Villa Urquiza,2,n,2,771.70,961.54,51,23,25,1,28.00,19.00,174
2026-10-01,buenos-aires,Villa Urquiza,2,n,3,961.54,1135.27,73,34,17,2,35.00,15.00,179
2026-10-01,buenos-aires,Villa Urquiza,2,n,4,1135.27,,74,30,11,4,36.00,17.00,179
2026-10-01,buenos-aires,Villa Urquiza,2,u,0,,,40,15,14,5,31.00,12.50,127
2026-10-01,buenos-aires,Villa Urquiza,2,u,1,,909.09,11,3,4,3,27.00,2.50,32
2026-10-01,buenos-aires,Villa Urquiza,2,u,2,909.09,1100.32,9,3,5,1,32.00,15.00,31
2026-10-01,buenos-aires,Villa Urquiza,2,u,3,1100.32,1250.00,10,3,3,1,30.00,30.00,32
2026-10-01,buenos-aires,Villa Urquiza,2,u,4,1250.00,,9,6,2,0,32.00,14.50,30
2026-10-01,buenos-aires,Villa Urquiza,3,a,0,,,92,44,26,9,35.00,14.00,268
2026-10-01,buenos-aires,Villa Urquiza,3,a,1,,1100.32,25,12,7,2,41.00,16.00,69
2026-10-01,buenos-aires,Villa Urquiza,3,a,2,1100.32,1391.59,21,5,4,0,32.00,24.00,65
2026-10-01,buenos-aires,Villa Urquiza,3,a,3,1391.59,1794.87,22,16,10,5,35.00,9.00,67
2026-10-01,buenos-aires,Villa Urquiza,3,a,4,1794.87,,24,11,5,2,35.00,15.00,66
2026-10-01,buenos-aires,Villa Urquiza,3,f,0,,,6,1,1,0,17.00,17.00,24
2026-10-01,buenos-aires,Villa Urquiza,3,n,0,,,56,31,20,7,33.00,14.00,186
2026-10-01,buenos-aires,Villa Urquiza,3,n,1,,1074.92,12,8,6,2,33.00,14.00,46
2026-10-01,buenos-aires,Villa Urquiza,3,n,2,1074.92,1318.18,14,5,4,0,32.00,15.50,47
2026-10-01,buenos-aires,Villa Urquiza,3,n,3,1318.18,1623.38,18,12,6,3,52.00,9.00,47
2026-10-01,buenos-aires,Villa Urquiza,3,n,4,1623.38,,12,6,4,2,26.00,9.00,46
2026-10-01,buenos-aires,Villa Urquiza,3,u,0,,,30,12,5,2,45.00,10.00,58
2026-10-01,buenos-aires,Villa Urquiza,4,a,0,,,39,9,11,3,33.00,27.00,96
2026-10-01,buenos-aires,Villa Urquiza,4,a,1,,1525.97,12,4,1,1,25.00,0.00,27
2026-10-01,buenos-aires,Villa Urquiza,4,a,2,1525.97,2580.65,8,2,3,0,36.00,29.00,21
2026-10-01,buenos-aires,Villa Urquiza,4,a,3,2580.65,3600.00,8,2,5,2,30.00,13.00,24
2026-10-01,buenos-aires,Villa Urquiza,4,a,4,3600.00,,11,1,2,0,90.00,29.00,23
2026-10-01,buenos-aires,Villa Urquiza,4,n,0,,,24,4,6,1,37.00,27.00,54
2026-10-01,buenos-aires,Villa Urquiza,4,u,0,,,9,2,2,1,33.00,16.50,24
2026-10-01,buenos-aires,Virreyes,-1,a,0,,,19,13,10,0,30.00,26.50,149
2026-10-01,buenos-aires,Virreyes,0,a,0,,,9,5,4,0,31.00,23.00,63
2026-10-01,buenos-aires,Virreyes,0,u,0,,,9,5,4,0,31.00,23.00,49
2026-10-01,buenos-aires,Virreyes,1,a,0,,,8,6,4,0,29.00,27.00,63
2026-10-01,buenos-aires,Virreyes,1,a,3,355.99,389.61,3,3,2,0,31.00,35.00,21
2026-10-01,buenos-aires,Virreyes,1,n,0,,,2,0,0,0,30.00,,44
2026-10-01,buenos-aires,Zárate,-1,a,0,,,27,25,3,0,33.00,28.00,138
2026-10-01,buenos-aires,Zárate,1,a,0,,,15,14,1,0,31.00,28.00,49
2026-10-01,buenos-aires,Zárate,1,u,0,,,14,13,1,0,29.00,28.00,29
2026-10-01,buenos-aires,Zárate,2,a,0,,,7,7,1,0,42.00,23.00,46
2026-10-01,buenos-aires,Zárate,2,n,0,,,0,0,0,0,33.00,,22
2026-10-01,buenos-aires,Zárate,2,u,0,,,7,7,1,0,50.00,23.00,20
2026-10-01,warsaw,ALL,-1,a,0,,,8117,4285,3656,462,31.00,27.00,21481
2026-10-01,warsaw,ALL,0,a,0,,,1172,750,601,106,30.00,22.00,3615
2026-10-01,warsaw,ALL,1,a,0,,,3879,2227,1879,242,31.00,25.00,10967
2026-10-01,warsaw,ALL,2,a,0,,,2235,1039,928,99,31.00,30.00,5369
2026-10-01,warsaw,ALL,3,a,0,,,677,223,217,14,40.00,31.00,1290
2026-10-01,warsaw,ALL,4,a,0,,,154,46,31,1,49.00,37.00,240
2026-10-01,warsaw,Bemowo,-1,a,0,,,306,178,156,21,31.00,23.00,942
2026-10-01,warsaw,Bemowo,0,a,0,,,34,35,33,10,18.00,17.00,133
2026-10-01,warsaw,Bemowo,0,a,1,,656.58,2,5,7,3,13.00,10.00,35
2026-10-01,warsaw,Bemowo,0,a,2,656.58,704.68,7,10,7,4,13.00,7.00,33
2026-10-01,warsaw,Bemowo,0,a,3,704.68,741.18,10,8,13,2,26.00,26.00,32
2026-10-01,warsaw,Bemowo,0,a,4,741.18,,15,12,6,1,31.00,24.50,33
2026-10-01,warsaw,Bemowo,0,f,0,,,34,35,33,10,18.00,17.00,132
2026-10-01,warsaw,Bemowo,0,f,1,,656.58,2,5,7,3,12.00,10.00,34
2026-10-01,warsaw,Bemowo,0,f,2,656.58,704.68,7,10,7,4,13.00,7.00,33
2026-10-01,warsaw,Bemowo,0,f,3,704.68,741.18,10,8,13,2,26.00,26.00,32
2026-10-01,warsaw,Bemowo,0,f,4,741.18,,15,12,6,1,31.00,24.50,33
2026-10-01,warsaw,Bemowo,1,a,0,,,183,106,93,10,31.00,22.00,561
2026-10-01,warsaw,Bemowo,1,a,1,,791.43,27,17,25,3,23.00,24.00,139
2026-10-01,warsaw,Bemowo,1,a,2,791.43,862.46,46,31,26,3,24.00,17.50,151
2026-10-01,warsaw,Bemowo,1,a,3,862.46,942.46,40,22,22,2,25.00,16.50,128
2026-10-01,warsaw,Bemowo,1,a,4,942.46,,70,36,20,2,35.00,28.50,143
2026-10-01,warsaw,Bemowo,1,f,0,,,181,103,91,9,31.00,22.00,551
2026-10-01,warsaw,Bemowo,1,f,1,,792.50,27,16,25,2,23.00,24.00,138
2026-10-01,warsaw,Bemowo,1,f,2,792.50,862.46,46,31,24,3,26.00,17.50,147
2026-10-01,warsaw,Bemowo,1,f,3,862.46,942.25,40,22,22,2,26.00,16.50,125
2026-10-01,warsaw,Bemowo,1,f,4,942.25,,68,34,20,2,34.00,28.50,141
2026-10-01,warsaw,Bemowo,2,a,0,,,81,35,25,1,31.00,31.00,222
2026-10-01,warsaw,Bemowo,2,a,1,,1045.41,15,7,8,0,30.00,37.50,55
2026-10-01,warsaw,Bemowo,2,a,2,1045.41,1138.33,28,12,2,0,45.00,35.50,54
2026-10-01,warsaw,Bemowo,2,a,3,1138.33,1272.16,18,6,6,0,31.00,27.50,57
2026-10-01,warsaw,Bemowo,2,a,4,1272.16,,20,10,9,1,31.00,31.00,56
2026-10-01,warsaw,Bemowo,2,f,0,,,76,33,25,1,31.00,31.00,209
2026-10-01,warsaw,Bemowo,2,f,1,,1043.84,15,7,8,0,31.00,37.50,51
2026-10-01,warsaw,Bemowo,2,f,2,1043.84,1138.68,25,11,2,0,33.00,35.50,52
2026-10-01,warsaw,Bemowo,2,f,3,1138.68,1272.16,18,6,6,0,31.00,27.50,54
2026-10-01,warsaw,Bemowo,2,f,4,1272.16,,18,9,9,1,31.00,31.00,52
2026-10-01,warsaw,Bemowo,3,a,0,,,6,1,4,0,32.00,38.50,22
2026-10-01,warsaw,Bemowo,3,f,0,,,6,1,3,0,39.00,46.00,21
2026-10-01,warsaw,Białołęka,-1,a,0,,,287,159,114,12,31.00,28.00,777
2026-10-01,warsaw,Białołęka,0,a,0,,,41,28,21,2,31.00,25.00,120
2026-10-01,warsaw,Białołęka,0,a,1,,579.20,9,7,2,0,18.00,12.00,29
2026-10-01,warsaw,Białołęka,0,a,2,579.20,650.51,10,6,5,1,31.00,16.00,31
2026-10-01,warsaw,Białołęka,0,a,3,650.51,691.17,7,6,10,1,30.00,31.00,30
2026-10-01,warsaw,Białołęka,0,a,4,691.17,,15,9,4,0,31.00,21.00,30
2026-10-01,warsaw,Białołęka,0,f,0,,,40,27,21,2,31.00,25.00,119
2026-10-01,warsaw,Białołęka,0,f,1,,579.20,9,7,2,0,18.00,12.00,29
2026-10-01,warsaw,Białołęka,0,f,2,579.20,646.85,10,6,4,1,31.00,28.00,30
2026-10-01,warsaw,Białołęka,0,f,3,646.85,691.17,7,6,11,1,30.00,31.00,31
2026-10-01,warsaw,Białołęka,0,f,4,691.17,,14,8,4,0,31.00,21.00,29
2026-10-01,warsaw,Białołęka,1,a,0,,,166,91,68,4,31.00,30.00,473
2026-10-01,warsaw,Białołęka,1,a,1,,704.72,29,16,23,1,26.00,24.00,119
2026-10-01,warsaw,Białołęka,1,a,2,704.72,778.91,38,22,16,1,31.00,19.00,116
2026-10-01,warsaw,Białołęka,1,a,3,778.91,854.06,46,28,17,2,32.00,31.00,120
2026-10-01,warsaw,Białołęka,1,a,4,854.06,,53,25,12,0,32.00,31.00,118
2026-10-01,warsaw,Białołęka,1,f,0,,,164,90,66,4,31.00,30.00,467
2026-10-01,warsaw,Białołęka,1,f,1,,710.06,28,15,22,1,26.00,22.00,116
2026-10-01,warsaw,Białołęka,1,f,2,710.06,780.89,38,22,15,1,31.00,20.00,117
2026-10-01,warsaw,Białołęka,1,f,3,780.89,854.06,46,28,17,2,32.00,31.00,117
2026-10-01,warsaw,Białołęka,1,f,4,854.06,,52,25,12,0,32.00,31.00,117
2026-10-01,warsaw,Białołęka,2,a,0,,,67,33,23,6,31.00,16.00,161
2026-10-01,warsaw,Białołęka,2,a,1,,865.93,17,10,4,1,28.00,11.50,41
2026-10-01,warsaw,Białołęka,2,a,2,865.93,991.16,10,7,7,2,24.00,24.00,42
2026-10-01,warsaw,Białołęka,2,a,3,991.16,1077.85,22,10,5,2,32.00,29.00,42
2026-10-01,warsaw,Białołęka,2,a,4,1077.85,,18,6,7,1,34.00,12.00,36
2026-10-01,warsaw,Białołęka,2,f,0,,,65,33,23,6,31.00,16.00,156
2026-10-01,warsaw,Białołęka,2,f,1,,888.94,17,10,4,1,28.00,11.50,40
2026-10-01,warsaw,Białołęka,2,f,2,888.94,991.16,10,7,7,2,23.00,24.00,40
2026-10-01,warsaw,Białołęka,2,f,3,991.16,1077.85,21,10,5,2,31.00,29.00,40
2026-10-01,warsaw,Białołęka,2,f,4,1077.85,,17,6,7,1,34.00,12.00,36
2026-10-01,warsaw,Białołęka,3,a,0,,,13,7,2,0,65.00,46.50,21
2026-10-01,warsaw,Białołęka,3,f,0,,,13,7,2,0,65.00,46.50,20
2026-10-01,warsaw,Bielany,-1,a,0,,,280,177,141,26,31.00,23.00,814
2026-10-01,warsaw,Bielany,0,a,0,,,49,38,27,5,25.00,24.00,189
2026-10-01,warsaw,Bielany,0,a,1,,594.48,9,8,8,3,15.00,11.00,49
2026-10-01,warsaw,Bielany,0,a,2,594.48,674.13,13,9,11,1,27.00,28.00,50
2026-10-01,warsaw,Bielany,0,a,3,674.13,716.27,9,7,4,1,21.00,24.50,44
2026-10-01,warsaw,Bielany,0,a,4,716.27,,18,14,4,0,32.00,26.50,46
2026-10-01,warsaw,Bielany,0,f,0,,,48,37,27,5,25.00,24.00,188
2026-10-01,warsaw,Bielany,0,f,1,,596.30,8,7,9,3,14.00,11.00,49
2026-10-01,warsaw,Bielany,0,f,2,596.30,674.13,13,9,10,1,28.00,29.00,49
2026-10-01,warsaw,Bielany,0,f,3,674.13,716.27,9,7,4,1,21.00,24.50,44
2026-10-01,warsaw,Bielany,0,f,4,716.27,,18,14,4,0,32.00,26.50,46
2026-10-01,warsaw,Bielany,1,a,0,,,146,98,82,15,31.00,26.00,416
2026-10-01,warsaw,Bielany,1,a,1,,764.24,32,25,15,3,31.00,31.00,102
2026-10-01,warsaw,Bielany,1,a,2,764.24,854.06,26,21,20,5,30.00,21.50,105
2026-10-01,warsaw,Bielany,1,a,3,854.06,937.73,42,25,17,4,31.00,19.00,106
2026-10-01,warsaw,Bielany,1,a,4,937.73,,46,27,30,3,34.00,31.00,103
2026-10-01,warsaw,Bielany,1,f,0,,,143,97,82,15,31.00,26.00,410
2026-10-01,warsaw,Bielany,1,f,1,,766.26,31,25,15,3,31.00,31.00,101
2026-10-01,warsaw,Bielany,1,f,2,766.26,854.06,26,21,20,5,30.00,21.50,103
2026-10-01,warsaw,Bielany,1,f,3,854.06,935.51,42,25,17,4,31.00,19.00,104
2026-10-01,warsaw,Bielany,1,f,4,935.51,,44,26,30,3,32.00,31.00,102
2026-10-01,warsaw,Bielany,2,a,0,,,70,34,30,5,31.00,22.00,183
2026-10-01,warsaw,Bielany,2,a,1,,889.42,20,13,6,3,31.00,12.50,49
2026-10-01,warsaw,Bielany,2,a,2,889.42,1024.18,15,6,10,2,29.00,22.50,50
2026-10-01,warsaw,Bielany,2,a,3,1024.18,1212.84,20,9,8,0,30.00,20.50,45
2026-10-01,warsaw,Bielany,2,a,4,1212.84,,15,6,6,0,31.00,31.00,39
2026-10-01,warsaw,Bielany,2,f,0,,,63,31,30,5,31.00,22.00,171
2026-10-01,warsaw,Bielany,2,f,1,,889.42,18,12,6,3,29.00,12.50,47
2026-10-01,warsaw,Bielany,2,f,2,889.42,1008.17,12,5,10,2,29.00,22.50,44
2026-10-01,warsaw,Bielany,2,f,3,1008.17,1212.84,20,9,8,0,31.00,20.50,45
2026-10-01,warsaw,Bielany,2,f,4,1212.84,,13,5,6,0,31.00,31.00,35
2026-10-01,warsaw,Bielany,3,a,0,,,15,7,2,1,46.00,8.00,26
2026-10-01,warsaw,Bielany,3,f,0,,,13,6,2,1,48.00,8.00,23
2026-10-01,warsaw,gmina Jabłonna,-1,a,0,,,10,5,3,0,22.00,26.00,30
2026-10-01,warsaw,gmina Lesznowola,-1,a,0,,,28,21,13,1,26.00,18.00,85
2026-10-01,warsaw,gmina Lesznowola,1,a,0,,,16,14,7,0,26.00,16.00,50
2026-10-01,warsaw,gmina Lesznowola,1,f,0,,,14,12,7,0,25.00,16.00,48
2026-10-01,warsaw,gmina Lesznowola,2,a,0,,,11,7,5,1,28.00,24.00,28
2026-10-01,warsaw,gmina Lesznowola,2,f,0,,,10,6,5,1,28.00,24.00,27
2026-10-01,warsaw,gmina Raszyn,-1,a,0,,,8,5,7,1,30.00,30.00,28
2026-10-01,warsaw,gmina Stare Babice,-1,a,0,,,11,5,7,0,30.00,23.00,29
2026-10-01,warsaw,gmina Stare Babice,1,a,0,,,7,3,6,0,28.00,25.00,23
2026-10-01,warsaw,gmina Stare Babice,1,f,0,,,7,3,6,0,28.00,25.00,23
2026-10-01,warsaw,Grodzisk Mazowiecki,-1,a,0,,,20,11,13,3,31.00,17.00,67
2026-10-01,warsaw,Grodzisk Mazowiecki,1,a,0,,,9,5,7,0,31.00,19.00,38
2026-10-01,warsaw,Grodzisk Mazowiecki,1,f,0,,,9,5,7,0,31.00,19.00,38
2026-10-01,warsaw,Grójec,-1,a,0,,,13,9,10,3,31.00,20.00,42
2026-10-01,warsaw,Grójec,1,a,0,,,9,6,7,2,31.00,31.00,31
2026-10-01,warsaw,Grójec,1,f,0,,,8,5,7,2,31.00,31.00,29
2026-10-01,warsaw,Konstancin-Jeziorna,-1,a,0,,,18,10,4,1,31.00,30.50,33
2026-10-01,warsaw,Legionowo,-1,a,0,,,29,21,5,0,31.00,31.00,63
2026-10-01,warsaw,Legionowo,1,a,0,,,10,8,1,0,42.00,80.00,24
2026-10-01,warsaw,Legionowo,1,f,0,,,10,8,1,0,42.00,80.00,24
2026-10-01,warsaw,Legionowo,2,a,0,,,7,3,2,0,31.00,30.50,20
2026-10-01,warsaw,Łomianki,-1,a,0,,,9,6,1,0,31.00,79.00,21
2026-10-01,warsaw,Marki,-1,a,0,,,28,13,18,1,31.00,34.50,76
2026-10-01,warsaw,Marki,1,a,0,,,14,4,7,0,42.00,41.00,30
2026-10-01,warsaw,Marki,1,f,0,,,12,3,7,0,41.00,41.00,28
2026-10-01,warsaw,Marki,2,a,0,,,9,6,6,1,28.00,18.50,30
2026-10-01,warsaw,Marki,2,f,0,,,9,6,6,1,28.00,18.50,30
2026-10-01,warsaw,Mińsk Mazowiecki,-1,a,0,,,11,2,11,0,31.00,31.00,37
2026-10-01,warsaw,Mińsk Mazowiecki,1,a,0,,,5,0,6,0,31.00,31.00,25
2026-10-01,warsaw,Mińsk Mazowiecki,1,f,0,,,4,0,5,0,31.00,31.00,23
2026-10-01,warsaw,Mokotów,-1,a,0,,,1477,716,649,60,31.00,27.00,3866
2026-10-01,warsaw,Mokotów,0,a,0,,,182,106,76,12,28.00,20.00,552
2026-10-01,warsaw,Mokotów,0,a,1,,651.25,35,19,19,4,22.00,16.00,139
2026-10-01,warsaw,Mokotów,0,a,2,651.25,727.55,45,30,18,3,29.00,19.00,137
2026-10-01,warsaw,Mokotów,0,a,3,727.55,804.29,34,26,23,4,27.00,18.00,139
2026-10-01,warsaw,Mokotów,0,a,4,804.29,,68,31,16,1,31.00,27.50,137
2026-10-01,warsaw,Mokotów,0,f,0,,,181,106,76,12,28.00,20.00,548
2026-10-01,warsaw,Mokotów,0,f,1,,651.25,35,19,19,4,22.00,16.00,138
2026-10-01,warsaw,Mokotów,0,f,2,651.25,727.55,45,30,18,3,29.00,19.00,137
2026-10-01,warsaw,Mokotów,0,f,3,727.55,804.29,33,26,23,4,26.00,18.00,136
2026-10-01,warsaw,Mokotów,0,f,4,804.29,,68,31,16,1,31.00,27.50,137
2026-10-01,warsaw,Mokotów,1,a,0,,,641,350,321,34,31.00,24.00,1800
2026-10-01,warsaw,Mokotów,1,a,1,,862.46,121,92,82,16,25.00,18.50,461
2026-10-01,warsaw,Mokotów,1,a,2,862.46,970.74,142,85,74,11,30.00,23.00,453
2026-10-01,warsaw,Mokotów,1,a,3,970.74,1112.56,172,87,89,4,31.00,26.00,449
2026-10-01,warsaw,Mokotów,1,a,4,1112.56,,206,86,76,3,34.00,30.00,436
2026-10-01,warsaw,Mokotów,1,f,0,,,628,345,320,34,31.00,24.50,1777
2026-10-01,warsaw,Mokotów,1,f,1,,862.46,118,90,82,16,24.00,18.50,453
2026-10-01,warsaw,Mokotów,1,f,2,862.46,973.04,139,84,73,11,30.00,23.00,451
2026-10-01,warsaw,Mokotów,1,f,3,973.04,1112.44,170,86,87,4,31.00,25.00,441
2026-10-01,warsaw,Mokotów,1,f,4,1112.44,,201,85,78,3,33.00,30.00,431
2026-10-01,warsaw,Mokotów,2,a,0,,,413,175,191,10,31.00,31.00,1088
2026-10-01,warsaw,Mokotów,2,a,1,,1193.97,89,49,51,5,31.00,24.00,281
2026-10-01,warsaw,Mokotów,2,a,2,1193.97,1464.01,98,46,40,3,31.00,31.50,281
2026-10-01,warsaw,Mokotów,2,a,3,1464.01,1751.88,115,43,48,1,32.00,31.00,275
2026-10-01,warsaw,Mokotów,2,a,4,1751.88,,111,37,52,1,38.00,31.00,251
2026-10-01,warsaw,Mokotów,2,f,0,,,389,167,186,10,31.00,31.00,1035
2026-10-01,warsaw,Mokotów,2,f,1,,1185.89,87,48,50,5,31.00,25.50,269
2026-10-01,warsaw,Mokotów,2,f,2,1185.89,1453.42,93,44,40,3,31.00,31.00,267
2026-10-01,warsaw,Mokotów,2,f,3,1453.42,1751.88,108,41,46,1,32.00,31.00,270
2026-10-01,warsaw,Mokotów,2,f,4,1751.88,,101,34,50,1,39.00,32.00,229
2026-10-01,warsaw,Mokotów,2,n,0,,,23,8,4,0,33.00,31.00,49
2026-10-01,warsaw,Mokotów,3,a,0,,,188,69,54,4,41.00,30.00,357
2026-10-01,warsaw,Mokotów,3,a,1,,1972.39,40,15,13,0,33.00,33.00,96
2026-10-01,warsaw,Mokotów,3,a,2,1972.39,2626.55,42,17,13,1,34.00,28.00,94
2026-10-01,warsaw,Mokotów,3,a,3,2626.55,3503.00,46,13,16,0,34.00,30.50,85
2026-10-01,warsaw,Mokotów,3,a,4,3503.00,,60,24,12,3,62.00,23.00,82
2026-10-01,warsaw,Mokotów,3,f,0,,,177,67,50,4,41.00,30.00,337
2026-10-01,warsaw,Mokotów,3,f,1,,1930.29,38,15,10,0,35.00,34.00,89
2026-10-01,warsaw,Mokotów,3,f,2,1930.29,2577.88,39,16,15,1,33.00,28.00,89
2026-10-01,warsaw,Mokotów,3,f,3,2577.88,3503.00,45,13,15,0,34.00,30.00,84
2026-10-01,warsaw,Mokotów,3,f,4,3503.00,,55,23,10,3,62.00,24.50,75
2026-10-01,warsaw,Mokotów,3,n,0,,,11,2,4,0,33.00,27.50,20
2026-10-01,warsaw,Mokotów,4,a,0,,,53,16,7,0,63.00,37.00,69
2026-10-01,warsaw,Mokotów,4,a,1,,3099.48,10,5,1,0,31.00,31.00,20
2026-10-01,warsaw,Mokotów,4,f,0,,,41,11,5,0,63.00,63.00,54
2026-10-01,warsaw,Nowy Dwór Mazowiecki,-1,a,0,,,21,11,4,1,32.00,25.00,42
2026-10-01,warsaw,Nowy Dwór Mazowiecki,1,a,0,,,11,6,2,1,31.00,17.50,27
2026-10-01,warsaw,Nowy Dwór Mazowiecki,1,f,0,,,10,6,2,1,31.00,17.50,25
2026-10-01,warsaw,Ochota,-1,a,0,,,326,192,163,26,31.00,22.00,935
2026-10-01,warsaw,Ochota,0,a,0,,,71,42,35,5,30.00,20.00,229
2026-10-01,warsaw,Ochota,0,a,1,,632.39,10,8,8,2,15.00,16.00,58
2026-10-01,warsaw,Ochota,0,a,2,632.39,688.65,16,10,8,2,26.00,14.00,56
2026-10-01,warsaw,Ochota,0,a,3,688.65,759.80,22,11,10,1,32.00,33.00,58
2026-10-01,warsaw,Ochota,0,a,4,759.80,,23,13,9,0,31.00,31.00,57
2026-10-01,warsaw,Ochota,0,f,0,,,70,41,34,4,30.00,24.00,227
2026-10-01,warsaw,Ochota,0,f,1,,633.15,10,7,7,1,15.00,17.00,58
2026-10-01,warsaw,Ochota,0,f,2,633.15,688.65,16,10,8,2,26.00,14.00,55
2026-10-01,warsaw,Ochota,0,f,3,688.65,760.06,21,11,10,1,32.00,33.00,58
2026-10-01,warsaw,Ochota,0,f,4,760.06,,23,13,9,0,31.00,31.00,56
2026-10-01,warsaw,Ochota,1,a,0,,,166,105,90,16,31.00,21.00,490
2026-10-01,warsaw,Ochota,1,a,1,,808.56,31,22,25,6,23.00,11.00,135
2026-10-01,warsaw,Ochota,1,a,2,808.56,922.61,34,28,26,3,28.00,22.50,114
2026-10-01,warsaw,Ochota,1,a,3,922.61,1056.91,53,29,18,1,32.00,31.00,123
2026-10-01,warsaw,Ochota,1,a,4,1056.91,,48,26,21,6,35.00,28.00,118
2026-10-01,warsaw,Ochota,1,f,0,,,164,103,86,14,31.00,21.50,477
2026-10-01,warsaw,Ochota,1,f,1,,808.56,31,21,24,5,24.00,12.00,129
2026-10-01,warsaw,Ochota,1,f,2,808.56,922.61,34,28,25,3,30.00,23.00,112
2026-10-01,warsaw,Ochota,1,f,3,922.61,1056.91,52,29,17,1,31.00,31.00,121
2026-10-01,warsaw,Ochota,1,f,4,1056.91,,47,25,20,5,35.00,28.00,115
2026-10-01,warsaw,Ochota,2,a,0,,,58,34,28,5,31.00,22.00,156
2026-10-01,warsaw,Ochota,2,a,1,,987.51,10,9,6,1,19.00,17.50,42
2026-10-01,warsaw,Ochota,2,a,2,987.51,1212.84,18,11,5,0,31.00,26.00,42
2026-10-01,warsaw,Ochota,2,a,3,1212.84,1479.81,10,6,11,2,30.00,22.00,36
2026-10-01,warsaw,Ochota,2,a,4,1479.81,,20,8,6,2,45.00,20.50,36
2026-10-01,warsaw,Ochota,2,f,0,,,55,29,26,3,31.00,23.00,151
2026-10-01,warsaw,Ochota,2,f,1,,973.68,10,9,6,1,19.00,17.50,40
2026-10-01,warsaw,Ochota,2,f,2,973.68,1202.40,13,7,5,0,31.00,26.00,39
2026-10-01,warsaw,Ochota,2,f,3,1202.40,1479.81,12,6,10,1,31.00,26.50,37
2026-10-01,warsaw,Ochota,2,f,4,1479.81,,20,7,5,1,45.00,24.00,35
2026-10-01,warsaw,Ochota,3,a,0,,,23,6,8,0,40.00,29.00,47
2026-10-01,warsaw,Ochota,3,f,0,,,21,6,7,0,40.00,27.00,43
2026-10-01,warsaw,Otwock,-1,a,0,,,20,14,9,3,31.00,10.00,52
2026-10-01,warsaw,Otwock,1,a,0,,,11,9,5,1,26.00,20.00,32
2026-10-01,warsaw,Otwock,1,f,0,,,11,9,5,1,26.00,20.00,31
2026-10-01,warsaw,Ożarów Mazowiecki,-1,a,0,,,23,16,8,1,31.00,29.50,54
2026-10-01,warsaw,Ożarów Mazowiecki,1,a,0,,,16,10,5,0,31.00,30.00,37
2026-10-01,warsaw,Ożarów Mazowiecki,1,f,0,,,16,10,5,0,31.00,30.00,37
2026-10-01,warsaw,Piastów,-1,a,0,,,9,1,2,0,31.00,44.00,31
2026-10-01,warsaw,Praga-Północ,-1,a,0,,,292,173,108,11,31.00,23.00,796
2026-10-01,warsaw,Praga-Północ,0,a,0,,,87,54,26,1,31.00,20.00,225
2026-10-01,warsaw,Praga-Północ,0,a,1,,645.65,16,11,8,1,21.00,15.00,59
2026-10-01,warsaw,Praga-Północ,0,a,2,645.65,700.75,24,16,5,0,33.00,27.00,57
2026-10-01,warsaw,Praga-Północ,0,a,3,700.75,781.61,23,13,3,0,31.00,32.00,56
2026-10-01,warsaw,Praga-Północ,0,a,4,781.61,,24,14,10,0,31.00,30.50,53
2026-10-01,warsaw,Praga-Północ,0,f,0,,,85,52,26,1,31.00,20.00,219
2026-10-01,warsaw,Praga-Północ,0,f,1,,645.65,16,11,8,1,21.00,15.00,58
2026-10-01,warsaw,Praga-Północ,0,f,2,645.65,700.75,24,16,5,0,33.00,27.00,56
2026-10-01,warsaw,Praga-Północ,0,f,3,700.75,781.61,22,12,3,0,31.00,32.00,53
2026-10-01,warsaw,Praga-Północ,0,f,4,781.61,,23,13,10,0,31.00,30.50,52
2026-10-01,warsaw,Praga-Północ,1,a,0,,,135,78,55,8,30.00,22.00,426
2026-10-01,warsaw,Praga-Północ,1,a,1,,825.06,20,17,18,4,22.00,13.50,111
2026-10-01,warsaw,Praga-Północ,1,a,2,825.06,939.09,31,23,14,2,31.00,22.00,105
2026-10-01,warsaw,Praga-Północ,1,a,3,939.09,1058.29,35,18,11,1,30.00,21.00,104
2026-10-01,warsaw,Praga-Północ,1,a,4,1058.29,,49,20,12,1,38.00,26.50,106
2026-10-01,warsaw,Praga-Północ,1,f,0,,,133,76,55,8,31.00,22.00,417
2026-10-01,warsaw,Praga-Północ,1,f,1,,830.56,20,17,18,4,22.00,13.50,109
2026-10-01,warsaw,Praga-Północ,1,f,2,830.56,939.01,31,23,14,2,31.00,22.00,101
2026-10-01,warsaw,Praga-Północ,1,f,3,939.01,1058.29,34,17,11,1,31.00,21.00,103
2026-10-01,warsaw,Praga-Północ,1,f,4,1058.29,,48,19,12,1,38.00,26.50,104
2026-10-01,warsaw,Praga-Północ,2,a,0,,,55,31,23,2,31.00,31.00,122
2026-10-01,warsaw,Praga-Północ,2,a,1,,1155.17,10,8,6,1,27.00,23.00,32
2026-10-01,warsaw,Praga-Północ,2,a,2,1155.17,1374.55,16,10,4,0,33.00,32.00,35
2026-10-01,warsaw,Praga-Północ,2,a,3,1374.55,1628.13,11,7,6,1,31.00,30.50,31
2026-10-01,warsaw,Praga-Północ,2,a,4,1628.13,,18,6,7,0,55.00,34.00,24
2026-10-01,warsaw,Praga-Północ,2,f,0,,,51,29,23,2,31.00,31.00,111
2026-10-01,warsaw,Praga-Północ,2,f,1,,1155.17,9,8,6,1,27.00,23.00,30
2026-10-01,warsaw,Praga-Północ,2,f,2,1155.17,1396.95,16,10,5,0,42.00,31.00,30
2026-10-01,warsaw,Praga-Północ,2,f,3,1396.95,1636.71,10,7,5,1,31.00,31.00,30
2026-10-01,warsaw,Praga-Północ,2,f,4,1636.71,,16,4,7,0,,34.00,21
2026-10-01,warsaw,Praga-Południe,-1,a,0,,,580,338,304,38,31.00,27.00,1659
2026-10-01,warsaw,Praga-Południe,0,a,0,,,78,53,63,13,27.00,23.00,303
2026-10-01,warsaw,Praga-Południe,0,a,1,,623.41,15,14,17,5,21.00,13.00,79
2026-10-01,warsaw,Praga-Południe,0,a,2,623.41,698.47,16,15,16,6,24.00,23.50,72
2026-10-01,warsaw,Praga-Południe,0,a,3,698.47,758.93,23,13,18,1,30.00,26.50,77
2026-10-01,warsaw,Praga-Południe,0,a,4,758.93,,24,11,12,1,31.00,30.50,75
2026-10-01,warsaw,Praga-Południe,0,f,0,,,77,53,63,13,28.00,23.00,299
2026-10-01,warsaw,Praga-Południe,0,f,1,,623.41,15,14,17,5,21.00,13.00,78
2026-10-01,warsaw,Praga-Południe,0,f,2,623.41,698.47,16,15,16,6,24.00,23.50,71
2026-10-01,warsaw,Praga-Południe,0,f,3,698.47,758.93,23,13,18,1,30.00,26.50,76
2026-10-01,warsaw,Praga-Południe,0,f,4,758.93,,23,11,12,1,31.00,30.50,74
2026-10-01,warsaw,Praga-Południe,1,a,0,,,288,182,160,17,31.00,26.50,876
2026-10-01,warsaw,Praga-Południe,1,a,1,,782.66,53,29,34,3,30.00,31.00,218
2026-10-01,warsaw,Praga-Południe,1,a,2,782.66,862.46,73,48,48,4,30.00,23.00,236
2026-10-01,warsaw,Praga-Południe,1,a,3,862.46,965.15,68,47,35,4,31.00,22.00,202
2026-10-01,warsaw,Praga-Południe,1,a,4,965.15,,94,58,43,6,33.00,31.00,219
2026-10-01,warsaw,Praga-Południe,1,f,0,,,283,178,156,17,31.00,25.00,866
2026-10-01,warsaw,Praga-Południe,1,f,1,,783.28,52,28,31,3,30.00,24.00,215
2026-10-01,warsaw,Praga-Południe,1,f,2,783.28,862.46,72,48,48,4,30.00,23.00,234
2026-10-01,warsaw,Praga-Południe,1,f,3,862.46,960.82,67,46,35,4,31.00,22.00,197
2026-10-01,warsaw,Praga-Południe,1,f,4,960.82,,92,56,42,6,31.00,31.00,219
2026-10-01,warsaw,Praga-Południe,2,a,0,,,178,95,73,8,32.00,30.00,409
2026-10-01,warsaw,Praga-Południe,2,a,1,,1040.82,43,30,15,0,31.00,24.00,105
2026-10-01,warsaw,Praga-Południe,2,a,2,1040.82,1212.84,42,21,24,4,31.00,25.50,109
2026-10-01,warsaw,Praga-Południe,2,a,3,1212.84,1418.22,37,17,18,0,35.00,36.50,94
2026-10-01,warsaw,Praga-Południe,2,a,4,1418.22,,56,27,16,4,46.00,29.00,101
2026-10-01,warsaw,Praga-Południe,2,f,0,,,167,88,69,8,32.00,30.00,386
2026-10-01,warsaw,Praga-Południe,2,f,1,,1044.90,39,27,15,0,31.00,28.00,99
2026-10-01,warsaw,Praga-Południe,2,f,2,1044.90,1212.84,41,21,22,4,31.00,24.50,104
2026-10-01,warsaw,Praga-Południe,2,f,3,1212.84,1406.13,36,16,17,0,36.00,35.00,88
2026-10-01,warsaw,Praga-Południe,2,f,4,1406.13,,51,24,15,4,46.00,29.00,95
2026-10-01,warsaw,Praga-Południe,3,a,0,,,26,8,8,0,32.00,24.00,57
2026-10-01,warsaw,Praga-Południe,3,f,0,,,25,7,7,0,35.00,18.00,53
2026-10-01,warsaw,Pruszków,-1,a,0,,,52,33,21,6,31.00,19.00,153
2026-10-01,warsaw,Pruszków,0,a,0,,,10,5,4,1,31.00,31.50,35
2026-10-01,warsaw,Pruszków,0,f,0,,,10,5,4,1,31.00,31.50,34
2026-10-01,warsaw,Pruszków,1,a,0,,,28,18,12,4,31.00,12.50,77
2026-10-01,warsaw,Pruszków,1,a,1,,727.70,10,7,3,1,32.00,21.00,23
2026-10-01,warsaw,Pruszków,1,a,3,800.42,862.46,10,5,3,0,31.00,12.00,20
2026-10-01,warsaw,Pruszków,1,f,0,,,27,18,12,4,29.00,12.50,76
2026-10-01,warsaw,Pruszków,1,f,3,798.45,862.46,10,5,3,0,31.00,12.00,21
2026-10-01,warsaw,Pruszków,2,a,0,,,11,7,4,1,30.00,24.50,35
2026-10-01,warsaw,Pruszków,2,f,0,,,10,7,4,1,30.00,24.50,33
2026-10-01,warsaw,Rembertów,-1,a,0,,,12,9,6,3,22.00,7.50,40
2026-10-01,warsaw,Rembertów,1,a,0,,,7,5,5,2,23.00,11.00,22
2026-10-01,warsaw,Rembertów,1,f,0,,,6,5,5,2,23.00,11.00,21
2026-10-01,warsaw,Sochaczew,-1,a,0,,,7,4,7,2,31.00,24.00,24
2026-10-01,warsaw,Śródmieście,-1,a,0,,,1295,571,459,51,32.00,29.00,2712
2026-10-01,warsaw,Śródmieście,0,a,0,,,172,117,78,13,30.00,22.00,474
2026-10-01,warsaw,Śródmieście,0,a,1,,670.13,25,23,16,5,19.00,13.50,123
2026-10-01,warsaw,Śródmieście,0,a,2,670.13,742.86,45,32,23,3,29.00,24.00,119
2026-10-01,warsaw,Śródmieście,0,a,3,742.86,843.19,43,30,24,5,31.00,22.00,118
2026-10-01,warsaw,Śródmieście,0,a,4,843.19,,59,32,15,0,33.00,30.00,114
2026-10-01,warsaw,Śródmieście,0,f,0,,,170,116,76,12,31.00,22.00,465
2026-10-01,warsaw,Śródmieście,0,f,1,,670.24,25,22,15,4,19.00,14.00,121
2026-10-01,warsaw,Śródmieście,0,f,2,670.24,745.17,45,32,22,3,30.00,23.00,116
2026-10-01,warsaw,Śródmieście,0,f,3,745.17,843.19,43,30,24,5,31.00,22.00,117
2026-10-01,warsaw,Śródmieście,0,f,4,843.19,,57,32,15,0,33.00,30.00,111
2026-10-01,warsaw,Śródmieście,1,a,0,,,519,251,208,26,31.00,27.00,1208
2026-10-01,warsaw,Śródmieście,1,a,1,,921.56,92,70,64,6,27.00,22.50,324
2026-10-01,warsaw,Śródmieście,1,a,2,921.56,1106.84,119,70,51,12,31.00,22.00,321
2026-10-01,warsaw,Śródmieście,1,a,3,1106.84,1536.26,144,59,59,4,33.00,30.00,310
2026-10-01,warsaw,Śródmieście,1,a,4,1536.26,,164,52,34,4,42.00,34.00,253
2026-10-01,warsaw,Śródmieście,1,f,0,,,500,240,202,26,31.00,26.00,1177
2026-10-01,warsaw,Śródmieście,1,f,1,,921.05,90,68,59,6,27.00,22.00,315
2026-10-01,warsaw,Śródmieście,1,f,2,921.05,1108.62,111,65,53,12,31.00,22.00,315
2026-10-01,warsaw,Śródmieście,1,f,3,1108.62,1536.26,141,58,57,4,33.00,30.00,301
2026-10-01,warsaw,Śródmieście,1,f,4,1536.26,,158,49,33,4,37.00,32.00,246
2026-10-01,warsaw,Śródmieście,1,n,0,,,19,11,6,0,75.00,30.00,30
2026-10-01,warsaw,Śródmieście,2,a,0,,,409,154,125,10,37.00,31.00,738
2026-10-01,warsaw,Śródmieście,2,a,1,,1428.46,74,38,39,5,31.00,30.00,208
2026-10-01,warsaw,Śródmieście,2,a,2,1428.46,2114.44,104,47,27,1,32.00,30.00,193
2026-10-01,warsaw,Śródmieście,2,a,3,2114.44,3256.27,111,43,43,4,50.00,37.00,180
2026-10-01,warsaw,Śródmieście,2,a,4,3256.27,,119,26,16,0,51.00,69.00,155
2026-10-01,warsaw,Śródmieście,2,f,0,,,379,145,114,8,37.00,31.00,682
2026-10-01,warsaw,Śródmieście,2,f,1,,1374.55,69,35,35,4,31.00,30.00,192
2026-10-01,warsaw,Śródmieście,2,f,2,1374.55,2103.88,98,46,26,1,34.00,30.50,181
2026-10-01,warsaw,Śródmieście,2,f,3,2103.88,3342.05,100,40,37,3,44.00,38.00,166
2026-10-01,warsaw,Śródmieście,2,f,4,3342.05,,111,24,16,0,55.00,69.00,141
2026-10-01,warsaw,Śródmieście,2,n,0,,,25,8,9,2,37.00,18.00,47
2026-10-01,warsaw,Śródmieście,3,a,0,,,172,44,41,2,64.00,42.00,258
2026-10-01,warsaw,Śródmieście,3,a,1,,2375.36,33,7,8,0,44.00,49.00,65
2026-10-01,warsaw,Śródmieście,3,a,2,2375.36,3503.76,41,12,14,1,70.00,31.00,66
2026-10-01,warsaw,Śródmieście,3,a,3,3503.76,5323.68,43,10,12,1,80.00,32.50,68
2026-10-01,warsaw,Śródmieście,3,a,4,5323.68,,46,12,5,0,93.00,93.00,52
2026-10-01,warsaw,Śródmieście,3,f,0,,,150,41,31,2,64.00,47.00,217
2026-10-01,warsaw,Śródmieście,3,f,1,,2412.87,29,8,6,0,40.00,49.00,56
2026-10-01,warsaw,Śródmieście,3,f,2,2412.87,3908.04,45,14,10,1,,33.50,60
2026-10-01,warsaw,Śródmieście,3,f,3,3908.04,5929.44,27,5,9,1,61.00,34.00,52
2026-10-01,warsaw,Śródmieście,3,f,4,5929.44,,40,11,4,0,93.00,100.00,42
2026-10-01,warsaw,Śródmieście,3,n,0,,,18,3,10,0,59.00,31.00,37
2026-10-01,warsaw,Śródmieście,4,a,0,,,23,5,7,0,36.00,31.00,34
2026-10-01,warsaw,Śródmieście,4,f,0,,,16,4,4,0,32.00,25.00,25
2026-10-01,warsaw,Sulejówek,-1,a,0,,,8,4,7,1,30.00,23.00,30
2026-10-01,warsaw,Targówek,-1,a,0,,,206,109,76,13,31.00,21.00,521
2026-10-01,warsaw,Targówek,0,a,0,,,31,23,17,2,31.00,22.00,99
2026-10-01,warsaw,Targówek,0,a,1,,592.27,5,4,7,1,17.00,21.00,23
2026-10-01,warsaw,Targówek,0,a,2,592.27,671.39,7,5,0,0,31.00,,26
2026-10-01,warsaw,Targówek,0,a,3,671.39,727.70,12,8,4,0,31.00,26.00,27
2026-10-01,warsaw,Targówek,0,a,4,727.70,,7,6,6,1,30.00,25.00,23
2026-10-01,warsaw,Targówek,0,f,0,,,31,23,16,2,31.00,21.50,98
2026-10-01,warsaw,Targówek,0,f,1,,592.94,8,7,6,1,21.00,19.00,25
2026-10-01,warsaw,Targówek,0,f,2,592.94,671.39,4,2,0,0,30.00,,23
2026-10-01,warsaw,Targówek,0,f,3,671.39,727.70,12,8,4,0,31.00,26.00,27
2026-10-01,warsaw,Targówek,0,f,4,727.70,,7,6,6,1,30.00,25.00,23
2026-10-01,warsaw,Targówek,1,a,0,,,103,55,39,8,31.00,20.00,281
2026-10-01,warsaw,Targówek,1,a,1,,750.53,17,7,9,2,22.00,20.00,70
2026-10-01,warsaw,Targówek,1,a,2,750.53,808.56,33,22,10,4,31.00,22.50,73
2026-10-01,warsaw,Targówek,1,a,3,808.56,935.33,24,13,11,2,31.00,16.00,70
2026-10-01,warsaw,Targówek,1,a,4,935.33,,29,13,9,0,32.00,19.00,68
2026-10-01,warsaw,Targówek,1,f,0,,,101,53,39,8,31.00,20.00,278
2026-10-01,warsaw,Targówek,1,f,1,,750.53,16,6,9,2,22.00,20.00,69
2026-10-01,warsaw,Targówek,1,f,2,750.53,808.56,33,22,10,4,31.00,22.50,72
2026-10-01,warsaw,Targówek,1,f,3,808.56,935.33,24,13,11,2,31.00,16.00,70
2026-10-01,warsaw,Targówek,1,f,4,935.33,,28,12,9,0,32.00,19.00,67
2026-10-01,warsaw,Targówek,2,a,0,,,64,29,18,3,34.00,21.00,126
2026-10-01,warsaw,Targówek,2,a,1,,909.58,18,8,4,0,35.00,15.00,31
2026-10-01,warsaw,Targówek,2,a,2,909.58,1023.96,16,9,5,1,31.00,31.00,31
2026-10-01,warsaw,Targówek,2,a,3,1023.96,1168.54,12,6,7,2,31.00,18.00,33
2026-10-01,warsaw,Targówek,2,a,4,1168.54,,18,6,2,0,46.00,28.00,31
2026-10-01,warsaw,Targówek,2,f,0,,,64,29,17,3,34.00,18.00,124
2026-10-01,warsaw,Targówek,2,f,1,,902.89,18,8,4,0,35.00,15.00,30
2026-10-01,warsaw,Targówek,2,f,2,902.89,1023.96,16,9,4,1,31.00,31.00,31
2026-10-01,warsaw,Targówek,2,f,3,1023.96,1185.89,13,7,7,2,31.00,18.00,33
2026-10-01,warsaw,Targówek,2,f,4,1185.89,,17,5,2,0,46.00,28.00,30
2026-10-01,warsaw,Ursus,-1,a,0,,,158,108,89,19,31.00,22.00,527
2026-10-01,warsaw,Ursus,0,a,0,,,17,14,17,4,25.00,16.00,74
2026-10-01,warsaw,Ursus,0,f,0,,,17,14,17,4,25.00,16.00,74
2026-10-01,warsaw,Ursus,1,a,0,,,104,70,49,10,31.00,21.00,338
2026-10-01,warsaw,Ursus,1,a,1,,766.49,24,17,16,3,28.00,20.00,84
2026-10-01,warsaw,Ursus,1,a,2,766.49,831.77,19,14,11,4,31.00,10.00,82
2026-10-01,warsaw,Ursus,1,a,3,831.77,916.37,38,27,15,3,32.00,20.00,88
2026-10-01,warsaw,Ursus,1,a,4,916.37,,23,12,7,0,29.00,33.00,84
2026-10-01,warsaw,Ursus,1,f,0,,,104,70,47,10,31.00,21.00,332
2026-10-01,warsaw,Ursus,1,f,1,,767.26,24,18,16,4,28.00,20.00,82
2026-10-01,warsaw,Ursus,1,f,2,767.26,834.07,19,14,11,4,31.00,10.00,81
2026-10-01,warsaw,Ursus,1,f,3,834.07,916.37,38,26,13,2,35.00,20.00,86
2026-10-01,warsaw,Ursus,1,f,4,916.37,,23,12,7,0,29.00,33.00,83
2026-10-01,warsaw,Ursus,2,a,0,,,30,19,19,4,31.00,31.00,97
2026-10-01,warsaw,Ursus,2,a,1,,934.13,4,2,3,1,15.00,15.00,26
2026-10-01,warsaw,Ursus,2,a,2,934.13,1053.69,6,7,5,2,28.00,10.00,24
2026-10-01,warsaw,Ursus,2,a,3,1053.69,1293.70,13,5,6,0,38.00,34.50,28
2026-10-01,warsaw,Ursus,2,f,0,,,29,17,18,3,31.00,31.00,92
2026-10-01,warsaw,Ursus,2,f,1,,934.13,4,2,3,1,15.00,15.00,24
2026-10-01,warsaw,Ursus,2,f,2,934.13,1052.63,6,7,5,2,31.00,10.00,23
2026-10-01,warsaw,Ursus,2,f,3,1052.63,1266.74,9,2,6,0,31.00,34.50,25
2026-10-01,warsaw,Ursus,2,f,4,1266.74,,10,6,4,0,44.00,44.00,20
2026-10-01,warsaw,Ursynów,-1,a,0,,,336,222,173,26,30.00,22.00,1076
2026-10-01,warsaw,Ursynów,0,a,0,,,43,35,30,6,23.00,16.00,169
2026-10-01,warsaw,Ursynów,0,a,1,,656.58,8,6,9,1,15.00,16.00,43
2026-10-01,warsaw,Ursynów,0,a,2,656.58,711.54,9,7,8,3,23.00,16.50,43
2026-10-01,warsaw,Ursynów,0,a,3,711.54,768.11,12,9,6,1,29.00,25.50,41
2026-10-01,warsaw,Ursynów,0,a,4,768.11,,14,13,7,1,31.00,15.00,42
2026-10-01,warsaw,Ursynów,0,f,0,,,43,35,30,6,23.00,16.00,169
2026-10-01,warsaw,Ursynów,0,f,1,,656.58,8,6,9,1,15.00,16.00,43
2026-10-01,warsaw,Ursynów,0,f,2,656.58,711.54,9,7,8,3,23.00,16.50,43
2026-10-01,warsaw,Ursynów,0,f,3,711.54,768.11,12,9,6,1,29.00,25.50,41
2026-10-01,warsaw,Ursynów,0,f,4,768.11,,14,13,7,1,31.00,15.00,42
2026-10-01,warsaw,Ursynów,1,a,0,,,144,106,85,13,29.00,22.00,494
2026-10-01,warsaw,Ursynów,1,a,1,,803.64,27,23,11,3,23.00,10.00,122
2026-10-01,warsaw,Ursynów,1,a,2,803.64,881.76,30,19,27,2,29.00,22.00,123
2026-10-01,warsaw,Ursynów,1,a,3,881.76,975.72,45,34,22,7,30.00,25.50,124
2026-10-01,warsaw,Ursynów,1,a,4,975.72,,42,30,25,1,31.00,22.00,125
2026-10-01,warsaw,Ursynów,1,f,0,,,143,105,82,13,29.00,22.00,483
2026-10-01,warsaw,Ursynów,1,f,1,,804.29,26,22,11,3,22.00,10.00,120
2026-10-01,warsaw,Ursynów,1,f,2,804.29,882.22,30,19,24,2,29.00,25.50,118
2026-10-01,warsaw,Ursynów,1,f,3,882.22,975.77,45,34,23,7,31.00,27.00,123
2026-10-01,warsaw,Ursynów,1,f,4,975.77,,42,30,24,1,31.00,22.00,122
2026-10-01,warsaw,Ursynów,2,a,0,,,113,65,47,6,31.00,26.00,308
2026-10-01,warsaw,Ursynów,2,a,1,,1004.07,25,13,7,1,28.00,30.00,75
2026-10-01,warsaw,Ursynów,2,a,2,1004.07,1138.40,29,20,17,4,31.00,24.00,83
2026-10-01,warsaw,Ursynów,2,a,3,1138.40,1315.53,31,16,9,1,26.00,24.00,76
2026-10-01,warsaw,Ursynów,2,a,4,1315.53,,28,16,14,0,31.00,29.00,74
2026-10-01,warsaw,Ursynów,2,f,0,,,103,61,46,6,30.00,26.50,289
2026-10-01,warsaw,Ursynów,2,f,1,,1004.02,22,12,6,1,27.00,36.50,70
2026-10-01,warsaw,Ursynów,2,f,2,1004.02,1135.67,26,18,17,4,31.00,24.00,78
2026-10-01,warsaw,Ursynów,2,f,3,1135.67,1319.44,28,15,10,1,26.00,25.00,71
2026-10-01,warsaw,Ursynów,2,f,4,1319.44,,27,16,13,0,31.00,27.00,70
2026-10-01,warsaw,Ursynów,3,a,0,,,27,13,9,1,29.00,20.00,89
2026-10-01,warsaw,Ursynów,3,a,1,,1320.65,6,2,4,0,17.00,19.50,24
2026-10-01,warsaw,Ursynów,3,a,2,1320.65,1611.34,10,6,0,0,31.00,,24
2026-10-01,warsaw,Ursynów,3,a,3,1611.34,2095.05,5,2,1,0,27.00,11.00,20
2026-10-01,warsaw,Ursynów,3,a,4,2095.05,,6,3,4,1,42.00,59.00,21
2026-10-01,warsaw,Ursynów,3,f,0,,,25,12,9,1,28.00,20.00,83
2026-10-01,warsaw,Ursynów,3,f,1,,1317.49,5,2,4,0,13.00,19.50,22
2026-10-01,warsaw,Ursynów,3,f,2,1317.49,1603.21,11,6,0,0,31.00,,22
2026-10-01,warsaw,Ursynów,3,f,3,1603.21,1935.31,4,2,1,0,24.00,11.00,20
2026-10-01,warsaw,Wawer,-1,a,0,,,56,39,42,4,29.00,28.50,178
2026-10-01,warsaw,Wawer,0,a,0,,,13,7,6,1,31.00,23.00,35
2026-10-01,warsaw,Wawer,0,f,0,,,13,7,6,1,31.00,23.00,35
2026-10-01,warsaw,Wawer,1,a,0,,,22,14,12,0,31.00,33.00,67
2026-10-01,warsaw,Wawer,1,f,0,,,22,14,12,0,31.00,33.00,65
2026-10-01,warsaw,Wawer,2,a,0,,,18,15,17,2,28.00,24.00,64
2026-10-01,warsaw,Wawer,2,f,0,,,15,14,15,2,26.00,24.00,57
2026-10-01,warsaw,Wesoła,-1,a,0,,,20,13,15,2,30.00,30.00,64
2026-10-01,warsaw,Wesoła,1,a,0,,,10,5,3,0,40.00,15.00,21
2026-10-01,warsaw,Wesoła,1,f,0,,,9,4,3,0,40.00,15.00,20
2026-10-01,warsaw,Wesoła,2,a,0,,,4,4,7,2,26.00,15.00,27
2026-10-01,warsaw,Wesoła,2,f,0,,,4,4,7,2,24.00,15.00,26
2026-10-01,warsaw,Wilanów,-1,a,0,,,336,134,148,17,33.00,29.50,808
2026-10-01,warsaw,Wilanów,0,a,0,,,16,11,8,2,31.00,26.00,43
2026-10-01,warsaw,Wilanów,0,f,0,,,16,11,8,2,31.00,26.00,43
2026-10-01,warsaw,Wilanów,1,a,0,,,148,73,61,11,32.00,25.00,361
2026-10-01,warsaw,Wilanów,1,a,1,,895.47,29,18,19,6,30.00,22.00,93
2026-10-01,warsaw,Wilanów,1,a,2,895.47,993.93,30,19,17,4,31.00,18.00,89
2026-10-01,warsaw,Wilanów,1,a,3,993.93,1113.14,38,17,16,1,39.00,28.00,87
2026-10-01,warsaw,Wilanów,1,a,4,1113.14,,51,19,9,0,46.00,36.00,92
2026-10-01,warsaw,Wilanów,1,f,0,,,148,73,61,11,32.00,25.00,358
2026-10-01,warsaw,Wilanów,1,f,1,,895.47,29,18,19,6,30.00,22.00,92
2026-10-01,warsaw,Wilanów,1,f,2,895.47,997.01,36,22,17,4,31.00,18.00,91
2026-10-01,warsaw,Wilanów,1,f,3,997.01,1121.19,32,14,16,1,35.00,28.00,84
2026-10-01,warsaw,Wilanów,1,f,4,1121.19,,51,19,9,0,46.00,36.00,91
2026-10-01,warsaw,Wilanów,2,a,0,,,106,37,52,2,32.00,31.00,280
2026-10-01,warsaw,Wilanów,2,a,1,,1455.09,26,10,16,1,31.00,33.00,72
2026-10-01,warsaw,Wilanów,2,a,2,1455.09,1623.33,22,10,16,1,31.00,30.00,72
2026-10-01,warsaw,Wilanów,2,a,3,1623.33,1940.13,30,9,8,0,32.00,23.00,68
2026-10-01,warsaw,Wilanów,2,a,4,1940.13,,28,8,12,0,36.00,36.00,68
2026-10-01,warsaw,Wilanów,2,f,0,,,100,36,51,2,31.00,31.00,263
2026-10-01,warsaw,Wilanów,2,f,1,,1455.09,24,9,16,1,31.00,33.00,69
2026-10-01,warsaw,Wilanów,2,f,2,1455.09,1622.43,21,10,15,1,31.00,31.00,66
2026-10-01,warsaw,Wilanów,2,f,3,1622.43,1940.13,27,9,8,0,31.00,23.00,65
2026-10-01,warsaw,Wilanów,2,f,4,1940.13,,28,8,12,0,38.00,36.00,63
2026-10-01,warsaw,Wilanów,3,a,0,,,52,11,21,1,52.00,30.00,98
2026-10-01,warsaw,Wilanów,3,a,1,,2143.71,10,2,8,1,45.00,23.00,25
2026-10-01,warsaw,Wilanów,3,a,2,2143.71,2930.64,14,5,3,0,36.00,32.00,26
2026-10-01,warsaw,Wilanów,3,a,3,2930.64,3368.27,7,2,9,0,43.00,43.00,21
2026-10-01,warsaw,Wilanów,3,a,4,3368.27,,21,2,1,0,,21.00,26
2026-10-01,warsaw,Wilanów,3,f,0,,,40,9,20,1,45.00,29.00,83
2026-10-01,warsaw,Wilanów,3,f,1,,2137.72,9,2,5,1,45.00,22.00,21
2026-10-01,warsaw,Wilanów,3,f,2,2137.72,2694.62,10,3,4,0,30.00,26.50,22
2026-10-01,warsaw,Wilanów,3,f,3,2694.62,3250.96,5,3,8,0,37.00,34.00,20
2026-10-01,warsaw,Wilanów,3,f,4,3250.96,,16,1,3,0,,118.00,20
2026-10-01,warsaw,Wilanów,4,a,0,,,14,2,6,1,55.00,73.50,26
2026-10-01,warsaw,Wilanów,4,f,0,,,11,2,2,1,35.00,61.00,21
2026-10-01,warsaw,Włochy,-1,a,0,,,215,119,132,17,31.00,29.00,713
2026-10-01,warsaw,Włochy,0,a,0,,,39,27,23,3,31.00,28.00,148
2026-10-01,warsaw,Włochy,0,a,1,,644.15,8,8,5,2,14.00,46.00,38
2026-10-01,warsaw,Włochy,0,a,2,644.15,714.23,9,7,7,1,23.00,22.00,37
2026-10-01,warsaw,Włochy,0,a,3,714.23,785.83,16,9,3,0,32.00,32.00,37
2026-10-01,warsaw,Włochy,0,a,4,785.83,,6,3,8,0,32.00,41.00,36
2026-10-01,warsaw,Włochy,0,f,0,,,38,26,23,3,31.00,28.00,146
2026-10-01,warsaw,Włochy,0,f,1,,644.15,8,8,5,2,18.00,46.00,37
2026-10-01,warsaw,Włochy,0,f,2,644.15,714.23,9,7,7,1,23.00,22.00,37
2026-10-01,warsaw,Włochy,0,f,3,714.23,786.93,15,8,4,0,32.00,39.50,37
2026-10-01,warsaw,Włochy,0,f,4,786.93,,6,3,7,0,32.00,35.00,35
2026-10-01,warsaw,Włochy,1,a,0,,,101,61,74,11,31.00,28.00,377
2026-10-01,warsaw,Włochy,1,a,1,,845.53,13,9,19,4,18.00,22.00,95
2026-10-01,warsaw,Włochy,1,a,2,845.53,924.80,20,13,19,3,30.00,30.00,95
2026-10-01,warsaw,Włochy,1,a,3,924.80,1010.70,36,22,23,3,31.00,21.00,94
2026-10-01,warsaw,Włochy,1,a,4,1010.70,,32,17,13,1,31.00,31.00,93
2026-10-01,warsaw,Włochy,1,f,0,,,100,60,74,11,31.00,28.00,376
2026-10-01,warsaw,Włochy,1,f,1,,845.53,13,9,19,4,18.00,22.00,95
2026-10-01,warsaw,Włochy,1,f,2,845.53,924.80,20,13,19,3,30.00,30.00,95
2026-10-01,warsaw,Włochy,1,f,3,924.80,1010.63,33,19,23,3,31.00,21.00,91
2026-10-01,warsaw,Włochy,1,f,4,1010.63,,34,19,13,1,31.00,31.00,95
2026-10-01,warsaw,Włochy,2,a,0,,,60,27,32,3,32.00,31.00,151
2026-10-01,warsaw,Włochy,2,a,1,,1088.23,10,3,8,1,31.00,29.00,40
2026-10-01,warsaw,Włochy,2,a,2,1088.23,1221.10,20,11,11,1,42.00,25.00,40
2026-10-01,warsaw,Włochy,2,a,3,1221.10,1341.56,12,6,6,0,31.00,34.50,34
2026-10-01,warsaw,Włochy,2,a,4,1341.56,,18,7,7,1,35.00,23.00,37
2026-10-01,warsaw,Włochy,2,f,0,,,60,27,31,3,32.00,31.00,147
2026-10-01,warsaw,Włochy,2,f,1,,1104.79,11,4,7,1,31.00,31.00,39
2026-10-01,warsaw,Włochy,2,f,2,1104.79,1221.10,19,10,11,1,42.00,25.00,39
2026-10-01,warsaw,Włochy,2,f,3,1221.10,1341.56,12,6,6,0,31.00,34.50,33
2026-10-01,warsaw,Włochy,2,f,4,1341.56,,18,7,7,1,38.00,23.00,36
2026-10-01,warsaw,Włochy,3,a,0,,,7,2,2,0,31.00,21.50,24
2026-10-01,warsaw,Włochy,3,f,0,,,4,2,2,0,31.00,21.50,24
2026-10-01,warsaw,Wola,-1,a,0,,,1226,630,573,72,31.00,29.00,3090
2026-10-01,warsaw,Wola,0,a,0,,,188,96,89,17,31.00,24.00,487
2026-10-01,warsaw,Wola,0,a,1,,677.58,32,25,25,6,19.00,15.00,127
2026-10-01,warsaw,Wola,0,a,2,677.58,781.61,38,30,27,6,30.00,16.00,133
2026-10-01,warsaw,Wola,0,a,3,781.61,931.64,49,17,20,3,31.00,30.50,118
2026-10-01,warsaw,Wola,0,a,4,931.64,,69,24,17,2,53.00,30.00,109
2026-10-01,warsaw,Wola,0,f,0,,,185,95,88,16,31.00,24.00,482
2026-10-01,warsaw,Wola,0,f,1,,677.58,32,24,24,5,19.00,15.50,125
2026-10-01,warsaw,Wola,0,f,2,677.58,781.61,37,30,27,6,29.00,16.00,132
2026-10-01,warsaw,Wola,0,f,3,781.61,934.13,47,17,20,3,31.00,30.50,118
2026-10-01,warsaw,Wola,0,f,4,934.13,,69,24,17,2,53.00,30.00,107
2026-10-01,warsaw,Wola,1,a,0,,,648,369,323,37,31.00,29.00,1733
2026-10-01,warsaw,Wola,1,a,1,,938.34,130,92,83,17,25.00,20.00,441
2026-10-01,warsaw,Wola,1,a,2,938.34,1108.00,178,97,90,11,31.00,27.00,443
2026-10-01,warsaw,Wola,1,a,3,1108.00,1347.60,161,86,79,4,31.00,31.00,443
2026-10-01,warsaw,Wola,1,a,4,1347.60,,179,94,71,5,32.00,31.00,406
2026-10-01,warsaw,Wola,1,f,0,,,644,368,320,37,31.00,29.00,1718
2026-10-01,warsaw,Wola,1,f,1,,939.95,128,91,82,17,25.00,20.00,438
2026-10-01,warsaw,Wola,1,f,2,939.95,1111.23,177,97,88,11,31.00,27.00,439
2026-10-01,warsaw,Wola,1,f,3,1111.23,1347.60,160,86,79,4,31.00,31.00,436
2026-10-01,warsaw,Wola,1,f,4,1347.60,,179,94,71,5,32.00,31.00,405
2026-10-01,warsaw,Wola,2,a,0,,,305,146,131,16,31.00,30.00,723
2026-10-01,warsaw,Wola,2,a,1,,1319.05,59,44,43,10,30.00,25.00,196
2026-10-01,warsaw,Wola,2,a,2,1319.05,1748.11,60,29,33,2,31.00,30.00,185
2026-10-01,warsaw,Wola,2,a,3,1748.11,2236.84,87,43,37,2,35.00,32.00,181
2026-10-01,warsaw,Wola,2,a,4,2236.84,,99,30,18,2,39.00,31.00,161
2026-10-01,warsaw,Wola,2,f,0,,,299,142,127,16,31.00,31.00,708
2026-10-01,warsaw,Wola,2,f,1,,1319.05,57,42,42,10,30.00,24.50,193
2026-10-01,warsaw,Wola,2,f,2,1319.05,1748.86,60,29,32,2,31.00,31.00,181
2026-10-01,warsaw,Wola,2,f,3,1748.86,2236.84,86,43,36,2,36.00,33.50,177
2026-10-01,warsaw,Wola,2,f,4,2236.84,,96,28,17,2,38.00,31.00,157
2026-10-01,warsaw,Wola,3,a,0,,,74,17,28,2,37.00,34.00,128
2026-10-01,warsaw,Wola,3,a,1,,1859.69,9,5,7,1,31.00,31.00,38
2026-10-01,warsaw,Wola,3,a,2,1859.69,2704.68,16,5,9,1,50.00,37.00,39
2026-10-01,warsaw,Wola,3,a,3,2704.68,4366.22,27,4,6,0,,30.50,26
2026-10-01,warsaw,Wola,3,a,4,4366.22,,22,3,6,0,48.00,36.50,25
2026-10-01,warsaw,Wola,3,f,0,,,71,16,28,2,37.00,34.00,124
2026-10-01,warsaw,Wola,3,f,1,,1876.68,8,4,7,1,31.00,31.00,37
2026-10-01,warsaw,Wola,3,f,2,1876.68,2713.56,15,5,11,1,38.00,37.00,39
2026-10-01,warsaw,Wola,3,f,3,2713.56,4368.34,26,4,5,0,,33.00,24
2026-10-01,warsaw,Wola,3,f,4,4368.34,,22,3,5,0,48.00,37.00,24
2026-10-01,warsaw,Wołomin,-1,a,0,,,12,5,5,0,45.00,20.00,21
2026-10-01,warsaw,Ząbki,-1,a,0,,,34,21,15,2,31.00,27.00,95
2026-10-01,warsaw,Ząbki,1,a,0,,,18,12,10,2,30.00,23.50,57
2026-10-01,warsaw,Ząbki,1,f,0,,,18,12,10,2,30.00,23.50,56
2026-10-01,warsaw,Zielonka,-1,a,0,,,7,4,4,2,31.00,19.50,24
2026-10-01,warsaw,Żoliborz,-1,a,0,,,214,118,81,13,31.00,23.00,618
2026-10-01,warsaw,Żoliborz,0,a,0,,,28,19,15,5,27.00,17.00,107
2026-10-01,warsaw,Żoliborz,0,a,1,,607.90,4,3,4,2,15.00,8.00,28
2026-10-01,warsaw,Żoliborz,0,a,2,607.90,673.80,7,7,6,3,22.00,12.00,26
2026-10-01,warsaw,Żoliborz,0,a,3,673.80,750.53,5,4,2,0,21.00,37.50,26
2026-10-01,warsaw,Żoliborz,0,a,4,750.53,,12,5,3,0,32.00,36.00,27
2026-10-01,warsaw,Żoliborz,0,f,0,,,27,19,15,5,27.00,17.00,105
2026-10-01,warsaw,Żoliborz,0,f,1,,606.29,4,3,4,2,21.00,8.00,26
2026-10-01,warsaw,Żoliborz,0,f,2,606.29,673.80,6,7,6,3,22.00,12.00,27
2026-10-01,warsaw,Żoliborz,0,f,3,673.80,754.49,6,4,2,0,22.00,37.50,26
2026-10-01,warsaw,Żoliborz,0,f,4,754.49,,11,5,3,0,32.00,36.00,26
2026-10-01,warsaw,Żoliborz,1,a,0,,,93,59,32,5,30.00,23.50,295
2026-10-01,warsaw,Żoliborz,1,a,1,,862.32,15,11,4,3,23.00,6.50,70
2026-10-01,warsaw,Żoliborz,1,a,2,862.32,997.22,37,23,11,1,31.00,22.00,75
2026-10-01,warsaw,Żoliborz,1,a,3,997.22,1106.84,21,13,9,0,31.00,31.00,75
2026-10-01,warsaw,Żoliborz,1,a,4,1106.84,,20,12,8,1,30.00,29.50,75
2026-10-01,warsaw,Żoliborz,1,f,0,,,89,57,31,5,29.00,23.00,288
2026-10-01,warsaw,Żoliborz,1,f,1,,857.75,14,10,4,3,23.00,6.50,68
2026-10-01,warsaw,Żoliborz,1,f,2,857.75,996.31,32,20,11,1,31.00,22.00,71
2026-10-01,warsaw,Żoliborz,1,f,3,996.31,1105.03,25,16,9,0,31.00,31.00,75
2026-10-01,warsaw,Żoliborz,1,f,4,1105.03,,18,11,7,1,28.00,28.00,74
2026-10-01,warsaw,Żoliborz,2,a,0,,,75,32,28,3,31.00,23.00,170
2026-10-01,warsaw,Żoliborz,2,a,1,,1085.42,17,10,8,1,29.00,24.00,46
2026-10-01,warsaw,Żoliborz,2,a,2,1085.42,1336.18,13,3,7,0,31.00,22.00,44
2026-10-01,warsaw,Żoliborz,2,a,3,1336.18,1723.77,20,10,5,0,40.00,24.00,41
2026-10-01,warsaw,Żoliborz,2,a,4,1723.77,,25,9,8,2,56.00,23.50,39
2026-10-01,warsaw,Żoliborz,2,f,0,,,68,28,25,2,31.00,24.00,155
2026-10-01,warsaw,Żoliborz,2,f,1,,1089.15,15,9,8,1,29.00,24.00,42
2026-10-01,warsaw,Żoliborz,2,f,2,1089.15,1339.41,12,2,5,0,31.00,24.00,40
2026-10-01,warsaw,Żoliborz,2,f,3,1339.41,1734.81,17,9,5,0,38.00,24.00,37
2026-10-01,warsaw,Żoliborz,2,f,4,1734.81,,24,8,7,1,56.00,29.00,36
2026-10-01,warsaw,Żoliborz,3,a,0,,,15,6,6,0,34.00,39.00,40
2026-10-01,warsaw,Żoliborz,3,f,0,,,8,3,6,0,34.00,39.00,26
2026-10-01,warsaw,Żyrardów,-1,a,0,,,13,7,3,0,31.00,38.00,36
