snapshot_date,barrio,bedroom_bucket,channel,furnished,n_total,n_fenced,p25,p50,p75,computed_at
2026-05-01,Acassuso,1,all,all,64,63,836.24,1466.50,1897.25,2026-05-31T03:56:23.665649+00:00
2026-05-01,Acassuso,1,platform,all,47,43,1389.50,1617.00,2003.50,2026-05-31T03:56:23.665649+00:00
2026-05-01,Acassuso,1,platform,furnished,43,40,1414.50,1617.00,2003.50,2026-05-31T03:56:23.665649+00:00
2026-05-01,Acassuso,1,direct,all,20,17,677.28,745.25,834.62,2026-05-26T03:29:46.663587+00:00
2026-05-01,Acassuso,1,direct,unfurnished,25,25,750.29,916.25,1051.95,2026-05-04T23:46:55.875225+00:00
2026-05-01,Acassuso,2,all,all,61,61,1422.93,1770.57,2386.42,2026-05-31T03:56:23.665649+00:00
2026-05-01,Acassuso,2,direct,all,51,51,1288.36,1757.53,2237.37,2026-05-31T03:56:23.665649+00:00
2026-05-01,Acassuso,2,direct,furnished,27,27,1475.84,1766.28,2168.47,2026-05-31T03:56:23.665649+00:00
2026-05-01,Acassuso,2,direct,unfurnished,23,23,1201.59,1748.07,2340.14,2026-05-31T03:56:23.665649+00:00
2026-05-01,Acassuso,3,all,all,46,45,3652.21,5054.57,7063.43,2026-05-31T03:56:23.665649+00:00
2026-05-01,Acassuso,3,direct,all,42,41,3486.63,4770.51,7061.18,2026-05-31T03:56:23.665649+00:00
2026-05-01,Acassuso,3,direct,furnished,27,26,3771.83,5140.95,7269.46,2026-05-31T03:56:23.665649+00:00
2026-05-01,Acassuso,4,all,all,21,21,7132.98,9897.00,24705.00,2026-05-14T05:05:15.022560+00:00
2026-05-01,Acassuso,4,direct,all,21,21,5339.50,9897.00,24705.00,2026-05-04T23:46:55.875225+00:00
2026-05-01,Agronomía,0,all,all,27,26,645.93,700.59,938.90,2026-05-31T03:56:23.665649+00:00
2026-05-01,Agronomía,0,direct,all,22,19,629.60,658.44,755.63,2026-05-31T03:56:23.665649+00:00
2026-05-01,Agronomía,1,all,all,66,65,707.26,883.15,1206.25,2026-05-31T03:56:23.665649+00:00
2026-05-01,Agronomía,1,platform,all,33,33,801.00,1088.00,1332.00,2026-05-31T03:56:23.665649+00:00
2026-05-01,Agronomía,1,platform,furnished,31,31,804.50,1088.00,1299.50,2026-05-31T03:56:23.665649+00:00
2026-05-01,Agronomía,1,direct,all,33,30,676.54,788.28,934.06,2026-05-31T03:56:23.665649+00:00
2026-05-01,Agronomía,1,direct,unfurnished,25,24,657.12,774.13,934.06,2026-05-31T03:56:23.665649+00:00
2026-05-01,Agronomía,2,all,all,23,22,1038.53,1320.10,1746.03,2026-05-14T05:05:15.022560+00:00
2026-05-01,Agronomía,2,direct,all,20,20,951.10,1291.62,1545.40,2026-05-14T05:05:15.022560+00:00
2026-05-01,Almagro,0,all,all,644,618,680.89,877.35,1234.76,2026-05-31T03:56:23.665649+00:00
2026-05-01,Almagro,0,platform,all,129,127,968.00,1160.00,1508.00,2026-05-31T03:56:23.665649+00:00
2026-05-01,Almagro,0,platform,furnished,122,120,960.50,1148.00,1523.75,2026-05-31T03:56:23.665649+00:00
2026-05-01,Almagro,0,direct,all,515,490,649.15,787.04,1119.02,2026-05-31T03:56:23.665649+00:00
2026-05-01,Almagro,0,direct,furnished,311,295,729.61,943.34,1326.42,2026-05-31T03:56:23.665649+00:00
2026-05-01,Almagro,0,direct,unfurnished,202,183,566.33,673.32,804.01,2026-05-31T03:56:23.665649+00:00
2026-05-01,Almagro,1,all,all,1599,1541,780.17,999.95,1320.00,2026-05-31T03:56:23.665649+00:00
2026-05-01,Almagro,1,platform,all,771,734,902.50,1147.00,1457.00,2026-05-31T03:56:23.665649+00:00
2026-05-01,Almagro,1,platform,furnished,687,651,908.50,1148.00,1466.00,2026-05-31T03:56:23.665649+00:00
2026-05-01,Almagro,1,direct,all,828,799,722.74,890.00,1165.46,2026-05-31T03:56:23.665649+00:00
2026-05-01,Almagro,1,direct,furnished,443,430,820.92,999.95,1297.47,2026-05-31T03:56:23.665649+00:00
2026-05-01,Almagro,1,direct,unfurnished,382,362,671.60,770.13,953.78,2026-05-31T03:56:23.665649+00:00
2026-05-01,Almagro,2,all,all,420,401,1090.21,1381.07,1852.24,2026-05-31T03:56:23.665649+00:00
2026-05-01,Almagro,2,platform,all,130,124,1240.75,1659.95,2244.25,2026-05-31T03:56:23.665649+00:00
2026-05-01,Almagro,2,platform,furnished,119,113,1215.50,1673.00,2214.00,2026-05-31T03:56:23.665649+00:00
2026-05-01,Almagro,2,direct,all,290,281,1036.49,1303.09,1720.65,2026-05-31T03:56:23.665649+00:00
2026-05-01,Almagro,2,direct,furnished,146,142,1194.61,1446.78,1869.05,2026-05-31T03:56:23.665649+00:00
2026-05-01,Almagro,2,direct,unfurnished,143,138,958.89,1139.98,1482.28,2026-05-31T03:56:23.665649+00:00
2026-05-01,Almagro,3,all,all,91,80,1306.80,1741.41,2271.31,2026-05-31T03:56:23.665649+00:00
2026-05-01,Almagro,3,platform,all,20,16,1680.75,2135.00,2691.75,2026-05-14T05:05:15.022560+00:00
2026-05-01,Almagro,3,platform,furnished,20,16,1680.75,2135.00,2691.75,2026-05-14T05:05:15.022560+00:00
2026-05-01,Almagro,3,direct,all,72,65,1210.48,1690.37,2156.12,2026-05-31T03:56:23.665649+00:00
2026-05-01,Almagro,3,direct,furnished,27,23,1521.90,1776.27,2551.20,2026-05-31T03:56:23.665649+00:00
2026-05-01,Almagro,3,direct,unfurnished,45,43,1170.23,1574.20,2122.23,2026-05-31T03:56:23.665649+00:00
2026-05-01,Almagro,4,all,all,33,32,1827.56,3275.57,4370.18,2026-05-31T03:56:23.665649+00:00
2026-05-01,Almagro,4,direct,all,23,23,1800.26,2361.13,4370.18,2026-05-31T03:56:23.665649+00:00
2026-05-01,Almirante Brown,0,all,all,40,37,411.32,489.09,616.65,2026-05-31T03:56:23.665649+00:00
2026-05-01,Almirante Brown,0,direct,all,40,37,411.32,489.09,616.65,2026-05-31T03:56:23.665649+00:00
2026-05-01,Almirante Brown,0,direct,unfurnished,31,29,445.08,524.78,626.07,2026-05-31T03:56:23.665649+00:00
2026-05-01,Almirante Brown,1,all,all,181,172,435.05,511.68,700.88,2026-05-31T03:56:23.665649+00:00
2026-05-01,Almirante Brown,1,direct,all,181,172,435.05,511.68,700.88,2026-05-31T03:56:23.665649+00:00
2026-05-01,Almirante Brown,1,direct,furnished,31,30,546.53,701.61,866.19,2026-05-31T03:56:23.665649+00:00
2026-05-01,Almirante Brown,1,direct,unfurnished,144,138,429.52,492.66,632.11,2026-05-31T03:56:23.665649+00:00
2026-05-01,Almirante Brown,2,all,all,173,169,655.58,812.04,1136.49,2026-05-31T03:56:23.665649+00:00
2026-05-01,Almirante Brown,2,direct,all,173,169,655.58,812.04,1136.49,2026-05-31T03:56:23.665649+00:00
2026-05-01,Almirante Brown,2,direct,furnished,42,42,746.36,951.10,1560.99,2026-05-31T03:56:23.665649+00:00
2026-05-01,Almirante Brown,2,direct,unfurnished,128,123,617.99,779.26,1023.80,2026-05-31T03:56:23.665649+00:00
2026-05-01,Almirante Brown,3,all,all,55,51,1096.19,1352.70,1968.09,2026-05-31T03:56:23.665649+00:00
2026-05-01,Almirante Brown,3,direct,all,55,51,1096.19,1352.70,1968.09,2026-05-31T03:56:23.665649+00:00
2026-05-01,Almirante Brown,3,direct,furnished,20,19,1150.84,1648.68,1882.11,2026-05-14T05:05:15.022560+00:00
2026-05-01,Almirante Brown,3,direct,unfurnished,35,32,1115.26,1325.51,2023.39,2026-05-31T03:56:23.665649+00:00
2026-05-01,Avellaneda,0,all,all,70,64,407.56,479.84,570.39,2026-05-31T03:56:23.665649+00:00
2026-05-01,Avellaneda,0,direct,all,69,63,406.10,477.37,564.67,2026-05-31T03:56:23.665649+00:00
2026-05-01,Avellaneda,0,direct,furnished,32,30,532.04,603.73,747.68,2026-05-27T03:31:55.921583+00:00
2026-05-01,Avellaneda,0,direct,unfurnished,56,53,403.48,470.68,552.94,2026-05-31T03:56:23.665649+00:00
2026-05-01,Avellaneda,1,all,all,605,582,509.24,605.75,757.20,2026-05-31T03:56:23.665649+00:00
2026-05-01,Avellaneda,1,platform,all,20,20,774.00,1056.00,1866.75,2026-05-11T03:21:15.786851+00:00
2026-05-01,Avellaneda,1,direct,all,586,565,508.83,602.98,741.42,2026-05-31T03:56:23.665649+00:00
2026-05-01,Avellaneda,1,direct,furnished,113,108,554.87,662.34,794.22,2026-05-31T03:56:23.665649+00:00
2026-05-01,Avellaneda,1,direct,unfurnished,458,442,501.63,591.10,729.09,2026-05-31T03:56:23.665649+00:00
2026-05-01,Avellaneda,2,all,all,237,229,632.30,760.75,922.60,2026-05-31T03:56:23.665649+00:00
2026-05-01,Avellaneda,2,direct,all,235,227,632.07,760.75,921.35,2026-05-31T03:56:23.665649+00:00
2026-05-01,Avellaneda,2,direct,furnished,44,41,657.20,785.95,947.43,2026-05-31T03:56:23.665649+00:00
2026-05-01,Avellaneda,2,direct,unfurnished,186,182,629.16,761.00,919.87,2026-05-31T03:56:23.665649+00:00
2026-05-01,Avellaneda,3,all,all,33,30,772.62,949.42,1146.10,2026-05-31T03:56:23.665649+00:00
2026-05-01,Avellaneda,3,direct,all,33,30,772.62,949.42,1146.10,2026-05-31T03:56:23.665649+00:00
2026-05-01,Avellaneda,3,direct,furnished,20,18,857.59,997.05,1511.30,2026-05-04T03:20:37.758289+00:00
2026-05-01,Avellaneda,3,direct,unfurnished,23,22,770.04,902.81,1137.53,2026-05-31T03:56:23.665649+00:00
2026-05-01,Balvanera,0,all,all,576,549,581.92,734.22,1017.05,2026-05-31T03:56:23.665649+00:00
2026-05-01,Balvanera,0,platform,all,108,100,859.22,1011.50,1308.00,2026-05-31T03:56:23.665649+00:00
2026-05-01,Balvanera,0,platform,furnished,98,91,858.41,1001.00,1291.00,2026-05-31T03:56:23.665649+00:00
2026-05-01,Balvanera,0,direct,all,468,442,552.28,691.25,932.59,2026-05-31T03:56:23.665649+00:00
2026-05-01,Balvanera,0,direct,furnished,244,235,637.75,835.92,1137.00,2026-05-31T03:56:23.665649+00:00
2026-05-01,Balvanera,0,direct,unfurnished,216,204,506.77,598.48,723.61,2026-05-31T03:56:23.665649+00:00
2026-05-01,Balvanera,1,all,all,1466,1373,705.29,932.00,1252.00,2026-05-31T03:56:23.665649+00:00
2026-05-01,Balvanera,1,platform,all,798,732,817.25,1059.00,1420.75,2026-05-31T03:56:23.665649+00:00
2026-05-01,Balvanera,1,platform,furnished,696,637,826.00,1072.50,1442.75,2026-05-31T03:56:23.665649+00:00
2026-05-01,Balvanera,1,direct,all,668,634,663.31,799.20,1057.94,2026-05-31T03:56:23.665649+00:00
2026-05-01,Balvanera,1,direct,furnished,376,361,719.84,932.25,1200.00,2026-05-31T03:56:23.665649+00:00
2026-05-01,Balvanera,1,direct,unfurnished,289,273,623.29,710.68,848.03,2026-05-31T03:56:23.665649+00:00
2026-05-01,Balvanera,2,all,all,395,380,968.52,1267.88,1658.66,2026-05-31T03:56:23.665649+00:00
2026-05-01,Balvanera,2,platform,all,126,117,1223.25,1553.50,2069.25,2026-05-31T03:56:23.665649+00:00
2026-05-01,Balvanera,2,platform,furnished,118,108,1220.75,1549.00,2038.75,2026-05-31T03:56:23.665649+00:00
2026-05-01,Balvanera,2,direct,all,269,259,920.14,1118.24,1448.74,2026-05-31T03:56:23.665649+00:00
2026-05-01,Balvanera,2,direct,furnished,134,131,1008.41,1297.96,1602.46,2026-05-31T03:56:23.665649+00:00
2026-05-01,Balvanera,2,direct,unfurnished,133,124,855.37,983.03,1267.88,2026-05-31T03:56:23.665649+00:00
2026-05-01,Balvanera,3,all,all,113,102,1306.78,1739.50,2454.78,2026-05-31T03:56:23.665649+00:00
2026-05-01,Balvanera,3,platform,all,41,37,2010.00,2562.00,3756.00,2026-05-31T03:56:23.665649+00:00
2026-05-01,Balvanera,3,platform,furnished,40,36,1979.89,2478.00,3799.00,2026-05-31T03:56:23.665649+00:00
2026-05-01,Balvanera,3,direct,all,72,67,1203.81,1373.39,1924.02,2026-05-31T03:56:23.665649+00:00
2026-05-01,Balvanera,3,direct,furnished,33,29,1324.62,1576.93,2099.06,2026-05-31T03:56:23.665649+00:00
2026-05-01,Balvanera,3,direct,unfurnished,39,37,1049.43,1251.76,1649.20,2026-05-31T03:56:23.665649+00:00
2026-05-01,Balvanera,4,all,all,38,36,1784.98,2236.86,4324.88,2026-05-31T03:56:23.665649+00:00
2026-05-01,Balvanera,4,direct,all,29,26,1491.65,2014.49,2398.65,2026-05-31T03:56:23.665649+00:00
2026-05-01,Balvanera,4,direct,unfurnished,20,20,1840.28,2104.97,3286.48,2026-05-31T03:56:23.665649+00:00
2026-05-01,Barracas,0,all,all,67,62,597.94,782.84,1010.83,2026-05-31T03:56:23.665649+00:00
2026-05-01,Barracas,0,direct,all,58,55,585.23,775.78,927.87,2026-05-31T03:56:23.665649+00:00
2026-05-01,Barracas,0,direct,furnished,23,21,691.82,837.81,1164.94,2026-05-31T03:56:23.665649+00:00
2026-05-01,Barracas,0,direct,unfurnished,34,34,562.49,679.19,878.63,2026-05-31T03:56:23.665649+00:00
2026-05-01,Barracas,1,all,all,272,263,706.75,995.28,1472.96,2026-05-31T03:56:23.665649+00:00
2026-05-01,Barracas,1,platform,all,139,136,721.50,1125.00,1800.00,2026-05-31T03:56:23.665649+00:00
2026-05-01,Barracas,1,platform,furnished,118,115,736.50,1146.00,1850.50,2026-05-31T03:56:23.665649+00:00
2026-05-01,Barracas,1,direct,all,133,129,684.44,879.98,1185.45,2026-05-31T03:56:23.665649+00:00
2026-05-01,Barracas,1,direct,furnished,56,54,808.09,1017.72,1355.90,2026-05-31T03:56:23.665649+00:00
2026-05-01,Barracas,1,direct,unfurnished,77,76,658.54,812.59,1049.73,2026-05-31T03:56:23.665649+00:00
2026-05-01,Barracas,2,all,all,153,142,1002.25,1295.46,1741.00,2026-05-31T03:56:23.665649+00:00
2026-05-01,Barracas,2,platform,all,24,23,1635.00,1921.50,3032.75,2026-05-31T03:56:23.665649+00:00
2026-05-01,Barracas,2,platform,furnished,23,23,1593.00,1927.00,3072.50,2026-05-31T03:56:23.665649+00:00
2026-05-01,Barracas,2,direct,all,129,122,976.45,1212.71,1590.99,2026-05-31T03:56:23.665649+00:00
2026-05-01,Barracas,2,direct,furnished,46,44,980.67,1149.43,1626.12,2026-05-31T03:56:23.665649+00:00
2026-05-01,Barracas,2,direct,unfurnished,81,76,987.86,1250.64,1590.99,2026-05-31T03:56:23.665649+00:00
2026-05-01,Barracas,3,all,all,20,18,1937.09,2401.97,3340.21,2026-05-31T03:56:23.665649+00:00
2026-05-01,Barracas,3,direct,all,26,26,1081.59,1527.07,2070.08,2026-05-04T23:46:55.875225+00:00
2026-05-01,Beccar,1,all,all,141,134,757.09,993.89,1746.00,2026-05-31T03:56:23.665649+00:00
2026-05-01,Beccar,1,platform,all,54,51,1057.00,1859.80,2402.16,2026-05-31T03:56:23.665649+00:00
2026-05-01,Beccar,1,platform,furnished,48,46,1202.50,1906.08,2441.91,2026-05-31T03:56:23.665649+00:00
2026-05-01,Beccar,1,direct,all,87,85,654.76,851.76,1142.88,2026-05-31T03:56:23.665649+00:00
2026-05-01,Beccar,1,direct,furnished,20,20,869.33,1235.55,1482.73,2026-05-27T03:31:55.921583+00:00
2026-05-01,Beccar,1,direct,unfurnished,65,63,646.36,819.53,993.89,2026-05-31T03:56:23.665649+00:00
2026-05-01,Beccar,2,all,all,92,88,1376.29,1736.49,2352.45,2026-05-31T03:56:23.665649+00:00
2026-05-01,Beccar,2,direct,all,78,72,1322.32,1638.55,1972.81,2026-05-31T03:56:23.665649+00:00
2026-05-01,Beccar,2,direct,furnished,31,29,1394.92,1738.98,2138.19,2026-05-31T03:56:23.665649+00:00
2026-05-01,Beccar,2,direct,unfurnished,47,44,1238.20,1485.17,1936.34,2026-05-31T03:56:23.665649+00:00
2026-05-01,Beccar,3,all,all,97,94,2697.00,4480.25,6454.47,2026-05-31T03:56:23.665649+00:00
2026-05-01,Beccar,3,platform,all,22,19,5178.25,6560.00,8199.25,2026-05-31T03:56:23.665649+00:00
2026-05-01,Beccar,3,platform,furnished,22,19,5178.25,6560.00,8199.25,2026-05-31T03:56:23.665649+00:00
2026-05-01,Beccar,3,direct,all,75,74,2442.42,3733.33,5132.17,2026-05-31T03:56:23.665649+00:00
2026-05-01,Beccar,3,direct,furnished,38,38,2588.76,4375.76,6568.08,2026-05-31T03:56:23.665649+00:00
2026-05-01,Beccar,3,direct,unfurnished,36,36,2293.17,3281.00,4893.04,2026-05-31T03:56:23.665649+00:00
2026-05-01,Beccar,4,all,all,81,77,5189.56,7200.00,9464.16,2026-05-31T03:56:23.665649+00:00
2026-05-01,Beccar,4,platform,all,31,30,5354.50,7456.00,10302.00,2026-05-31T03:56:23.665649+00:00
2026-05-01,Beccar,4,platform,furnished,25,24,5270.00,7213.00,10200.00,2026-05-31T03:56:23.665649+00:00
2026-05-01,Beccar,4,direct,all,50,48,5152.39,6635.23,9309.14,2026-05-31T03:56:23.665649+00:00
2026-05-01,Beccar,4,direct,furnished,34,32,4787.31,6390.02,9175.03,2026-05-31T03:56:23.665649+00:00
2026-05-01,Beccar,4,direct,unfurnished,20,20,3588.70,6139.89,9128.19,2026-05-14T05:05:15.022560+00:00
2026-05-01,Belgrano,0,all,all,640,593,787.99,986.40,1334.71,2026-05-31T03:56:23.665649+00:00
2026-05-01,Belgrano,0,platform,all,159,150,1041.50,1270.00,1708.00,2026-05-31T03:56:23.665649+00:00
2026-05-01,Belgrano,0,platform,furnished,145,136,1045.00,1270.00,1712.00,2026-05-31T03:56:23.665649+00:00
2026-05-01,Belgrano,0,direct,all,481,445,754.12,878.67,1187.63,2026-05-31T03:56:23.665649+00:00
2026-05-01,Belgrano,0,direct,furnished,251,238,848.87,1090.81,1500.00,2026-05-31T03:56:23.665649+00:00
2026-05-01,Belgrano,0,direct,unfurnished,224,211,700.04,788.36,898.85,2026-05-31T03:56:23.665649+00:00
2026-05-01,Belgrano,1,all,all,1703,1609,981.00,1315.00,1741.47,2026-05-31T03:56:23.665649+00:00
2026-05-01,Belgrano,1,platform,all,871,818,1134.00,1445.00,1878.32,2026-05-31T03:56:23.665649+00:00
2026-05-01,Belgrano,1,platform,furnished,790,742,1138.75,1443.00,1869.09,2026-05-31T03:56:23.665649+00:00
2026-05-01,Belgrano,1,direct,all,832,787,854.62,1133.08,1583.84,2026-05-31T03:56:23.665649+00:00
2026-05-01,Belgrano,1,direct,furnished,398,379,976.65,1294.80,1809.13,2026-05-31T03:56:23.665649+00:00
2026-05-01,Belgrano,1,direct,unfurnished,426,414,784.94,1016.32,1416.60,2026-05-31T03:56:23.665649+00:00
2026-05-01,Belgrano,2,all,all,644,616,1429.20,1950.01,2644.00,2026-05-31T03:56:23.665649+00:00
2026-05-01,Belgrano,2,platform,all,193,183,1759.00,2290.00,3117.00,2026-05-31T03:56:23.665649+00:00
2026-05-01,Belgrano,2,platform,furnished,175,165,1762.56,2333.00,3071.50,2026-05-31T03:56:23.665649+00:00
2026-05-01,Belgrano,2,direct,all,451,428,1333.09,1779.54,2397.18,2026-05-31T03:56:23.665649+00:00
2026-05-01,Belgrano,2,direct,furnished,214,202,1499.68,1987.20,2523.15,2026-05-31T03:56:23.665649+00:00
2026-05-01,Belgrano,2,direct,unfurnished,232,213,1194.56,1580.83,2142.11,2026-05-31T03:56:23.665649+00:00
2026-05-01,Belgrano,3,all,all,325,315,2154.17,3401.00,6102.11,2026-05-31T03:56:23.665649+00:00
2026-05-01,Belgrano,3,platform,all,54,47,2625.00,3228.50,5042.50,2026-05-31T03:56:23.665649+00:00
2026-05-01,Belgrano,3,platform,furnished,52,46,2586.50,3225.50,4788.25,2026-05-31T03:56:23.665649+00:00
2026-05-01,Belgrano,3,direct,all,271,264,1997.87,3511.14,6170.99,2026-05-31T03:56:23.665649+00:00
2026-05-01,Belgrano,3,direct,furnished,123,118,2385.44,4132.75,6742.01,2026-05-31T03:56:23.665649+00:00
2026-05-01,Belgrano,3,direct,unfurnished,146,144,1852.50,3086.44,6036.30,2026-05-31T03:56:23.665649+00:00
2026-05-01,Belgrano,4,all,all,79,77,3894.44,6163.33,10999.00,2026-05-31T03:56:23.665649+00:00
2026-05-01,Belgrano,4,direct,all,69,69,3804.87,6163.33,10970.14,2026-05-31T03:56:23.665649+00:00
2026-05-01,Belgrano,4,direct,furnished,33,33,3840.67,6249.85,11333.75,2026-05-31T03:56:23.665649+00:00
2026-05-01,Belgrano,4,direct,unfurnished,36,36,3592.12,6149.48,10074.89,2026-05-31T03:56:23.665649+00:00
2026-05-01,Bemowo,0,all,all,37,32,832.54,887.44,917.07,2026-05-31T03:56:23.665649+00:00
2026-05-01,Bemowo,0,direct,all,37,32,832.54,887.44,917.07,2026-05-31T03:56:23.665649+00:00
2026-05-01,Bemowo,0,direct,furnished,36,31,827.61,883.57,917.07,2026-05-31T03:56:23.665649+00:00
2026-05-01,Bemowo,1,all,all,178,169,1056.87,1153.22,1246.14,2026-05-31T03:56:23.665649+00:00
2026-05-01,Bemowo,1,direct,all,178,169,1056.87,1153.22,1246.14,2026-05-31T03:56:23.665649+00:00
2026-05-01,Bemowo,1,direct,furnished,176,167,1061.33,1154.00,1246.76,2026-05-31T03:56:23.665649+00:00
2026-05-01,Bemowo,2,all,all,88,80,1417.38,1524.75,1639.61,2026-05-31T03:56:23.665649+00:00
2026-05-01,Bemowo,2,direct,all,88,80,1417.38,1524.75,1639.61,2026-05-31T03:56:23.665649+00:00
2026-05-01,Bemowo,2,direct,furnished,83,75,1416.00,1524.75,1640.33,2026-05-31T03:56:23.665649+00:00
2026-05-01,Berazategui,0,all,all,22,21,409.71,515.24,575.34,2026-05-31T03:56:23.665649+00:00
2026-05-01,Berazategui,0,direct,all,22,21,409.71,515.24,575.34,2026-05-31T03:56:23.665649+00:00
2026-05-01,Berazategui,0,direct,unfurnished,26,25,421.30,553.33,621.12,2026-05-11T03:21:15.786851+00:00
2026-05-01,Berazategui,1,all,all,121,115,447.28,554.88,677.85,2026-05-31T03:56:23.665649+00:00
2026-05-01,Berazategui,1,direct,all,121,115,447.28,554.88,677.85,2026-05-31T03:56:23.665649+00:00
2026-05-01,Berazategui,1,direct,furnished,23,23,509.69,620.58,783.72,2026-05-31T03:56:23.665649+00:00
2026-05-01,Berazategui,1,direct,unfurnished,95,89,445.52,529.88,656.21,2026-05-31T03:56:23.665649+00:00
2026-05-01,Berazategui,2,all,all,71,70,724.04,906.15,1131.87,2026-05-31T03:56:23.665649+00:00
2026-05-01,Berazategui,2,direct,all,71,70,724.04,906.15,1131.87,2026-05-31T03:56:23.665649+00:00
2026-05-01,Berazategui,2,direct,unfurnished,56,56,713.02,891.32,1171.76,2026-05-31T03:56:23.665649+00:00
2026-05-01,Berazategui,3,all,all,21,20,1627.15,3524.60,4560.18,2026-05-30T04:32:12.020338+00:00
2026-05-01,Berazategui,3,direct,all,21,20,1627.15,3524.60,4560.18,2026-05-30T04:32:12.020338+00:00
2026-05-01,Berisso,1,all,all,20,20,398.96,469.81,532.41,2026-05-11T03:21:15.786851+00:00
2026-05-01,Berisso,1,direct,all,20,20,398.96,469.81,532.41,2026-05-11T03:21:15.786851+00:00
2026-05-01,Białołęka,0,all,all,36,32,850.93,882.11,918.89,2026-05-31T03:56:23.665649+00:00
2026-05-01,Białołęka,0,direct,all,36,32,850.93,882.11,918.89,2026-05-31T03:56:23.665649+00:00
2026-05-01,Białołęka,0,direct,furnished,36,32,850.93,882.11,918.89,2026-05-31T03:56:23.665649+00:00
2026-05-01,Białołęka,1,all,all,172,167,992.84,1055.18,1138.78,2026-05-31T03:56:23.665649+00:00
2026-05-01,Białołęka,1,direct,all,172,167,992.84,1055.18,1138.78,2026-05-31T03:56:23.665649+00:00
2026-05-01,Białołęka,1,direct,furnished,170,165,995.07,1055.18,1138.70,2026-05-31T03:56:23.665649+00:00
2026-05-01,Białołęka,2,all,all,54,54,1284.00,1443.22,1673.15,2026-05-31T03:56:23.665649+00:00
2026-05-01,Białołęka,2,direct,all,54,54,1284.00,1443.22,1673.15,2026-05-31T03:56:23.665649+00:00
2026-05-01,Białołęka,2,direct,furnished,51,51,1243.70,1395.10,1692.09,2026-05-31T03:56:23.665649+00:00
2026-05-01,Bielany,0,all,all,68,67,828.15,905.17,971.64,2026-05-31T03:56:23.665649+00:00
2026-05-01,Bielany,0,direct,all,68,67,828.15,905.17,971.64,2026-05-31T03:56:23.665649+00:00
2026-05-01,Bielany,0,direct,furnished,68,67,828.15,905.17,971.64,2026-05-31T03:56:23.665649+00:00
2026-05-01,Bielany,1,all,all,152,150,1025.33,1110.63,1222.01,2026-05-31T03:56:23.665649+00:00
2026-05-01,Bielany,1,direct,all,152,150,1025.33,1110.63,1222.01,2026-05-31T03:56:23.665649+00:00
2026-05-01,Bielany,1,direct,furnished,148,146,1025.33,1111.81,1222.28,2026-05-31T03:56:23.665649+00:00
2026-05-01,Bielany,2,all,all,47,46,1270.21,1555.76,1774.76,2026-05-31T03:56:23.665649+00:00
2026-05-01,Bielany,2,direct,all,47,46,1270.21,1555.76,1774.76,2026-05-31T03:56:23.665649+00:00
2026-05-01,Bielany,2,direct,furnished,44,41,1308.91,1567.90,1775.12,2026-05-31T03:56:23.665649+00:00
2026-05-01,Boedo,0,all,all,71,69,662.55,764.46,944.82,2026-05-31T03:56:23.665649+00:00
2026-05-01,Boedo,0,direct,all,57,51,647.06,716.56,841.33,2026-05-31T03:56:23.665649+00:00
2026-05-01,Boedo,0,direct,furnished,25,24,698.02,764.46,949.06,2026-05-31T03:56:23.665649+00:00
2026-05-01,Boedo,0,direct,unfurnished,32,31,606.60,670.91,786.48,2026-05-31T03:56:23.665649+00:00
2026-05-01,Boedo,1,all,all,193,181,618.25,746.19,926.91,2026-05-31T03:56:23.665649+00:00
2026-05-01,Boedo,1,platform,all,54,51,655.00,879.50,1076.75,2026-05-31T03:56:23.665649+00:00
2026-05-01,Boedo,1,platform,furnished,46,45,655.00,892.50,1111.25,2026-05-31T03:56:23.665649+00:00
2026-05-01,Boedo,1,direct,all,139,129,603.36,717.34,857.70,2026-05-31T03:56:23.665649+00:00
2026-05-01,Boedo,1,direct,furnished,43,39,662.79,733.33,903.58,2026-05-31T03:56:23.665649+00:00
2026-05-01,Boedo,1,direct,unfurnished,95,90,566.14,707.72,852.13,2026-05-31T03:56:23.665649+00:00
2026-05-01,Boedo,2,all,all,56,53,1094.97,1322.56,1692.13,2026-05-31T03:56:23.665649+00:00
2026-05-01,Boedo,2,direct,all,44,43,1022.50,1191.26,1478.04,2026-05-31T03:56:23.665649+00:00
2026-05-01,Boedo,2,direct,furnished,28,28,867.74,1082.22,1472.66,2026-05-04T23:46:55.875225+00:00
2026-05-01,Boedo,2,direct,unfurnished,28,27,1022.50,1205.58,1595.62,2026-05-31T03:56:23.665649+00:00
2026-05-01,Boulogne,1,all,all,51,46,639.00,751.53,1080.98,2026-05-31T03:56:23.665649+00:00
2026-05-01,Boulogne,1,direct,all,39,35,608.88,696.98,826.56,2026-05-31T03:56:23.665649+00:00
2026-05-01,Boulogne,1,direct,unfurnished,30,26,604.52,685.35,768.54,2026-05-31T03:56:23.665649+00:00
2026-05-01,Boulogne,2,all,all,58,51,891.67,1158.07,1487.58,2026-05-31T03:56:23.665649+00:00
2026-05-01,Boulogne,2,direct,all,54,51,882.92,1108.16,1352.94,2026-05-31T03:56:23.665649+00:00
2026-05-01,Boulogne,2,direct,unfurnished,39,37,800.61,953.03,1247.28,2026-05-31T03:56:23.665649+00:00
2026-05-01,Boulogne,3,all,all,40,40,2142.00,4097.43,6854.75,2026-05-31T03:56:23.665649+00:00
2026-05-01,Boulogne,3,direct,all,25,25,1749.36,4010.67,6619.83,2026-05-31T03:56:23.665649+00:00
2026-05-01,Boulogne,4,all,all,50,50,4846.81,6491.44,9911.56,2026-05-31T03:56:23.665649+00:00
2026-05-01,Boulogne,4,direct,all,43,43,4568.22,6924.04,10023.27,2026-05-31T03:56:23.665649+00:00
2026-05-01,Boulogne,4,direct,furnished,25,25,4937.83,8022.92,10418.14,2026-05-31T03:56:23.665649+00:00
2026-05-01,Caballito,0,all,all,428,403,622.04,740.85,931.58,2026-05-31T03:56:23.665649+00:00
2026-05-01,Caballito,0,platform,all,51,50,958.00,1201.00,1410.00,2026-05-31T03:56:23.665649+00:00
2026-05-01,Caballito,0,platform,furnished,46,44,973.00,1198.00,1397.50,2026-05-31T03:56:23.665649+00:00
2026-05-01,Caballito,0,direct,all,377,355,609.34,714.39,851.38,2026-05-31T03:56:23.665649+00:00
2026-05-01,Caballito,0,direct,furnished,151,142,665.40,772.73,947.11,2026-05-31T03:56:23.665649+00:00
2026-05-01,Caballito,0,direct,unfurnished,222,209,599.18,681.01,797.74,2026-05-31T03:56:23.665649+00:00
2026-05-01,Caballito,1,all,all,973,917,724.98,916.41,1202.00,2026-05-31T03:56:23.665649+00:00
2026-05-01,Caballito,1,platform,all,292,272,924.00,1157.50,1533.25,2026-05-31T03:56:23.665649+00:00
2026-05-01,Caballito,1,platform,furnished,268,249,924.00,1153.50,1507.00,2026-05-31T03:56:23.665649+00:00
2026-05-01,Caballito,1,direct,all,681,640,691.99,856.38,1036.36,2026-05-31T03:56:23.665649+00:00
2026-05-01,Caballito,1,direct,furnished,267,251,779.93,941.98,1227.90,2026-05-31T03:56:23.665649+00:00
2026-05-01,Caballito,1,direct,unfurnished,411,393,657.62,794.49,934.22,2026-05-31T03:56:23.665649+00:00
2026-05-01,Caballito,2,all,all,309,302,1030.03,1307.34,1678.21,2026-05-31T03:56:23.665649+00:00
2026-05-01,Caballito,2,platform,all,49,46,1339.00,1761.00,2176.00,2026-05-31T03:56:23.665649+00:00
2026-05-01,Caballito,2,platform,furnished,45,42,1327.00,1799.00,2176.00,2026-05-31T03:56:23.665649+00:00
2026-05-01,Caballito,2,direct,all,260,249,992.52,1252.44,1497.03,2026-05-31T03:56:23.665649+00:00
2026-05-01,Caballito,2,direct,furnished,104,101,1133.36,1413.17,1640.74,2026-05-31T03:56:23.665649+00:00
2026-05-01,Caballito,2,direct,unfurnished,153,143,956.78,1144.44,1387.65,2026-05-31T03:56:23.665649+00:00
2026-05-01,Caballito,3,all,all,136,133,1529.37,2077.39,3143.17,2026-05-31T03:56:23.665649+00:00
2026-05-01,Caballito,3,direct,all,127,124,1518.92,2079.01,3225.99,2026-05-31T03:56:23.665649+00:00
2026-05-01,Caballito,3,direct,furnished,58,57,1539.89,2384.28,3473.85,2026-05-31T03:56:23.665649+00:00
2026-05-01,Caballito,3,direct,unfurnished,69,65,1523.43,1878.04,2763.25,2026-05-31T03:56:23.665649+00:00
2026-05-01,Caballito,4,all,all,40,37,1992.36,2832.41,3890.29,2026-05-31T03:56:23.665649+00:00
2026-05-01,Caballito,4,direct,all,36,32,1938.13,2795.12,3609.70,2026-05-31T03:56:23.665649+00:00
2026-05-01,Caballito,4,direct,furnished,20,19,2566.00,3154.52,4553.13,2026-05-26T03:29:46.663587+00:00
2026-05-01,Caballito,4,direct,unfurnished,23,20,1954.32,2705.98,3745.64,2026-05-31T03:56:23.665649+00:00
2026-05-01,Campana,1,all,all,31,27,629.68,750.83,902.17,2026-05-31T03:56:23.665649+00:00
2026-05-01,Campana,1,direct,all,31,27,629.68,750.83,902.17,2026-05-31T03:56:23.665649+00:00
2026-05-01,Campana,1,direct,furnished,22,20,658.00,800.16,937.36,2026-05-27T03:31:55.921583+00:00
2026-05-01,Campana,2,all,all,25,25,749.59,1092.36,1691.62,2026-05-31T03:56:23.665649+00:00
2026-05-01,Campana,2,direct,all,25,25,749.59,1092.36,1691.62,2026-05-31T03:56:23.665649+00:00
2026-05-01,Campana,2,direct,unfurnished,22,19,722.52,832.99,939.24,2026-05-27T03:31:55.921583+00:00
2026-05-01,Campana,3,all,all,50,49,2026.20,3727.43,4561.39,2026-05-31T03:56:23.665649+00:00
2026-05-01,Campana,3,direct,all,50,49,2026.20,3727.43,4561.39,2026-05-31T03:56:23.665649+00:00
2026-05-01,Campana,3,direct,furnished,44,43,1995.82,3389.82,4395.62,2026-05-31T03:56:23.665649+00:00
2026-05-01,Campana,4,all,all,40,35,2669.59,3412.88,5242.21,2026-05-31T03:56:23.665649+00:00
2026-05-01,Campana,4,direct,all,40,35,2669.59,3412.88,5242.21,2026-05-31T03:56:23.665649+00:00
2026-05-01,Campana,4,direct,furnished,35,31,2728.18,3609.08,5714.28,2026-05-31T03:56:23.665649+00:00
2026-05-01,Cañuelas,2,all,all,22,19,881.64,1254.44,1944.06,2026-05-27T03:31:55.921583+00:00
2026-05-01,Cañuelas,2,direct,all,22,19,881.64,1254.44,1944.06,2026-05-27T03:31:55.921583+00:00
2026-05-01,Cañuelas,4,all,all,20,18,1723.16,3343.18,7454.21,2026-05-27T03:31:55.921583+00:00
2026-05-01,Cañuelas,4,direct,all,20,18,1723.16,3343.18,7454.21,2026-05-27T03:31:55.921583+00:00
2026-05-01,Chacarita,0,all,all,233,223,804.33,974.63,1241.00,2026-05-31T03:56:23.665649+00:00
2026-05-01,Chacarita,0,platform,all,63,61,987.50,1111.00,1296.00,2026-05-31T03:56:23.665649+00:00
2026-05-01,Chacarita,0,platform,furnished,51,50,994.00,1121.00,1332.00,2026-05-31T03:56:23.665649+00:00
2026-05-01,Chacarita,0,direct,all,170,162,744.21,922.19,1209.66,2026-05-31T03:56:23.665649+00:00
2026-05-01,Chacarita,0,direct,furnished,104,99,867.44,1032.62,1325.55,2026-05-31T03:56:23.665649+00:00
2026-05-01,Chacarita,0,direct,unfurnished,64,59,669.24,794.23,924.94,2026-05-31T03:56:23.665649+00:00
2026-05-01,Chacarita,1,all,all,469,451,918.00,1148.00,1538.00,2026-05-31T03:56:23.665649+00:00
2026-05-01,Chacarita,1,platform,all,314,299,937.78,1211.50,1570.25,2026-05-31T03:56:23.665649+00:00
2026-05-01,Chacarita,1,platform,furnished,272,259,952.00,1250.50,1589.75,2026-05-31T03:56:23.665649+00:00
2026-05-01,Chacarita,1,direct,all,155,147,871.55,1027.23,1394.48,2026-05-31T03:56:23.665649+00:00
2026-05-01,Chacarita,1,direct,furnished,87,86,930.35,1082.25,1584.33,2026-05-31T03:56:23.665649+00:00
2026-05-01,Chacarita,1,direct,unfurnished,67,63,825.52,1006.14,1135.49,2026-05-31T03:56:23.665649+00:00
2026-05-01,Chacarita,2,all,all,73,68,1201.47,1862.00,2471.00,2026-05-31T03:56:23.665649+00:00
2026-05-01,Chacarita,2,platform,all,41,38,1862.00,2272.00,3051.00,2026-05-31T03:56:23.665649+00:00
2026-05-01,Chacarita,2,platform,furnished,35,32,1841.00,2272.00,2908.50,2026-05-31T03:56:23.665649+00:00
2026-05-01,Chacarita,2,direct,all,32,30,976.74,1239.69,1624.12,2026-05-31T03:56:23.665649+00:00
2026-05-01,Chacarita,2,direct,furnished,21,19,985.43,1298.61,1725.51,2026-05-24T03:18:14.875703+00:00
2026-05-01,Chacarita,2,direct,unfurnished,22,22,1117.86,1346.37,1583.15,2026-05-04T23:46:55.875225+00:00
2026-05-01,Chacarita,3,all,all,20,18,1919.93,2306.20,3276.11,2026-05-14T05:05:15.022560+00:00
2026-05-01,Coghlan,0,all,all,101,93,729.17,907.47,1096.00,2026-05-31T03:56:23.665649+00:00
2026-05-01,Coghlan,0,direct,all,85,80,696.96,865.07,1076.08,2026-05-31T03:56:23.665649+00:00
2026-05-01,Coghlan,0,direct,furnished,43,41,798.91,954.17,1157.65,2026-05-31T03:56:23.665649+00:00
2026-05-01,Coghlan,0,direct,unfurnished,41,39,650.71,819.41,986.84,2026-05-31T03:56:23.665649+00:00
2026-05-01,Coghlan,1,all,all,158,152,812.15,1004.94,1305.73,2026-05-31T03:56:23.665649+00:00
2026-05-01,Coghlan,1,platform,all,69,65,928.00,1053.00,1425.00,2026-05-31T03:56:23.665649+00:00
2026-05-01,Coghlan,1,platform,furnished,63,59,931.00,1053.00,1412.00,2026-05-31T03:56:23.665649+00:00
2026-05-01,Coghlan,1,direct,all,89,85,789.73,932.01,1200.17,2026-05-31T03:56:23.665649+00:00
2026-05-01,Coghlan,1,direct,furnished,32,30,845.59,1017.82,1329.90,2026-05-31T03:56:23.665649+00:00
2026-05-01,Coghlan,1,direct,unfurnished,56,54,760.49,897.90,1113.93,2026-05-31T03:56:23.665649+00:00
2026-05-01,Coghlan,2,all,all,67,63,1214.96,1581.94,1996.42,2026-05-31T03:56:23.665649+00:00
2026-05-01,Coghlan,2,direct,all,56,54,1217.57,1581.26,1996.42,2026-05-31T03:56:23.665649+00:00
2026-05-01,Coghlan,2,direct,furnished,30,28,1338.72,1666.72,2088.35,2026-05-31T03:56:23.665649+00:00
2026-05-01,Coghlan,2,direct,unfurnished,24,24,1114.18,1365.50,1723.11,2026-05-31T03:56:23.665649+00:00
2026-05-01,Colegiales,0,all,all,322,308,834.55,1121.50,1478.08,2026-05-31T03:56:23.665649+00:00
2026-05-01,Colegiales,0,platform,all,93,90,1104.00,1285.00,1576.00,2026-05-31T03:56:23.665649+00:00
2026-05-01,Colegiales,0,platform,furnished,82,80,1058.54,1267.26,1569.75,2026-05-31T03:56:23.665649+00:00
2026-05-01,Colegiales,0,direct,all,229,218,779.22,1000.96,1456.27,2026-05-31T03:56:23.665649+00:00
2026-05-01,Colegiales,0,direct,furnished,130,124,916.82,1211.31,1602.28,2026-05-31T03:56:23.665649+00:00
2026-05-01,Colegiales,0,direct,unfurnished,95,91,680.35,825.52,1061.35,2026-05-31T03:56:23.665649+00:00
2026-05-01,Colegiales,1,all,all,953,905,1055.08,1424.16,2133.33,2026-05-31T03:56:23.665649+00:00
2026-05-01,Colegiales,1,platform,all,462,441,1181.00,1504.50,2231.75,2026-05-31T03:56:23.665649+00:00
2026-05-01,Colegiales,1,platform,furnished,404,387,1185.50,1502.50,2223.00,2026-05-31T03:56:23.665649+00:00
2026-05-01,Colegiales,1,direct,all,491,459,951.26,1305.80,1978.11,2026-05-31T03:56:23.665649+00:00
2026-05-01,Colegiales,1,direct,furnished,287,275,1238.12,1619.73,2499.67,2026-05-31T03:56:23.665649+00:00
2026-05-01,Colegiales,1,direct,unfurnished,204,190,762.20,1047.68,1304.86,2026-05-31T03:56:23.665649+00:00
2026-05-01,Colegiales,2,all,all,306,269,1370.73,1877.50,2770.83,2026-05-31T03:56:23.665649+00:00
2026-05-01,Colegiales,2,platform,all,98,90,1701.25,2223.50,3874.00,2026-05-31T03:56:23.665649+00:00
2026-05-01,Colegiales,2,platform,furnished,86,80,1642.25,2081.50,3874.00,2026-05-31T03:56:23.665649+00:00
2026-05-01,Colegiales,2,direct,all,208,187,1202.39,1698.83,2534.65,2026-05-31T03:56:23.665649+00:00
2026-05-01,Colegiales,2,direct,furnished,113,95,1574.44,2200.45,3011.00,2026-05-31T03:56:23.665649+00:00
2026-05-01,Colegiales,2,direct,unfurnished,94,89,1110.97,1349.83,1708.48,2026-05-31T03:56:23.665649+00:00
2026-05-01,Colegiales,3,all,all,79,75,1643.96,2087.14,3163.42,2026-05-31T03:56:23.665649+00:00
2026-05-01,Colegiales,3,direct,all,62,61,1638.20,2084.24,2900.00,2026-05-31T03:56:23.665649+00:00
2026-05-01,Colegiales,3,direct,furnished,32,32,1724.50,2438.31,3222.79,2026-05-31T03:56:23.665649+00:00
2026-05-01,Colegiales,3,direct,unfurnished,30,29,1508.65,1901.60,2585.38,2026-05-31T03:56:23.665649+00:00
2026-05-01,Colegiales,4,all,all,49,42,2513.59,3436.98,5039.35,2026-05-31T03:56:23.665649+00:00
2026-05-01,Colegiales,4,direct,all,41,36,2310.59,3096.92,4488.99,2026-05-31T03:56:23.665649+00:00
2026-05-01,Colegiales,4,direct,furnished,20,19,2644.26,3096.92,4921.84,2026-05-31T03:56:23.665649+00:00
2026-05-01,Constitución,0,all,all,204,193,612.94,788.11,1023.69,2026-05-31T03:56:23.665649+00:00
2026-05-01,Constitución,0,platform,all,40,40,690.57,960.50,1247.00,2026-05-31T03:56:23.665649+00:00
2026-05-01,Constitución,0,platform,furnished,37,37,628.00,966.00,1247.00,2026-05-31T03:56:23.665649+00:00
2026-05-01,Constitución,0,direct,all,164,154,609.00,747.16,969.00,2026-05-31T03:56:23.665649+00:00
2026-05-01,Constitución,0,direct,furnished,92,87,700.80,844.81,1190.30,2026-05-31T03:56:23.665649+00:00
2026-05-01,Constitución,0,direct,unfurnished,71,65,571.00,636.33,764.84,2026-05-31T03:56:23.665649+00:00
2026-05-01,Constitución,1,all,all,430,407,713.20,908.74,1243.94,2026-05-31T03:56:23.665649+00:00
2026-05-01,Constitución,1,platform,all,264,245,819.75,1040.00,1383.50,2026-05-31T03:56:23.665649+00:00
2026-05-01,Constitución,1,platform,furnished,225,209,816.00,1028.00,1407.00,2026-05-31T03:56:23.665649+00:00
2026-05-01,Constitución,1,direct,all,166,158,605.62,765.26,928.34,2026-05-31T03:56:23.665649+00:00
2026-05-01,Constitución,1,direct,furnished,94,92,708.12,818.81,1065.96,2026-05-31T03:56:23.665649+00:00
2026-05-01,Constitución,1,direct,unfurnished,71,69,562.24,615.66,855.70,2026-05-31T03:56:23.665649+00:00
2026-05-01,Constitución,2,all,all,101,95,852.29,1037.00,1349.68,2026-05-31T03:56:23.665649+00:00
2026-05-01,Constitución,2,platform,all,20,20,1191.75,1554.00,2189.50,2026-05-31T03:56:23.665649+00:00
2026-05-01,Constitución,2,platform,furnished,20,20,1165.25,1554.00,2189.50,2026-05-14T05:05:15.022560+00:00
2026-05-01,Constitución,2,direct,all,81,78,841.32,955.39,1166.53,2026-05-31T03:56:23.665649+00:00
2026-05-01,Constitución,2,direct,furnished,23,23,861.66,1033.20,1167.58,2026-05-31T03:56:23.665649+00:00
2026-05-01,Constitución,2,direct,unfurnished,57,54,841.32,955.39,1166.53,2026-05-31T03:56:23.665649+00:00
2026-05-01,Constitución,3,all,all,21,19,1151.00,1369.00,1656.00,2026-05-26T03:29:46.663587+00:00
2026-05-01,Escobar,0,all,all,47,42,529.12,625.42,1460.66,2026-05-31T03:56:23.665649+00:00
2026-05-01,Escobar,0,direct,all,47,42,529.12,625.42,1460.66,2026-05-31T03:56:23.665649+00:00
2026-05-01,Escobar,0,direct,furnished,23,19,583.03,723.16,2223.77,2026-05-31T03:56:23.665649+00:00
2026-05-01,Escobar,0,direct,unfurnished,23,20,505.69,545.56,736.24,2026-05-31T03:56:23.665649+00:00
2026-05-01,Escobar,1,all,all,184,168,579.24,665.79,889.27,2026-05-31T03:56:23.665649+00:00
2026-05-01,Escobar,1,direct,all,184,168,579.24,665.79,889.27,2026-05-31T03:56:23.665649+00:00
2026-05-01,Escobar,1,direct,furnished,62,59,598.20,724.79,1029.67,2026-05-31T03:56:23.665649+00:00
2026-05-01,Escobar,1,direct,unfurnished,116,106,561.87,649.70,781.53,2026-05-31T03:56:23.665649+00:00
2026-05-01,Escobar,2,all,all,137,122,980.64,1123.06,1423.46,2026-05-31T03:56:23.665649+00:00
2026-05-01,Escobar,2,direct,all,137,122,980.64,1123.06,1423.46,2026-05-31T03:56:23.665649+00:00
2026-05-01,Escobar,2,direct,furnished,47,42,1035.53,1111.01,1829.47,2026-05-31T03:56:23.665649+00:00
2026-05-01,Escobar,2,direct,unfurnished,88,83,875.75,1128.54,1395.16,2026-05-31T03:56:23.665649+00:00
2026-05-01,Escobar,3,all,all,309,303,2451.63,3629.29,4457.15,2026-05-31T03:56:23.665649+00:00
2026-05-01,Escobar,3,direct,all,309,303,2451.63,3629.29,4457.15,2026-05-31T03:56:23.665649+00:00
2026-05-01,Escobar,3,direct,furnished,163,158,2597.03,3685.64,4489.78,2026-05-31T03:56:23.665649+00:00
2026-05-01,Escobar,3,direct,unfurnished,144,144,2390.06,3618.42,4399.03,2026-05-31T03:56:23.665649+00:00
2026-05-01,Escobar,4,all,all,172,160,2606.23,3808.71,4750.59,2026-05-31T03:56:23.665649+00:00
2026-05-01,Escobar,4,direct,all,172,160,2606.23,3808.71,4750.59,2026-05-31T03:56:23.665649+00:00
2026-05-01,Escobar,4,direct,furnished,99,93,2915.64,3937.50,4903.38,2026-05-31T03:56:23.665649+00:00
2026-05-01,Escobar,4,direct,unfurnished,72,66,2383.27,3457.86,4216.81,2026-05-31T03:56:23.665649+00:00
2026-05-01,Esteban Echeverría,0,all,all,106,91,472.71,668.58,815.21,2026-05-31T03:56:23.665649+00:00
2026-05-01,Esteban Echeverría,0,direct,all,106,91,472.71,668.58,815.21,2026-05-31T03:56:23.665649+00:00
2026-05-01,Esteban Echeverría,0,direct,furnished,24,22,438.24,553.81,730.43,2026-05-31T03:56:23.665649+00:00
2026-05-01,Esteban Echeverría,0,direct,unfurnished,82,69,474.22,672.00,836.71,2026-05-31T03:56:23.665649+00:00
2026-05-01,Esteban Echeverría,1,all,all,515,494,711.93,946.47,1162.13,2026-05-31T03:56:23.665649+00:00
2026-05-01,Esteban Echeverría,1,direct,all,515,494,711.93,946.47,1162.13,2026-05-31T03:56:23.665649+00:00
2026-05-01,Esteban Echeverría,1,direct,furnished,154,150,746.75,947.38,1162.13,2026-05-31T03:56:23.665649+00:00
2026-05-01,Esteban Echeverría,1,direct,unfurnished,354,340,675.42,946.08,1168.94,2026-05-31T03:56:23.665649+00:00
2026-05-01,Esteban Echeverría,2,all,all,193,177,696.27,844.39,1317.02,2026-05-31T03:56:23.665649+00:00
2026-05-01,Esteban Echeverría,2,direct,all,193,177,696.27,844.39,1317.02,2026-05-31T03:56:23.665649+00:00
2026-05-01,Esteban Echeverría,2,direct,furnished,51,44,742.88,1033.79,1597.54,2026-05-31T03:56:23.665649+00:00
2026-05-01,Esteban Echeverría,2,direct,unfurnished,137,130,687.07,817.69,1189.70,2026-05-31T03:56:23.665649+00:00
2026-05-01,Esteban Echeverría,3,all,all,319,305,2445.29,3764.03,4860.62,2026-05-31T03:56:23.665649+00:00
2026-05-01,Esteban Echeverría,3,direct,all,319,305,2445.29,3764.03,4860.62,2026-05-31T03:56:23.665649+00:00
2026-05-01,Esteban Echeverría,3,direct,furnished,191,180,2700.71,4145.00,5356.36,2026-05-31T03:56:23.665649+00:00
2026-05-01,Esteban Echeverría,3,direct,unfurnished,126,124,1797.20,3262.60,4426.37,2026-05-31T03:56:23.665649+00:00
2026-05-01,Esteban Echeverría,4,all,all,296,268,3557.80,5346.95,7561.39,2026-05-31T03:56:23.665649+00:00
2026-05-01,Esteban Echeverría,4,direct,all,296,268,3557.80,5346.95,7561.39,2026-05-31T03:56:23.665649+00:00
2026-05-01,Esteban Echeverría,4,direct,furnished,213,190,4103.63,5689.81,7912.49,2026-05-31T03:56:23.665649+00:00
2026-05-01,Esteban Echeverría,4,direct,unfurnished,79,74,2935.15,4265.07,7457.51,2026-05-31T03:56:23.665649+00:00
2026-05-01,Ezeiza,1,all,all,121,119,600.98,789.75,1017.45,2026-05-31T03:56:23.665649+00:00
2026-05-01,Ezeiza,1,direct,all,121,119,600.98,789.75,1017.45,2026-05-31T03:56:23.665649+00:00
2026-05-01,Ezeiza,1,direct,furnished,25,23,816.60,1056.98,1107.18,2026-05-14T05:05:15.022560+00:00
2026-05-01,Ezeiza,1,direct,unfurnished,104,103,593.58,759.43,1011.85,2026-05-31T03:56:23.665649+00:00
2026-05-01,Ezeiza,2,all,all,85,85,870.45,1060.41,1485.68,2026-05-31T03:56:23.665649+00:00
2026-05-01,Ezeiza,2,direct,all,85,85,870.45,1060.41,1485.68,2026-05-31T03:56:23.665649+00:00
2026-05-01,Ezeiza,2,direct,furnished,23,18,1380.99,1586.36,2590.51,2026-05-04T23:46:55.875225+00:00
2026-05-01,Ezeiza,2,direct,unfurnished,74,73,838.48,1029.19,1370.77,2026-05-31T03:56:23.665649+00:00
2026-05-01,Ezeiza,3,all,all,25,25,1654.70,2290.45,2801.78,2026-05-31T03:56:23.665649+00:00
2026-05-01,Ezeiza,3,direct,all,25,25,1654.70,2290.45,2801.78,2026-05-31T03:56:23.665649+00:00
2026-05-01,Florencio Varela,1,all,all,80,74,477.63,565.58,740.93,2026-05-31T03:56:23.665649+00:00
2026-05-01,Florencio Varela,1,direct,all,80,74,477.63,565.58,740.93,2026-05-31T03:56:23.665649+00:00
2026-05-01,Florencio Varela,1,direct,furnished,20,19,524.18,731.95,856.07,2026-05-27T03:31:55.921583+00:00
2026-05-01,Florencio Varela,1,direct,unfurnished,61,50,455.18,554.12,625.68,2026-05-31T03:56:23.665649+00:00
2026-05-01,Florencio Varela,2,all,all,55,52,766.80,918.54,1344.03,2026-05-31T03:56:23.665649+00:00
2026-05-01,Florencio Varela,2,direct,all,55,52,766.80,918.54,1344.03,2026-05-31T03:56:23.665649+00:00
2026-05-01,Florencio Varela,2,direct,unfurnished,43,42,752.44,874.34,1178.73,2026-05-31T03:56:23.665649+00:00
2026-05-01,Flores,0,all,all,248,233,587.68,668.05,800.57,2026-05-31T03:56:23.665649+00:00
2026-05-01,Flores,0,direct,all,241,229,583.79,663.55,795.42,2026-05-31T03:56:23.665649+00:00
2026-05-01,Flores,0,direct,furnished,91,83,616.45,675.71,804.95,2026-05-31T03:56:23.665649+00:00
2026-05-01,Flores,0,direct,unfurnished,144,137,560.03,644.37,766.09,2026-05-31T03:56:23.665649+00:00
2026-05-01,Flores,1,all,all,572,539,672.78,820.16,1071.22,2026-05-31T03:56:23.665649+00:00
2026-05-01,Flores,1,platform,all,101,94,789.00,1081.30,1429.12,2026-05-31T03:56:23.665649+00:00
2026-05-01,Flores,1,platform,furnished,92,85,811.00,1088.00,1464.25,2026-05-31T03:56:23.665649+00:00
2026-05-01,Flores,1,direct,all,471,443,664.69,800.36,1000.01,2026-05-31T03:56:23.665649+00:00
2026-05-01,Flores,1,direct,furnished,163,151,709.77,866.96,1099.13,2026-05-31T03:56:23.665649+00:00
2026-05-01,Flores,1,direct,unfurnished,306,297,649.48,759.70,936.09,2026-05-31T03:56:23.665649+00:00
2026-05-01,Flores,2,all,all,211,202,913.70,1113.99,1423.89,2026-05-31T03:56:23.665649+00:00
2026-05-01,Flores,2,direct,all,198,192,904.37,1088.86,1396.54,2026-05-31T03:56:23.665649+00:00
2026-05-01,Flores,2,direct,furnished,74,70,966.68,1158.64,1391.61,2026-05-31T03:56:23.665649+00:00
2026-05-01,Flores,2,direct,unfurnished,123,120,891.81,1085.26,1418.26,2026-05-31T03:56:23.665649+00:00
2026-05-01,Flores,3,all,all,94,89,1289.44,1592.55,2212.98,2026-05-31T03:56:23.665649+00:00
2026-05-01,Flores,3,direct,all,90,88,1279.68,1556.34,2189.81,2026-05-31T03:56:23.665649+00:00
2026-05-01,Flores,3,direct,furnished,42,42,1312.27,1877.98,2287.62,2026-05-31T03:56:23.665649+00:00
2026-05-01,Flores,3,direct,unfurnished,47,45,1202.71,1408.86,2129.17,2026-05-31T03:56:23.665649+00:00
2026-05-01,Flores,4,all,all,32,31,2041.33,2436.86,3605.73,2026-05-31T03:56:23.665649+00:00
2026-05-01,Flores,4,direct,all,31,31,2019.17,2426.49,3605.73,2026-05-31T03:56:23.665649+00:00
2026-05-01,Flores,4,direct,unfurnished,20,18,1776.82,2089.11,2749.05,2026-05-26T03:29:46.663587+00:00
2026-05-01,Floresta,0,all,all,44,41,535.43,613.57,702.95,2026-05-31T03:56:23.665649+00:00
2026-05-01,Floresta,0,direct,all,41,39,535.43,604.87,701.19,2026-05-31T03:56:23.665649+00:00
2026-05-01,Floresta,0,direct,unfurnished,24,21,539.26,616.21,647.39,2026-05-31T03:56:23.665649+00:00
2026-05-01,Floresta,1,all,all,106,96,630.37,785.70,1126.54,2026-05-31T03:56:23.665649+00:00
2026-05-01,Floresta,1,platform,all,22,22,759.05,1501.50,2681.75,2026-05-31T03:56:23.665649+00:00
2026-05-01,Floresta,1,direct,all,84,81,615.88,744.22,935.95,2026-05-31T03:56:23.665649+00:00
2026-05-01,Floresta,1,direct,furnished,20,20,631.99,815.68,942.11,2026-05-25T03:30:51.227973+00:00
2026-05-01,Floresta,1,direct,unfurnished,68,65,608.27,736.86,903.80,2026-05-31T03:56:23.665649+00:00
2026-05-01,Floresta,2,all,all,46,46,793.05,983.95,1306.01,2026-05-31T03:56:23.665649+00:00
2026-05-01,Floresta,2,direct,all,44,44,791.70,957.52,1328.74,2026-05-31T03:56:23.665649+00:00
2026-05-01,Floresta,2,direct,furnished,25,23,816.84,945.94,1201.09,2026-05-14T05:05:15.022560+00:00
2026-05-01,Floresta,2,direct,unfurnished,29,29,796.12,936.85,1335.04,2026-05-31T03:56:23.665649+00:00
2026-05-01,Floresta,3,all,all,20,19,1359.56,1697.94,2201.98,2026-05-27T03:31:55.921583+00:00
2026-05-01,Floresta,3,direct,all,21,20,1336.12,1704.17,2081.59,2026-05-26T03:29:46.663587+00:00
2026-05-01,Florida,1,all,all,77,73,680.72,890.25,1436.00,2026-05-31T03:56:23.665649+00:00
2026-05-01,Florida,1,platform,all,29,25,968.00,1236.00,1646.00,2026-05-31T03:56:23.665649+00:00
2026-05-01,Florida,1,platform,furnished,26,24,947.75,1111.00,1439.75,2026-05-31T03:56:23.665649+00:00
2026-05-01,Florida,1,direct,all,48,42,667.38,730.53,1048.98,2026-05-31T03:56:23.665649+00:00
2026-05-01,Florida,1,direct,unfurnished,37,30,665.80,714.62,898.79,2026-05-31T03:56:23.665649+00:00
2026-05-01,Florida,2,all,all,55,52,1094.41,1494.26,2071.97,2026-05-31T03:56:23.665649+00:00
2026-05-01,Florida,2,direct,all,48,44,1090.80,1342.57,1880.62,2026-05-31T03:56:23.665649+00:00
2026-05-01,Florida,2,direct,furnished,23,22,1233.95,1728.80,2144.13,2026-05-27T03:31:55.921583+00:00
2026-05-01,Florida,2,direct,unfurnished,29,27,1070.13,1294.09,1719.74,2026-05-31T03:56:23.665649+00:00
2026-05-01,Florida,3,all,all,22,21,1343.77,2106.86,3253.09,2026-05-31T03:56:23.665649+00:00
2026-05-01,General Rodríguez,1,all,all,20,19,469.81,642.39,911.79,2026-05-31T03:56:23.665649+00:00
2026-05-01,General Rodríguez,1,direct,all,20,19,469.81,642.39,911.79,2026-05-31T03:56:23.665649+00:00
2026-05-01,General Rodríguez,1,direct,unfurnished,22,21,479.83,573.82,848.23,2026-05-30T04:32:12.020338+00:00
2026-05-01,General Rodríguez,2,all,all,33,30,826.28,1251.95,2988.84,2026-05-31T03:56:23.665649+00:00
2026-05-01,General Rodríguez,2,direct,all,33,30,826.28,1251.95,2988.84,2026-05-31T03:56:23.665649+00:00
2026-05-01,General Rodríguez,2,direct,furnished,23,23,1855.13,2238.85,4825.07,2026-05-27T03:31:55.921583+00:00
2026-05-01,General Rodríguez,2,direct,unfurnished,26,23,775.10,888.25,1029.42,2026-05-30T04:32:12.020338+00:00
2026-05-01,General Rodríguez,3,all,all,45,40,2096.87,3743.89,5278.99,2026-05-31T03:56:23.665649+00:00
2026-05-01,General Rodríguez,3,direct,all,45,40,2096.87,3743.89,5278.99,2026-05-31T03:56:23.665649+00:00
2026-05-01,General Rodríguez,3,direct,furnished,24,23,2668.08,4383.32,5543.77,2026-05-31T03:56:23.665649+00:00
2026-05-01,General Rodríguez,3,direct,unfurnished,21,17,1765.15,3700.12,4685.64,2026-05-31T03:56:23.665649+00:00
2026-05-01,General Rodríguez,4,all,all,36,31,3404.80,5302.93,7051.41,2026-05-31T03:56:23.665649+00:00
2026-05-01,General Rodríguez,4,direct,all,36,31,3404.80,5302.93,7051.41,2026-05-31T03:56:23.665649+00:00
2026-05-01,General Rodríguez,4,direct,furnished,25,22,3623.58,5636.65,6799.96,2026-05-31T03:56:23.665649+00:00
2026-05-01,General San Martín,0,all,all,211,187,453.22,514.00,608.22,2026-05-31T03:56:23.665649+00:00
2026-05-01,General San Martín,0,direct,all,208,184,450.82,510.24,596.49,2026-05-31T03:56:23.665649+00:00
2026-05-01,General San Martín,0,direct,furnished,49,45,456.27,523.74,588.22,2026-05-31T03:56:23.665649+00:00
2026-05-01,General San Martín,0,direct,unfurnished,157,138,449.54,504.22,600.98,2026-05-31T03:56:23.665649+00:00
2026-05-01,General San Martín,1,all,all,945,879,508.43,605.45,742.83,2026-05-31T03:56:23.665649+00:00
2026-05-01,General San Martín,1,platform,all,37,32,1030.00,1167.63,1437.00,2026-05-31T03:56:23.665649+00:00
2026-05-01,General San Martín,1,platform,furnished,30,27,1003.75,1181.50,1437.00,2026-05-31T03:56:23.665649+00:00
2026-05-01,General San Martín,1,direct,all,908,856,503.96,595.38,727.07,2026-05-31T03:56:23.665649+00:00
2026-05-01,General San Martín,1,direct,furnished,184,168,529.75,639.01,772.14,2026-05-31T03:56:23.665649+00:00
2026-05-01,General San Martín,1,direct,unfurnished,711,675,499.14,587.76,711.46,2026-05-31T03:56:23.665649+00:00
2026-05-01,General San Martín,2,all,all,459,440,702.53,847.23,1105.56,2026-05-31T03:56:23.665649+00:00
2026-05-01,General San Martín,2,direct,all,452,432,701.22,843.71,1077.26,2026-05-31T03:56:23.665649+00:00
2026-05-01,General San Martín,2,direct,furnished,101,99,718.56,931.36,1187.70,2026-05-31T03:56:23.665649+00:00
2026-05-01,General San Martín,2,direct,unfurnished,346,329,700.80,838.16,1055.76,2026-05-31T03:56:23.665649+00:00
2026-05-01,General San Martín,3,all,all,81,76,974.72,1305.10,1894.24,2026-05-31T03:56:23.665649+00:00
2026-05-01,General San Martín,3,direct,all,77,73,949.01,1276.28,1867.02,2026-05-31T03:56:23.665649+00:00
2026-05-01,General San Martín,3,direct,furnished,23,23,999.92,1266.87,1693.71,2026-05-31T03:56:23.665649+00:00
2026-05-01,General San Martín,3,direct,unfurnished,53,49,949.01,1305.10,1877.01,2026-05-31T03:56:23.665649+00:00
2026-05-01,General San Martín,4,all,all,23,22,1929.17,2476.84,4411.46,2026-05-27T03:31:55.921583+00:00
2026-05-01,General San Martín,4,direct,all,21,21,1702.48,2467.83,4097.79,2026-05-27T03:31:55.921583+00:00
2026-05-01,Hurlingham,0,all,all,47,41,427.74,476.11,591.11,2026-05-31T03:56:23.665649+00:00
2026-05-01,Hurlingham,0,direct,all,47,41,427.74,476.11,591.11,2026-05-31T03:56:23.665649+00:00
2026-05-01,Hurlingham,0,direct,unfurnished,38,34,419.84,470.80,568.74,2026-05-31T03:56:23.665649+00:00
2026-05-01,Hurlingham,1,all,all,129,125,478.87,585.41,899.04,2026-05-31T03:56:23.665649+00:00
2026-05-01,Hurlingham,1,direct,all,129,125,478.87,585.41,899.04,2026-05-31T03:56:23.665649+00:00
2026-05-01,Hurlingham,1,direct,furnished,21,19,501.32,809.38,1074.95,2026-05-31T03:56:23.665649+00:00
2026-05-01,Hurlingham,1,direct,unfurnished,108,100,472.47,570.76,773.71,2026-05-31T03:56:23.665649+00:00
2026-05-01,Hurlingham,2,all,all,101,100,729.02,929.80,1160.12,2026-05-31T03:56:23.665649+00:00
2026-05-01,Hurlingham,2,direct,all,101,100,729.02,929.80,1160.12,2026-05-31T03:56:23.665649+00:00
2026-05-01,Hurlingham,2,direct,furnished,27,27,862.85,931.11,1240.75,2026-05-31T03:56:23.665649+00:00
2026-05-01,Hurlingham,2,direct,unfurnished,72,72,713.42,882.87,1116.10,2026-05-31T03:56:23.665649+00:00
2026-05-01,Hurlingham,3,all,all,49,45,963.18,1581.82,2046.47,2026-05-31T03:56:23.665649+00:00
2026-05-01,Hurlingham,3,direct,all,49,45,963.18,1581.82,2046.47,2026-05-31T03:56:23.665649+00:00
2026-05-01,Hurlingham,3,direct,furnished,25,24,1254.10,1710.28,2075.55,2026-05-04T23:46:55.875225+00:00
2026-05-01,Hurlingham,3,direct,unfurnished,34,32,832.38,1466.39,1915.78,2026-05-31T03:56:23.665649+00:00
2026-05-01,Ituzaingó,0,all,all,80,67,470.31,524.74,625.49,2026-05-31T03:56:23.665649+00:00
2026-05-01,Ituzaingó,0,direct,all,80,67,470.31,524.74,625.49,2026-05-31T03:56:23.665649+00:00
2026-05-01,Ituzaingó,0,direct,furnished,23,19,510.17,566.15,668.13,2026-05-31T03:56:23.665649+00:00
2026-05-01,Ituzaingó,0,direct,unfurnished,57,48,460.86,507.52,596.65,2026-05-31T03:56:23.665649+00:00
2026-05-01,Ituzaingó,1,all,all,274,256,505.22,635.32,842.63,2026-05-31T03:56:23.665649+00:00
2026-05-01,Ituzaingó,1,direct,all,274,256,505.22,635.32,842.63,2026-05-31T03:56:23.665649+00:00
2026-05-01,Ituzaingó,1,direct,furnished,62,56,515.06,751.78,950.36,2026-05-31T03:56:23.665649+00:00
2026-05-01,Ituzaingó,1,direct,unfurnished,210,198,502.08,614.06,802.72,2026-05-31T03:56:23.665649+00:00
2026-05-01,Ituzaingó,2,all,all,251,236,846.02,1082.18,1471.93,2026-05-31T03:56:23.665649+00:00
2026-05-01,Ituzaingó,2,direct,all,251,236,846.02,1082.18,1471.93,2026-05-31T03:56:23.665649+00:00
2026-05-01,Ituzaingó,2,direct,furnished,63,62,932.78,1137.75,1607.21,2026-05-31T03:56:23.665649+00:00
2026-05-01,Ituzaingó,2,direct,unfurnished,186,172,817.61,1066.60,1374.45,2026-05-31T03:56:23.665649+00:00
2026-05-01,Ituzaingó,3,all,all,122,111,1814.53,2799.47,4995.64,2026-05-31T03:56:23.665649+00:00
2026-05-01,Ituzaingó,3,direct,all,122,111,1814.53,2799.47,4995.64,2026-05-31T03:56:23.665649+00:00
2026-05-01,Ituzaingó,3,direct,furnished,43,41,2607.52,4057.64,7208.48,2026-05-31T03:56:23.665649+00:00
2026-05-01,Ituzaingó,3,direct,unfurnished,75,70,1667.63,2346.33,3376.78,2026-05-31T03:56:23.665649+00:00
2026-05-01,Ituzaingó,4,all,all,55,55,2382.87,5086.03,11585.23,2026-05-31T03:56:23.665649+00:00
2026-05-01,Ituzaingó,4,direct,all,55,55,2382.87,5086.03,11585.23,2026-05-31T03:56:23.665649+00:00
2026-05-01,Ituzaingó,4,direct,furnished,34,34,3542.27,6128.41,12211.02,2026-05-31T03:56:23.665649+00:00
2026-05-01,Ituzaingó,4,direct,unfurnished,20,19,1542.90,2208.20,3447.23,2026-05-14T05:05:15.022560+00:00
2026-05-01,José C. Paz,0,all,all,37,30,377.75,463.07,668.75,2026-05-31T03:56:23.665649+00:00
2026-05-01,José C. Paz,0,direct,all,37,30,377.75,463.07,668.75,2026-05-31T03:56:23.665649+00:00
2026-05-01,José C. Paz,0,direct,unfurnished,28,24,365.58,398.01,530.73,2026-05-31T03:56:23.665649+00:00
2026-05-01,José C. Paz,1,all,all,161,148,438.10,499.99,606.73,2026-05-31T03:56:23.665649+00:00
2026-05-01,José C. Paz,1,direct,all,161,148,438.10,499.99,606.73,2026-05-31T03:56:23.665649+00:00
2026-05-01,José C. Paz,1,direct,furnished,21,21,489.30,557.80,904.89,2026-05-30T04:32:12.020338+00:00
2026-05-01,José C. Paz,1,direct,unfurnished,140,132,434.88,499.14,596.80,2026-05-31T03:56:23.665649+00:00
2026-05-01,José C. Paz,2,all,all,77,69,631.11,828.30,1084.06,2026-05-31T03:56:23.665649+00:00
2026-05-01,José C. Paz,2,direct,all,77,69,631.11,828.30,1084.06,2026-05-31T03:56:23.665649+00:00
2026-05-01,José C. Paz,2,direct,furnished,20,18,891.03,1079.55,1809.51,2026-05-14T05:05:15.022560+00:00
2026-05-01,José C. Paz,2,direct,unfurnished,65,59,625.68,765.44,996.50,2026-05-31T03:56:23.665649+00:00
2026-05-01,José C. Paz,3,all,all,27,26,1065.22,1499.39,4236.06,2026-05-31T03:56:23.665649+00:00
2026-05-01,José C. Paz,3,direct,all,27,26,1065.22,1499.39,4236.06,2026-05-31T03:56:23.665649+00:00
2026-05-01,José C. Paz,3,direct,unfurnished,21,18,879.78,1203.82,1586.32,2026-05-11T03:21:15.786851+00:00
2026-05-01,José C. Paz,4,all,all,20,19,3644.56,7613.58,9501.58,2026-05-27T03:31:55.921583+00:00
2026-05-01,José C. Paz,4,direct,all,20,19,3644.56,7613.58,9501.58,2026-05-27T03:31:55.921583+00:00
2026-05-01,La Boca,0,all,all,54,54,608.97,907.36,1358.46,2026-05-31T03:56:23.665649+00:00
2026-05-01,La Boca,0,direct,all,51,51,603.42,824.42,1358.33,2026-05-31T03:56:23.665649+00:00
2026-05-01,La Boca,0,direct,furnished,34,34,655.43,1146.17,1537.53,2026-05-31T03:56:23.665649+00:00
2026-05-01,La Boca,0,direct,unfurnished,20,17,516.59,593.74,711.02,2026-05-27T03:31:55.921583+00:00
2026-05-01,La Boca,1,all,all,170,162,764.75,1122.30,1855.74,2026-05-31T03:56:23.665649+00:00
2026-05-01,La Boca,1,platform,all,80,75,940.00,1201.50,1885.50,2026-05-31T03:56:23.665649+00:00
2026-05-01,La Boca,1,platform,furnished,71,67,931.00,1245.00,1911.50,2026-05-31T03:56:23.665649+00:00
2026-05-01,La Boca,1,direct,all,90,86,675.26,916.39,1710.86,2026-05-31T03:56:23.665649+00:00
2026-05-01,La Boca,1,direct,furnished,45,42,953.16,1573.42,2074.62,2026-05-31T03:56:23.665649+00:00
2026-05-01,La Boca,1,direct,unfurnished,43,37,588.06,735.73,918.99,2026-05-31T03:56:23.665649+00:00
2026-05-01,La Boca,2,all,all,51,47,951.40,1193.00,1438.68,2026-05-31T03:56:23.665649+00:00
2026-05-01,La Boca,2,platform,all,20,16,1241.00,1381.00,1555.52,2026-05-31T03:56:23.665649+00:00
2026-05-01,La Boca,2,platform,furnished,20,16,1240.25,1369.00,1555.52,2026-04-24T07:23:39.658857+00:00
2026-05-01,La Boca,2,direct,all,31,28,860.74,1041.34,1264.11,2026-05-31T03:56:23.665649+00:00
2026-05-01,La Boca,2,direct,unfurnished,21,20,820.48,978.22,1213.63,2026-05-31T03:56:23.665649+00:00
2026-05-01,La Boca,3,all,all,26,25,1068.79,1304.21,1602.25,2026-05-27T03:31:55.921583+00:00
2026-05-01,La Boca,3,direct,all,22,20,1049.95,1250.73,1438.51,2026-05-27T03:31:55.921583+00:00
2026-05-01,La Lucila,1,all,all,46,44,1296.00,1588.24,2306.68,2026-05-31T03:56:23.665649+00:00
2026-05-01,La Lucila,1,direct,all,34,33,1439.11,1678.35,2374.48,2026-05-31T03:56:23.665649+00:00
2026-05-01,La Lucila,1,direct,furnished,20,19,1554.33,1977.20,2662.81,2026-05-30T04:32:12.020338+00:00
2026-05-01,La Lucila,1,direct,unfurnished,23,22,1205.24,1673.82,2252.98,2026-05-31T03:56:23.665649+00:00
2026-05-01,La Lucila,2,all,all,42,41,1878.82,2932.04,4841.29,2026-05-31T03:56:23.665649+00:00
2026-05-01,La Lucila,2,direct,all,37,37,2118.16,2938.23,4844.53,2026-05-31T03:56:23.665649+00:00
2026-05-01,La Lucila,2,direct,unfurnished,29,26,2174.71,2938.23,3357.27,2026-05-31T03:56:23.665649+00:00
2026-05-01,La Lucila,3,all,all,28,25,6006.63,7709.22,7972.14,2026-05-31T03:56:23.665649+00:00
2026-05-01,La Lucila,3,direct,all,26,16,6880.06,7782.25,8017.77,2026-05-31T03:56:23.665649+00:00
2026-05-01,La Matanza,0,all,all,203,183,365.27,419.95,530.78,2026-05-31T03:56:23.665649+00:00
2026-05-01,La Matanza,0,direct,all,201,181,364.07,418.94,527.91,2026-05-31T03:56:23.665649+00:00
2026-05-01,La Matanza,0,direct,furnished,29,25,394.17,478.73,560.67,2026-05-31T03:56:23.665649+00:00
2026-05-01,La Matanza,0,direct,unfurnished,169,153,358.92,415.65,521.30,2026-05-31T03:56:23.665649+00:00
2026-05-01,La Matanza,1,all,all,2143,1996,472.89,565.73,696.71,2026-05-31T03:56:23.665649+00:00
2026-05-01,La Matanza,1,platform,all,58,51,918.50,1224.00,1492.00,2026-05-31T03:56:23.665649+00:00
2026-05-01,La Matanza,1,platform,furnished,53,48,1030.00,1228.00,1632.00,2026-05-31T03:56:23.665649+00:00
2026-05-01,La Matanza,1,direct,all,2085,1974,469.90,560.45,688.22,2026-05-31T03:56:23.665649+00:00
2026-05-01,La Matanza,1,direct,furnished,351,326,480.02,589.83,726.61,2026-05-31T03:56:23.665649+00:00
2026-05-01,La Matanza,1,direct,unfurnished,1705,1618,466.46,557.89,676.94,2026-05-31T03:56:23.665649+00:00
2026-05-01,La Matanza,2,all,all,878,830,635.10,779.39,992.71,2026-05-31T03:56:23.665649+00:00
2026-05-01,La Matanza,2,direct,all,865,815,633.39,777.30,980.49,2026-05-31T03:56:23.665649+00:00
2026-05-01,La Matanza,2,direct,furnished,137,129,687.46,886.93,1122.41,2026-05-31T03:56:23.665649+00:00
2026-05-01,La Matanza,2,direct,unfurnished,707,657,629.90,761.96,945.16,2026-05-31T03:56:23.665649+00:00
2026-05-01,La Matanza,3,all,all,194,184,916.13,1188.83,1842.01,2026-05-31T03:56:23.665649+00:00
2026-05-01,La Matanza,3,direct,all,191,181,910.47,1187.52,1825.20,2026-05-31T03:56:23.665649+00:00
2026-05-01,La Matanza,3,direct,furnished,53,47,1011.19,1369.02,2127.60,2026-05-31T03:56:23.665649+00:00
2026-05-01,La Matanza,3,direct,unfurnished,137,127,847.20,1143.52,1584.13,2026-05-31T03:56:23.665649+00:00
2026-05-01,La Matanza,4,all,all,48,48,1669.65,3279.84,4709.86,2026-05-31T03:56:23.665649+00:00
2026-05-01,La Matanza,4,direct,all,48,48,1669.65,3279.84,4709.86,2026-05-31T03:56:23.665649+00:00
2026-05-01,La Matanza,4,direct,furnished,36,35,2596.68,4149.42,6346.42,2026-05-27T03:31:55.921583+00:00
2026-05-01,La Matanza,4,direct,unfurnished,30,30,1608.66,2493.36,3691.81,2026-05-31T03:56:23.665649+00:00
2026-05-01,Lanús,0,all,all,167,155,429.71,489.37,592.74,2026-05-31T03:56:23.665649+00:00
2026-05-01,Lanús,0,direct,all,167,155,429.71,489.37,592.74,2026-05-31T03:56:23.665649+00:00
2026-05-01,Lanús,0,direct,furnished,44,37,458.28,567.05,680.10,2026-05-31T03:56:23.665649+00:00
2026-05-01,Lanús,0,direct,unfurnished,117,111,427.25,482.54,569.72,2026-05-31T03:56:23.665649+00:00
2026-05-01,Lanús,1,all,all,850,812,514.12,601.51,731.58,2026-05-31T03:56:23.665649+00:00
2026-05-01,Lanús,1,direct,all,835,804,512.34,597.62,725.19,2026-05-31T03:56:23.665649+00:00
2026-05-01,Lanús,1,direct,furnished,188,179,523.47,636.40,783.34,2026-05-31T03:56:23.665649+00:00
2026-05-01,Lanús,1,direct,unfurnished,635,614,507.42,589.22,707.45,2026-05-31T03:56:23.665649+00:00
2026-05-01,Lanús,2,all,all,551,525,651.38,801.95,1018.36,2026-05-31T03:56:23.665649+00:00
2026-05-01,Lanús,2,direct,all,546,521,651.17,800.08,1013.24,2026-05-31T03:56:23.665649+00:00
2026-05-01,Lanús,2,direct,furnished,124,116,754.59,929.62,1120.39,2026-05-31T03:56:23.665649+00:00
2026-05-01,Lanús,2,direct,unfurnished,407,386,645.24,771.26,976.11,2026-05-31T03:56:23.665649+00:00
2026-05-01,Lanús,3,all,all,99,90,1026.69,1354.78,1878.17,2026-05-31T03:56:23.665649+00:00
2026-05-01,Lanús,3,direct,all,99,90,1026.69,1354.78,1878.17,2026-05-31T03:56:23.665649+00:00
2026-05-01,Lanús,3,direct,furnished,41,38,1160.40,1475.27,2327.53,2026-05-31T03:56:23.665649+00:00
2026-05-01,Lanús,3,direct,unfurnished,56,52,949.60,1246.89,1742.56,2026-05-31T03:56:23.665649+00:00
2026-05-01,Lanús,4,all,all,32,31,1223.74,1690.10,2586.34,2026-05-31T03:56:23.665649+00:00
2026-05-01,Lanús,4,direct,all,32,31,1223.74,1690.10,2586.34,2026-05-31T03:56:23.665649+00:00
2026-05-01,La Paternal,0,all,all,21,21,566.13,625.36,827.46,2026-05-27T03:31:55.921583+00:00
2026-05-01,La Paternal,0,direct,all,20,17,567.63,621.10,705.69,2026-05-26T03:29:46.663587+00:00
2026-05-01,La Paternal,1,all,all,43,38,678.99,831.35,1033.13,2026-05-31T03:56:23.665649+00:00
2026-05-01,La Paternal,1,direct,all,29,28,683.11,751.94,870.73,2026-05-31T03:56:23.665649+00:00
2026-05-01,La Paternal,1,direct,unfurnished,21,21,674.88,744.23,850.45,2026-05-31T03:56:23.665649+00:00
2026-05-01,La Plata,0,all,all,429,396,455.18,513.89,605.77,2026-05-31T03:56:23.665649+00:00
2026-05-01,La Plata,0,direct,all,429,396,455.18,513.89,605.77,2026-05-31T03:56:23.665649+00:00
2026-05-01,La Plata,0,direct,furnished,150,139,491.13,578.39,689.58,2026-05-31T03:56:23.665649+00:00
2026-05-01,La Plata,0,direct,unfurnished,265,241,443.43,496.04,563.36,2026-05-31T03:56:23.665649+00:00
2026-05-01,La Plata,1,all,all,1408,1290,516.29,599.42,715.13,2026-05-31T03:56:23.665649+00:00
2026-05-01,La Plata,1,direct,all,1408,1290,516.29,599.42,715.13,2026-05-31T03:56:23.665649+00:00
2026-05-01,La Plata,1,direct,furnished,380,343,565.31,684.24,852.85,2026-05-31T03:56:23.665649+00:00
2026-05-01,La Plata,1,direct,unfurnished,988,926,503.89,578.18,671.32,2026-05-31T03:56:23.665649+00:00
2026-05-01,La Plata,2,all,all,1079,972,671.81,821.78,1092.62,2026-05-31T03:56:23.665649+00:00
2026-05-01,La Plata,2,direct,all,1079,972,671.81,821.78,1092.62,2026-05-31T03:56:23.665649+00:00
2026-05-01,La Plata,2,direct,furnished,296,277,751.68,944.24,1554.86,2026-05-31T03:56:23.665649+00:00
2026-05-01,La Plata,2,direct,unfurnished,742,669,652.18,778.56,994.78,2026-05-31T03:56:23.665649+00:00
2026-05-01,La Plata,3,all,all,448,427,1004.87,1572.46,2393.05,2026-05-31T03:56:23.665649+00:00
2026-05-01,La Plata,3,direct,all,448,427,1004.87,1572.46,2393.05,2026-05-31T03:56:23.665649+00:00
2026-05-01,La Plata,3,direct,furnished,174,168,1099.51,1736.39,2653.76,2026-05-31T03:56:23.665649+00:00
2026-05-01,La Plata,3,direct,unfurnished,259,240,986.78,1468.01,2213.95,2026-05-31T03:56:23.665649+00:00
2026-05-01,La Plata,4,all,all,115,108,1690.78,2987.32,4552.43,2026-05-31T03:56:23.665649+00:00
2026-05-01,La Plata,4,direct,all,115,108,1690.78,2987.32,4552.43,2026-05-31T03:56:23.665649+00:00
2026-05-01,La Plata,4,direct,furnished,55,50,2443.52,3555.34,5526.22,2026-05-31T03:56:23.665649+00:00
2026-05-01,La Plata,4,direct,unfurnished,55,53,1474.44,2690.77,3887.48,2026-05-31T03:56:23.665649+00:00
2026-05-01,Legionowo,1,all,all,24,24,902.36,1088.45,1145.18,2026-05-31T03:56:23.665649+00:00
2026-05-01,Legionowo,1,direct,all,24,24,902.36,1088.45,1145.18,2026-05-31T03:56:23.665649+00:00
2026-05-01,Legionowo,1,direct,furnished,24,24,902.36,1088.45,1145.18,2026-05-31T03:56:23.665649+00:00
2026-05-01,Liniers,0,all,all,70,70,578.61,660.26,815.41,2026-05-31T03:56:23.665649+00:00
2026-05-01,Liniers,0,direct,all,66,64,575.84,654.46,768.16,2026-05-31T03:56:23.665649+00:00
2026-05-01,Liniers,0,direct,furnished,20,19,527.51,681.42,845.95,2026-05-27T03:31:55.921583+00:00
2026-05-01,Liniers,0,direct,unfurnished,47,43,586.77,651.62,739.18,2026-05-31T03:56:23.665649+00:00
2026-05-01,Liniers,1,all,all,138,132,610.39,724.78,885.20,2026-05-31T03:56:23.665649+00:00
2026-05-01,Liniers,1,direct,all,126,123,598.85,712.32,870.60,2026-05-31T03:56:23.665649+00:00
2026-05-01,Liniers,1,direct,furnished,39,39,616.79,737.37,927.75,2026-05-31T03:56:23.665649+00:00
2026-05-01,Liniers,1,direct,unfurnished,85,83,598.74,691.80,869.75,2026-05-31T03:56:23.665649+00:00
2026-05-01,Liniers,2,all,all,61,60,858.85,1137.76,1430.00,2026-05-31T03:56:23.665649+00:00
2026-05-01,Liniers,2,direct,all,54,50,837.67,1081.26,1261.60,2026-05-31T03:56:23.665649+00:00
2026-05-01,Liniers,2,direct,furnished,24,20,1013.89,1182.37,1474.90,2026-05-14T05:05:15.022560+00:00
2026-05-01,Liniers,2,direct,unfurnished,39,38,764.10,1049.28,1249.09,2026-05-31T03:56:23.665649+00:00
2026-05-01,Liniers,3,all,all,20,19,1416.28,1722.01,2146.36,2026-05-11T03:21:15.786851+00:00
2026-05-01,Liniers,3,direct,all,20,19,1416.28,1722.01,2146.36,2026-05-11T03:21:15.786851+00:00
2026-05-01,Lomas de Zamora,0,all,all,278,258,442.19,526.11,641.45,2026-05-31T03:56:23.665649+00:00
2026-05-01,Lomas de Zamora,0,direct,all,278,258,442.19,526.11,641.45,2026-05-31T03:56:23.665649+00:00
2026-05-01,Lomas de Zamora,0,direct,furnished,84,72,451.53,571.04,784.76,2026-05-31T03:56:23.665649+00:00
2026-05-01,Lomas de Zamora,0,direct,unfurnished,184,176,441.86,517.75,610.02,2026-05-31T03:56:23.665649+00:00
2026-05-01,Lomas de Zamora,1,all,all,1002,928,566.35,681.91,858.92,2026-05-31T03:56:23.665649+00:00
2026-05-01,Lomas de Zamora,1,direct,all,1002,928,566.35,681.91,858.92,2026-05-31T03:56:23.665649+00:00
2026-05-01,Lomas de Zamora,1,direct,furnished,247,227,636.27,816.43,1192.94,2026-05-31T03:56:23.665649+00:00
2026-05-01,Lomas de Zamora,1,direct,unfurnished,714,677,553.84,660.25,782.79,2026-05-31T03:56:23.665649+00:00
2026-05-01,Lomas de Zamora,2,all,all,563,531,730.07,899.79,1209.34,2026-05-31T03:56:23.665649+00:00
2026-05-01,Lomas de Zamora,2,direct,all,563,531,730.07,899.79,1209.34,2026-05-31T03:56:23.665649+00:00
2026-05-01,Lomas de Zamora,2,direct,furnished,159,153,788.86,1017.99,1452.89,2026-05-31T03:56:23.665649+00:00
2026-05-01,Lomas de Zamora,2,direct,unfurnished,377,352,720.50,865.81,1162.99,2026-05-31T03:56:23.665649+00:00
2026-05-01,Lomas de Zamora,3,all,all,156,147,975.01,1370.01,2177.64,2026-05-31T03:56:23.665649+00:00
2026-05-01,Lomas de Zamora,3,direct,all,156,147,975.01,1370.01,2177.64,2026-05-31T03:56:23.665649+00:00
2026-05-01,Lomas de Zamora,3,direct,furnished,53,48,1179.71,1632.88,2334.46,2026-05-31T03:56:23.665649+00:00
2026-05-01,Lomas de Zamora,3,direct,unfurnished,98,94,941.32,1249.55,2137.33,2026-05-31T03:56:23.665649+00:00
2026-05-01,Lomas de Zamora,4,all,all,44,44,2069.14,2755.41,4173.10,2026-05-31T03:56:23.665649+00:00
2026-05-01,Lomas de Zamora,4,direct,all,44,44,2069.14,2755.41,4173.10,2026-05-31T03:56:23.665649+00:00
2026-05-01,Lomas de Zamora,4,direct,furnished,20,19,2021.78,2728.11,3387.70,2026-05-31T03:56:23.665649+00:00
2026-05-01,Lomas de Zamora,4,direct,unfurnished,23,23,2107.94,2743.96,4375.12,2026-05-31T03:56:23.665649+00:00
2026-05-01,Luján,1,all,all,48,41,483.77,576.89,860.06,2026-05-31T03:56:23.665649+00:00
2026-05-01,Luján,1,direct,all,48,41,483.77,576.89,860.06,2026-05-31T03:56:23.665649+00:00
2026-05-01,Luján,1,direct,furnished,25,23,527.55,728.92,2400.00,2026-05-31T03:56:23.665649+00:00
2026-05-01,Luján,1,direct,unfurnished,21,20,458.38,534.25,654.25,2026-05-31T03:56:23.665649+00:00
2026-05-01,Luján,2,all,all,62,53,752.96,912.49,1401.72,2026-05-31T03:56:23.665649+00:00
2026-05-01,Luján,2,direct,all,62,53,752.96,912.49,1401.72,2026-05-31T03:56:23.665649+00:00
2026-05-01,Luján,2,direct,furnished,22,20,857.65,1271.99,2038.62,2026-05-31T03:56:23.665649+00:00
2026-05-01,Luján,2,direct,unfurnished,36,32,721.22,839.39,1222.15,2026-05-31T03:56:23.665649+00:00
2026-05-01,Luján,3,all,all,45,44,1674.34,2581.98,4619.30,2026-05-31T03:56:23.665649+00:00
2026-05-01,Luján,3,direct,all,45,44,1674.34,2581.98,4619.30,2026-05-31T03:56:23.665649+00:00
2026-05-01,Luján,3,direct,furnished,32,31,2145.89,2909.60,5500.11,2026-05-31T03:56:23.665649+00:00
2026-05-01,Luján,4,all,all,41,36,3784.95,5604.33,8385.10,2026-05-31T03:56:23.665649+00:00
2026-05-01,Luján,4,direct,all,41,36,3784.95,5604.33,8385.10,2026-05-31T03:56:23.665649+00:00
2026-05-01,Luján,4,direct,furnished,32,27,3919.98,5604.33,8939.26,2026-05-31T03:56:23.665649+00:00
2026-05-01,Marki,2,all,all,20,19,1197.15,1279.65,1328.61,2026-05-31T03:56:23.665649+00:00
2026-05-01,Marki,2,direct,all,20,19,1197.15,1279.65,1328.61,2026-05-31T03:56:23.665649+00:00
2026-05-01,Martínez,0,all,all,27,25,586.31,673.52,1225.00,2026-05-31T03:56:23.665649+00:00
2026-05-01,Martínez,0,direct,all,25,23,627.16,712.94,1250.00,2026-05-31T03:56:23.665649+00:00
2026-05-01,Martínez,0,direct,unfurnished,20,20,576.90,667.75,1282.88,2026-05-14T05:05:15.022560+00:00
2026-05-01,Martínez,1,all,all,172,167,893.44,1231.62,1708.87,2026-05-31T03:56:23.665649+00:00
2026-05-01,Martínez,1,platform,all,63,61,843.88,1360.00,2037.05,2026-05-31T03:56:23.665649+00:00
2026-05-01,Martínez,1,platform,furnished,55,53,843.88,1369.00,2037.05,2026-05-31T03:56:23.665649+00:00
2026-05-01,Martínez,1,direct,all,109,109,913.73,1228.46,1647.65,2026-05-31T03:56:23.665649+00:00
2026-05-01,Martínez,1,direct,furnished,40,39,1015.00,1307.03,1668.92,2026-05-31T03:56:23.665649+00:00
2026-05-01,Martínez,1,direct,unfurnished,68,65,912.10,1114.30,1410.89,2026-05-31T03:56:23.665649+00:00
2026-05-01,Martínez,2,all,all,154,139,1282.67,1605.83,2312.25,2026-05-31T03:56:23.665649+00:00
2026-05-01,Martínez,2,platform,all,29,27,1484.00,1898.57,3072.00,2026-05-31T03:56:23.665649+00:00
2026-05-01,Martínez,2,platform,furnished,26,24,1474.25,2162.00,3422.25,2026-05-31T03:56:23.665649+00:00
2026-05-01,Martínez,2,direct,all,125,111,1223.51,1521.92,2068.83,2026-05-31T03:56:23.665649+00:00
2026-05-01,Martínez,2,direct,furnished,39,34,1309.99,1515.11,3054.72,2026-05-31T03:56:23.665649+00:00
2026-05-01,Martínez,2,direct,unfurnished,84,73,1161.01,1578.38,1928.18,2026-05-31T03:56:23.665649+00:00
2026-05-01,Martínez,3,all,all,129,121,2045.75,2901.88,4801.16,2026-05-31T03:56:23.665649+00:00
2026-05-01,Martínez,3,direct,all,120,110,2005.94,2885.78,4640.65,2026-05-31T03:56:23.665649+00:00
2026-05-01,Martínez,3,direct,furnished,37,37,2706.50,4616.82,8519.60,2026-05-31T03:56:23.665649+00:00
2026-05-01,Martínez,3,direct,unfurnished,83,80,1930.59,2681.68,3995.17,2026-05-31T03:56:23.665649+00:00
2026-05-01,Martínez,4,all,all,106,102,5042.20,7625.06,11255.90,2026-05-31T03:56:23.665649+00:00
2026-05-01,Martínez,4,direct,all,97,96,5014.02,7139.33,10946.84,2026-05-31T03:56:23.665649+00:00
2026-05-01,Martínez,4,direct,furnished,51,50,4260.73,6988.33,10946.84,2026-05-31T03:56:23.665649+00:00
2026-05-01,Martínez,4,direct,unfurnished,44,44,5087.40,7186.72,10658.87,2026-05-31T03:56:23.665649+00:00
2026-05-01,Mataderos,0,all,all,30,27,498.05,578.08,695.71,2026-05-31T03:56:23.665649+00:00
2026-05-01,Mataderos,0,direct,all,30,27,498.05,578.08,695.71,2026-05-31T03:56:23.665649+00:00
2026-05-01,Mataderos,0,direct,unfurnished,26,24,492.16,555.21,635.44,2026-05-31T03:56:23.665649+00:00
2026-05-01,Mataderos,1,all,all,111,106,629.26,740.08,966.79,2026-05-31T03:56:23.665649+00:00
2026-05-01,Mataderos,1,direct,all,99,94,624.86,726.93,911.98,2026-05-31T03:56:23.665649+00:00
2026-05-01,Mataderos,1,direct,furnished,24,22,697.19,748.57,916.41,2026-05-31T03:56:23.665649+00:00
2026-05-01,Mataderos,1,direct,unfurnished,75,71,619.17,724.89,909.35,2026-05-31T03:56:23.665649+00:00
2026-05-01,Mataderos,2,all,all,55,50,777.07,920.66,1206.88,2026-05-31T03:56:23.665649+00:00
2026-05-01,Mataderos,2,direct,all,54,49,776.28,920.52,1182.34,2026-05-31T03:56:23.665649+00:00
2026-05-01,Mataderos,2,direct,furnished,20,17,768.56,942.04,1505.73,2026-05-24T03:18:14.875703+00:00
2026-05-01,Mataderos,2,direct,unfurnished,35,33,777.07,920.37,1079.78,2026-05-31T03:56:23.665649+00:00
2026-05-01,Merlo,0,all,all,20,19,321.41,398.48,436.40,2026-05-27T03:31:55.921583+00:00
2026-05-01,Merlo,0,direct,all,20,19,321.41,398.48,436.40,2026-05-27T03:31:55.921583+00:00
2026-05-01,Merlo,1,all,all,189,180,450.53,526.15,612.09,2026-05-31T03:56:23.665649+00:00
2026-05-01,Merlo,1,direct,all,189,180,450.53,526.15,612.09,2026-05-31T03:56:23.665649+00:00
2026-05-01,Merlo,1,direct,furnished,38,35,450.14,555.32,643.32,2026-05-31T03:56:23.665649+00:00
2026-05-01,Merlo,1,direct,unfurnished,144,139,450.47,524.44,610.40,2026-05-31T03:56:23.665649+00:00
2026-05-01,Merlo,2,all,all,129,125,663.45,755.38,1044.75,2026-05-31T03:56:23.665649+00:00
2026-05-01,Merlo,2,direct,all,129,125,663.45,755.38,1044.75,2026-05-31T03:56:23.665649+00:00
2026-05-01,Merlo,2,direct,furnished,32,32,679.28,913.06,1191.73,2026-05-31T03:56:23.665649+00:00
2026-05-01,Merlo,2,direct,unfurnished,97,90,652.60,732.90,938.78,2026-05-31T03:56:23.665649+00:00
2026-05-01,Mokotów,0,all,all,223,214,869.91,952.66,1022.84,2026-05-31T03:56:23.665649+00:00
2026-05-01,Mokotów,0,direct,all,223,214,869.91,952.66,1022.84,2026-05-31T03:56:23.665649+00:00
2026-05-01,Mokotów,0,direct,furnished,223,214,869.91,952.66,1022.84,2026-05-31T03:56:23.665649+00:00
2026-05-01,Mokotów,1,all,all,810,753,1165.89,1298.16,1459.56,2026-05-31T03:56:23.665649+00:00
2026-05-01,Mokotów,1,direct,all,810,753,1165.89,1298.16,1459.56,2026-05-31T03:56:23.665649+00:00
2026-05-01,Mokotów,1,direct,furnished,805,749,1166.51,1299.74,1463.84,2026-05-31T03:56:23.665649+00:00
2026-05-01,Mokotów,2,all,all,445,421,1513.85,1916.70,2381.08,2026-05-31T03:56:23.665649+00:00
2026-05-01,Mokotów,2,direct,all,445,421,1513.85,1916.70,2381.08,2026-05-31T03:56:23.665649+00:00
2026-05-01,Mokotów,2,direct,furnished,422,399,1506.87,1916.70,2380.13,2026-05-31T03:56:23.665649+00:00
2026-05-01,Mokotów,2,direct,unfurnished,20,19,1749.70,1988.29,2711.04,2026-05-31T03:56:23.665649+00:00
2026-05-01,Mokotów,3,all,all,125,117,2934.31,3496.99,4370.48,2026-05-31T03:56:23.665649+00:00
2026-05-01,Mokotów,3,direct,all,125,117,2934.31,3496.99,4370.48,2026-05-31T03:56:23.665649+00:00
2026-05-01,Mokotów,3,direct,furnished,101,97,2875.46,3496.99,4284.00,2026-05-31T03:56:23.665649+00:00
2026-05-01,Mokotów,3,direct,unfurnished,24,20,3042.21,3466.52,4459.80,2026-05-31T03:56:23.665649+00:00
2026-05-01,Mokotów,4,all,all,34,30,4099.66,4366.30,5396.28,2026-05-31T03:56:23.665649+00:00
2026-05-01,Mokotów,4,direct,all,34,30,4099.66,4366.30,5396.28,2026-05-31T03:56:23.665649+00:00
2026-05-01,Mokotów,4,direct,furnished,33,29,4099.66,4366.30,5420.08,2026-05-31T03:56:23.665649+00:00
2026-05-01,Monserrat,0,all,all,529,479,704.71,927.00,1283.00,2026-05-31T03:56:23.665649+00:00
2026-05-01,Monserrat,0,platform,all,207,205,863.00,1009.00,1730.50,2026-05-31T03:56:23.665649+00:00
2026-05-01,Monserrat,0,platform,furnished,161,161,884.00,1092.00,1850.00,2026-05-31T03:56:23.665649+00:00
2026-05-01,Monserrat,0,direct,all,322,301,655.85,858.44,1164.66,2026-05-31T03:56:23.665649+00:00
2026-05-01,Monserrat,0,direct,furnished,231,219,725.93,946.28,1254.44,2026-05-31T03:56:23.665649+00:00
2026-05-01,Monserrat,0,direct,unfurnished,89,82,529.64,654.09,786.37,2026-05-31T03:56:23.665649+00:00
2026-05-01,Monserrat,1,all,all,1384,1274,805.77,1082.23,1498.05,2026-05-31T03:56:23.665649+00:00
2026-05-01,Monserrat,1,platform,all,974,895,890.25,1158.00,1629.50,2026-05-31T03:56:23.665649+00:00
2026-05-01,Monserrat,1,platform,furnished,860,795,892.50,1166.00,1634.23,2026-05-31T03:56:23.665649+00:00
2026-05-01,Monserrat,1,direct,all,410,396,738.45,898.12,1286.20,2026-05-31T03:56:23.665649+00:00
2026-05-01,Monserrat,1,direct,furnished,291,281,793.25,985.73,1379.90,2026-05-31T03:56:23.665649+00:00
2026-05-01,Monserrat,1,direct,unfurnished,115,106,649.63,780.52,999.82,2026-05-31T03:56:23.665649+00:00
2026-05-01,Monserrat,2,all,all,288,272,1085.72,1496.00,2021.47,2026-05-31T03:56:23.665649+00:00
2026-05-01,Monserrat,2,platform,all,145,133,1326.00,1785.00,2253.00,2026-05-31T03:56:23.665649+00:00
2026-05-01,Monserrat,2,platform,furnished,131,119,1329.00,1797.00,2321.00,2026-05-31T03:56:23.665649+00:00
2026-05-01,Monserrat,2,direct,all,143,134,896.03,1253.94,1600.00,2026-05-31T03:56:23.665649+00:00
2026-05-01,Monserrat,2,direct,furnished,80,77,1128.48,1386.49,1872.40,2026-05-31T03:56:23.665649+00:00
2026-05-01,Monserrat,2,direct,unfurnished,63,59,823.90,958.14,1357.74,2026-05-31T03:56:23.665649+00:00
2026-05-01,Monserrat,3,all,all,45,41,1394.00,1922.00,2992.00,2026-05-31T03:56:23.665649+00:00
2026-05-01,Monserrat,3,platform,all,24,23,1942.50,2931.50,3881.75,2026-05-31T03:56:23.665649+00:00
2026-05-01,Monserrat,3,platform,furnished,20,19,1938.50,3121.50,4103.00,2026-05-14T05:05:15.022560+00:00
2026-05-01,Monserrat,3,direct,all,21,18,1250.00,1316.72,1600.00,2026-05-31T03:56:23.665649+00:00
2026-05-01,Monserrat,4,all,all,33,30,1948.83,2939.00,5514.73,2026-05-31T03:56:23.665649+00:00
2026-05-01,Monserrat,4,direct,all,22,20,1570.29,2073.67,5127.32,2026-05-31T03:56:23.665649+00:00
2026-05-01,Monserrat,4,direct,unfurnished,23,20,1720.90,2117.31,5563.24,2026-05-27T03:31:55.921583+00:00
2026-05-01,Monte Castro,0,all,all,50,47,555.80,610.81,708.63,2026-05-31T03:56:23.665649+00:00
2026-05-01,Monte Castro,0,direct,all,50,47,555.80,610.81,708.63,2026-05-31T03:56:23.665649+00:00
2026-05-01,Monte Castro,0,direct,unfurnished,37,35,517.56,601.63,688.07,2026-05-31T03:56:23.665649+00:00
2026-05-01,Monte Castro,1,all,all,100,89,622.61,736.86,905.52,2026-05-31T03:56:23.665649+00:00
2026-05-01,Monte Castro,1,direct,all,85,78,605.44,721.48,841.54,2026-05-31T03:56:23.665649+00:00
2026-05-01,Monte Castro,1,direct,furnished,24,21,626.70,776.39,834.68,2026-05-27T03:31:55.921583+00:00
2026-05-01,Monte Castro,1,direct,unfurnished,66,60,602.02,722.22,842.53,2026-05-31T03:56:23.665649+00:00
2026-05-01,Monte Castro,2,all,all,41,39,1016.31,1225.71,1369.00,2026-05-31T03:56:23.665649+00:00
2026-05-01,Monte Castro,2,direct,all,38,36,1010.66,1223.61,1365.44,2026-05-31T03:56:23.665649+00:00
2026-05-01,Monte Castro,2,direct,unfurnished,30,28,1048.30,1232.92,1365.44,2026-05-31T03:56:23.665649+00:00
2026-05-01,Moreno,0,all,all,42,40,380.60,477.31,586.86,2026-05-31T03:56:23.665649+00:00
2026-05-01,Moreno,0,direct,all,42,40,380.60,477.31,586.86,2026-05-31T03:56:23.665649+00:00
2026-05-01,Moreno,0,direct,unfurnished,34,32,380.60,466.20,565.93,2026-05-31T03:56:23.665649+00:00
2026-05-01,Moreno,1,all,all,226,215,474.28,576.08,748.01,2026-05-31T03:56:23.665649+00:00
2026-05-01,Moreno,1,direct,all,226,215,474.28,576.08,748.01,2026-05-31T03:56:23.665649+00:00
2026-05-01,Moreno,1,direct,furnished,30,28,472.90,635.05,792.08,2026-05-31T03:56:23.665649+00:00
2026-05-01,Moreno,1,direct,unfurnished,194,181,475.56,566.39,734.95,2026-05-31T03:56:23.665649+00:00
2026-05-01,Moreno,2,all,all,147,138,740.03,930.64,1191.39,2026-05-31T03:56:23.665649+00:00
2026-05-01,Moreno,2,direct,all,147,138,740.03,930.64,1191.39,2026-05-31T03:56:23.665649+00:00
2026-05-01,Moreno,2,direct,furnished,29,26,854.76,1022.28,1405.97,2026-05-31T03:56:23.665649+00:00
2026-05-01,Moreno,2,direct,unfurnished,114,108,737.57,916.65,1179.00,2026-05-31T03:56:23.665649+00:00
2026-05-01,Moreno,3,all,all,31,28,2227.41,3048.46,3841.05,2026-05-31T03:56:23.665649+00:00
2026-05-01,Moreno,3,direct,all,31,28,2227.41,3048.46,3841.05,2026-05-31T03:56:23.665649+00:00
2026-05-01,Moreno,3,direct,furnished,24,19,2444.15,3403.43,4205.91,2026-05-27T03:31:55.921583+00:00
2026-05-01,Moreno,3,direct,unfurnished,25,21,1750.06,2222.98,3415.56,2026-05-27T03:31:55.921583+00:00
2026-05-01,Moreno,4,all,all,24,22,2667.13,4770.65,10796.99,2026-05-27T03:31:55.921583+00:00
2026-05-01,Moreno,4,direct,all,24,22,2667.13,4770.65,10796.99,2026-05-27T03:31:55.921583+00:00
2026-05-01,Morón,0,all,all,276,256,392.59,444.81,522.71,2026-05-31T03:56:23.665649+00:00
2026-05-01,Morón,0,direct,all,275,256,392.31,444.56,521.93,2026-05-31T03:56:23.665649+00:00
2026-05-01,Morón,0,direct,furnished,62,58,430.52,479.66,572.52,2026-05-31T03:56:23.665649+00:00
2026-05-01,Morón,0,direct,unfurnished,209,194,385.54,436.28,511.87,2026-05-31T03:56:23.665649+00:00
2026-05-01,Morón,1,all,all,1374,1273,515.05,602.15,729.23,2026-05-31T03:56:23.665649+00:00
2026-05-01,Morón,1,platform,all,30,25,814.25,1059.00,1398.00,2026-05-31T03:56:23.665649+00:00
2026-05-01,Morón,1,platform,furnished,24,19,866.75,1059.00,1332.04,2026-05-31T03:56:23.665649+00:00
2026-05-01,Morón,1,direct,all,1344,1251,514.54,598.11,720.95,2026-05-31T03:56:23.665649+00:00
2026-05-01,Morón,1,direct,furnished,259,244,565.15,667.59,779.64,2026-05-31T03:56:23.665649+00:00
2026-05-01,Morón,1,direct,unfurnished,1051,976,507.11,586.20,701.56,2026-05-31T03:56:23.665649+00:00
2026-05-01,Morón,2,all,all,312,300,710.68,901.01,1182.70,2026-05-31T03:56:23.665649+00:00
2026-05-01,Morón,2,direct,all,310,298,710.42,903.76,1185.82,2026-05-31T03:56:23.665649+00:00
2026-05-01,Morón,2,direct,furnished,69,67,798.59,1039.40,1229.53,2026-05-31T03:56:23.665649+00:00
2026-05-01,Morón,2,direct,unfurnished,236,226,697.46,876.29,1166.10,2026-05-31T03:56:23.665649+00:00
2026-05-01,Morón,3,all,all,91,88,1022.11,1396.25,2053.13,2026-05-31T03:56:23.665649+00:00
2026-05-01,Morón,3,direct,all,90,88,1021.90,1379.57,2033.91,2026-05-31T03:56:23.665649+00:00
2026-05-01,Morón,3,direct,furnished,29,28,1041.48,1461.76,1917.60,2026-05-31T03:56:23.665649+00:00
2026-05-01,Morón,3,direct,unfurnished,56,55,893.72,1231.13,1940.79,2026-05-31T03:56:23.665649+00:00
2026-05-01,Morón,4,all,all,22,21,1605.19,1930.16,3886.17,2026-05-31T03:56:23.665649+00:00
2026-05-01,Morón,4,direct,all,21,21,1602.36,1905.32,3482.16,2026-05-31T03:56:23.665649+00:00
2026-05-01,Munro,1,all,all,23,22,686.01,873.43,1387.00,2026-05-31T03:56:23.665649+00:00
2026-05-01,Munro,1,direct,all,22,19,667.12,798.61,1014.80,2026-05-27T03:31:55.921583+00:00
2026-05-01,Munro,2,all,all,20,19,1174.52,1821.85,2438.50,2026-05-04T03:20:37.758289+00:00
2026-05-01,Nueva Pompeya,1,all,all,27,24,565.45,662.44,769.04,2026-05-31T03:56:23.665649+00:00
2026-05-01,Nueva Pompeya,1,direct,all,20,20,613.10,760.90,785.14,2026-05-11T03:21:15.786851+00:00
2026-05-01,Nueva Pompeya,1,direct,unfurnished,22,22,553.17,663.00,785.57,2026-05-04T23:46:55.875225+00:00
2026-05-01,Nueva Pompeya,2,all,all,28,26,700.38,796.28,1028.04,2026-05-31T03:56:23.665649+00:00
2026-05-01,Nueva Pompeya,2,direct,all,27,26,700.38,780.12,994.70,2026-05-31T03:56:23.665649+00:00
2026-05-01,Nueva Pompeya,2,direct,unfurnished,20,19,689.95,775.93,840.55,2026-05-31T03:56:23.665649+00:00
2026-05-01,Núñez,0,all,all,265,253,773.68,980.00,1304.00,2026-05-31T03:56:23.665649+00:00
2026-05-01,Núñez,0,platform,all,51,44,1085.50,1263.00,1560.85,2026-05-31T03:56:23.665649+00:00
2026-05-01,Núñez,0,platform,furnished,43,37,1095.50,1304.00,1588.50,2026-05-31T03:56:23.665649+00:00
2026-05-01,Núñez,0,direct,all,214,204,729.54,880.30,1193.31,2026-05-31T03:56:23.665649+00:00
2026-05-01,Núñez,0,direct,furnished,109,107,773.54,933.33,1315.62,2026-05-31T03:56:23.665649+00:00
2026-05-01,Núñez,0,direct,unfurnished,105,97,710.89,816.74,1056.13,2026-05-31T03:56:23.665649+00:00
2026-05-01,Núñez,1,all,all,813,759,1020.00,1311.39,1698.73,2026-05-31T03:56:23.665649+00:00
2026-05-01,Núñez,1,platform,all,311,284,1114.50,1402.00,1826.00,2026-05-31T03:56:23.665649+00:00
2026-05-01,Núñez,1,platform,furnished,291,264,1134.50,1411.00,1831.50,2026-05-31T03:56:23.665649+00:00
2026-05-01,Núñez,1,direct,all,502,475,948.82,1238.41,1644.11,2026-05-31T03:56:23.665649+00:00
2026-05-01,Núñez,1,direct,furnished,267,254,1117.77,1443.98,1822.62,2026-05-31T03:56:23.665649+00:00
2026-05-01,Núñez,1,direct,unfurnished,234,221,813.00,1099.12,1376.02,2026-05-31T03:56:23.665649+00:00
2026-05-01,Núñez,2,all,all,289,270,1534.59,1962.73,2943.14,2026-05-31T03:56:23.665649+00:00
2026-05-01,Núñez,2,platform,all,75,69,1795.00,2554.00,3568.00,2026-05-31T03:56:23.665649+00:00
2026-05-01,Núñez,2,platform,furnished,67,62,1795.00,2464.00,3633.00,2026-05-31T03:56:23.665649+00:00
2026-05-01,Núñez,2,direct,all,214,205,1461.18,1873.64,2577.49,2026-05-31T03:56:23.665649+00:00
2026-05-01,Núñez,2,direct,furnished,110,103,1564.12,2087.22,2801.20,2026-05-31T03:56:23.665649+00:00
2026-05-01,Núñez,2,direct,unfurnished,103,96,1282.41,1657.69,2296.31,2026-05-31T03:56:23.665649+00:00
2026-05-01,Núñez,3,all,all,134,133,2196.40,4106.55,7565.61,2026-05-31T03:56:23.665649+00:00
2026-05-01,Núñez,3,direct,all,120,119,2177.12,4195.66,7709.39,2026-05-31T03:56:23.665649+00:00
2026-05-01,Núñez,3,direct,furnished,78,77,2264.77,4494.65,7684.44,2026-05-31T03:56:23.665649+00:00
2026-05-01,Núñez,3,direct,unfurnished,42,42,1791.17,3874.80,7769.93,2026-05-31T03:56:23.665649+00:00
2026-05-01,Núñez,4,all,all,44,44,5143.03,7943.30,12015.65,2026-05-31T03:56:23.665649+00:00
2026-05-01,Núñez,4,direct,all,43,43,5143.03,7387.75,12193.65,2026-05-31T03:56:23.665649+00:00
2026-05-01,Núñez,4,direct,furnished,25,25,6120.00,8498.86,12938.07,2026-05-31T03:56:23.665649+00:00
2026-05-01,Ochota,0,all,all,76,74,842.01,917.96,998.23,2026-05-31T03:56:23.665649+00:00
2026-05-01,Ochota,0,direct,all,76,74,842.01,917.96,998.23,2026-05-31T03:56:23.665649+00:00
2026-05-01,Ochota,0,direct,furnished,76,74,842.01,917.96,998.23,2026-05-31T03:56:23.665649+00:00
2026-05-01,Ochota,1,all,all,139,135,1099.05,1196.45,1378.69,2026-05-31T03:56:23.665649+00:00
2026-05-01,Ochota,1,direct,all,139,135,1099.05,1196.45,1378.69,2026-05-31T03:56:23.665649+00:00
2026-05-01,Ochota,1,direct,furnished,139,135,1099.05,1196.45,1378.69,2026-05-31T03:56:23.665649+00:00
2026-05-01,Ochota,2,all,all,52,46,1508.15,1733.07,2088.47,2026-05-31T03:56:23.665649+00:00
2026-05-01,Ochota,2,direct,all,52,46,1508.15,1733.07,2088.47,2026-05-31T03:56:23.665649+00:00
2026-05-01,Ochota,2,direct,furnished,49,43,1518.51,1745.57,2110.13,2026-05-31T03:56:23.665649+00:00
2026-05-01,Ochota,3,all,all,22,20,2221.10,2889.52,3339.93,2026-05-31T03:56:23.665649+00:00
2026-05-01,Ochota,3,direct,all,22,20,2221.10,2889.52,3339.93,2026-05-31T03:56:23.665649+00:00
2026-05-01,Ochota,3,direct,furnished,20,19,2011.87,2701.73,3993.47,2026-05-24T03:18:14.875703+00:00
2026-05-01,Olivos,0,all,all,55,51,678.57,806.39,1333.00,2026-05-31T03:56:23.665649+00:00
2026-05-01,Olivos,0,direct,all,44,41,659.94,748.94,1069.50,2026-05-31T03:56:23.665649+00:00
2026-05-01,Olivos,0,direct,furnished,20,19,627.59,1022.95,1274.18,2026-05-26T03:29:46.663587+00:00
2026-05-01,Olivos,0,direct,unfurnished,30,24,647.87,735.06,806.10,2026-05-31T03:56:23.665649+00:00
2026-05-01,Olivos,1,all,all,204,189,870.24,1169.50,1739.72,2026-05-31T03:56:23.665649+00:00
2026-05-01,Olivos,1,platform,all,59,57,1257.50,1723.00,2294.50,2026-05-31T03:56:23.665649+00:00
2026-05-01,Olivos,1,platform,furnished,53,53,1277.28,1729.11,2448.00,2026-05-31T03:56:23.665649+00:00
2026-05-01,Olivos,1,direct,all,145,136,815.58,1027.72,1442.18,2026-05-31T03:56:23.665649+00:00
2026-05-01,Olivos,1,direct,furnished,52,47,842.59,1123.33,1888.55,2026-05-31T03:56:23.665649+00:00
2026-05-01,Olivos,1,direct,unfurnished,93,88,806.39,1021.95,1267.36,2026-05-31T03:56:23.665649+00:00
2026-05-01,Olivos,2,all,all,141,133,1296.59,1629.07,2253.67,2026-05-31T03:56:23.665649+00:00
2026-05-01,Olivos,2,direct,all,124,117,1262.58,1564.40,2250.45,2026-05-31T03:56:23.665649+00:00
2026-05-01,Olivos,2,direct,furnished,44,40,1338.64,1739.87,2443.54,2026-05-31T03:56:23.665649+00:00
2026-05-01,Olivos,2,direct,unfurnished,80,75,1224.60,1486.95,1942.65,2026-05-31T03:56:23.665649+00:00
2026-05-01,Olivos,3,all,all,44,44,2583.75,3882.21,4830.48,2026-05-31T03:56:23.665649+00:00
2026-05-01,Olivos,3,direct,all,40,40,2583.75,3882.21,4663.67,2026-05-31T03:56:23.665649+00:00
2026-05-01,Olivos,3,direct,furnished,21,21,2745.91,3704.33,4656.06,2026-04-24T07:23:39.658857+00:00
2026-05-01,Olivos,3,direct,unfurnished,24,24,2151.86,2796.65,4321.26,2026-05-31T03:56:23.665649+00:00
2026-05-01,Olivos,4,all,all,20,20,3770.82,6340.34,9246.76,2026-05-27T03:31:55.921583+00:00
2026-05-01,Olivos,4,direct,all,20,20,3770.82,6340.34,9246.76,2026-05-25T03:30:51.227973+00:00
2026-05-01,Otwock,1,all,all,22,21,975.42,1016.24,1097.49,2026-05-30T04:32:12.020338+00:00
2026-05-01,Otwock,1,direct,all,22,21,975.42,1016.24,1097.49,2026-05-30T04:32:12.020338+00:00
2026-05-01,Otwock,1,direct,furnished,22,21,975.42,1016.24,1097.49,2026-05-30T04:32:12.020338+00:00
2026-05-01,Ożarów Mazowiecki,1,all,all,20,19,968.57,1019.30,1065.47,2026-05-31T03:56:23.665649+00:00
2026-05-01,Ożarów Mazowiecki,1,direct,all,20,19,968.57,1019.30,1065.47,2026-05-31T03:56:23.665649+00:00
2026-05-01,Ożarów Mazowiecki,1,direct,furnished,20,19,968.57,1019.30,1065.47,2026-05-31T03:56:23.665649+00:00
2026-05-01,Palermo,0,all,all,3498,3301,903.43,1190.65,1560.23,2026-05-31T03:56:23.665649+00:00
2026-05-01,Palermo,0,platform,all,1418,1307,1152.25,1382.50,1745.00,2026-05-31T03:56:23.665649+00:00
2026-05-01,Palermo,0,platform,furnished,1246,1144,1145.00,1366.50,1714.75,2026-05-31T03:56:23.665649+00:00
2026-05-01,Palermo,0,direct,all,2080,1964,793.24,1000.84,1376.79,2026-05-31T03:56:23.665649+00:00
2026-05-01,Palermo,0,direct,furnished,1463,1384,880.74,1140.26,1503.80,2026-05-31T03:56:23.665649+00:00
2026-05-01,Palermo,0,direct,unfurnished,599,561,678.69,798.64,999.15,2026-05-31T03:56:23.665649+00:00
2026-05-01,Palermo,1,all,all,9292,8775,1066.00,1422.31,1925.06,2026-05-31T03:56:23.665649+00:00
2026-05-01,Palermo,1,platform,all,5785,5415,1150.00,1493.00,1973.00,2026-05-31T03:56:23.665649+00:00
2026-05-01,Palermo,1,platform,furnished,5149,4827,1151.00,1492.00,1966.00,2026-05-31T03:56:23.665649+00:00
2026-05-01,Palermo,1,direct,all,3507,3349,937.50,1285.94,1829.10,2026-05-31T03:56:23.665649+00:00
2026-05-01,Palermo,1,direct,furnished,2315,2208,1091.32,1494.45,2011.49,2026-05-31T03:56:23.665649+00:00
2026-05-01,Palermo,1,direct,unfurnished,1178,1100,788.34,974.03,1316.03,2026-05-31T03:56:23.665649+00:00
2026-05-01,Palermo,2,all,all,2654,2518,1678.46,2299.44,3387.50,2026-05-31T03:56:23.665649+00:00
2026-05-01,Palermo,2,platform,all,1203,1141,1878.50,2579.00,3753.00,2026-05-31T03:56:23.665649+00:00
2026-05-01,Palermo,2,platform,furnished,1059,1007,1883.50,2556.00,3721.00,2026-05-31T03:56:23.665649+00:00
2026-05-01,Palermo,2,direct,all,1451,1379,1512.15,2112.65,3082.17,2026-05-31T03:56:23.665649+00:00
2026-05-01,Palermo,2,direct,furnished,924,880,1736.47,2347.07,3368.92,2026-05-31T03:56:23.665649+00:00
2026-05-01,Palermo,2,direct,unfurnished,516,472,1271.47,1722.47,2444.79,2026-05-31T03:56:23.665649+00:00
2026-05-01,Palermo,3,all,all,879,817,2400.99,3457.86,5661.55,2026-05-31T03:56:23.665649+00:00
2026-05-01,Palermo,3,platform,all,276,264,2650.00,3783.00,6633.75,2026-05-31T03:56:23.665649+00:00
2026-05-01,Palermo,3,platform,furnished,243,234,2621.00,3716.00,6411.50,2026-05-31T03:56:23.665649+00:00
2026-05-01,Palermo,3,direct,all,603,561,2227.19,3264.65,5377.20,2026-05-31T03:56:23.665649+00:00
2026-05-01,Palermo,3,direct,furnished,337,313,2423.28,3562.75,5382.00,2026-05-31T03:56:23.665649+00:00
2026-05-01,Palermo,3,direct,unfurnished,264,244,1961.41,2854.84,5378.20,2026-05-31T03:56:23.665649+00:00
2026-05-01,Palermo,4,all,all,288,276,3635.56,5558.52,10807.20,2026-05-31T03:56:23.665649+00:00
2026-05-01,Palermo,4,platform,all,121,115,5145.00,8673.00,13112.00,2026-05-31T03:56:23.665649+00:00
2026-05-01,Palermo,4,platform,furnished,103,97,5220.50,8681.00,13345.00,2026-05-31T03:56:23.665649+00:00
2026-05-01,Palermo,4,direct,all,167,150,3056.15,4771.57,7090.18,2026-05-31T03:56:23.665649+00:00
2026-05-01,Palermo,4,direct,furnished,85,80,3333.33,5082.61,8446.25,2026-05-31T03:56:23.665649+00:00
2026-05-01,Palermo,4,direct,unfurnished,81,69,2803.93,4354.29,5865.40,2026-05-31T03:56:23.665649+00:00
2026-05-01,Parque Avellaneda,0,all,all,22,20,565.47,601.87,776.42,2026-05-31T03:56:23.665649+00:00
2026-05-01,Parque Avellaneda,0,direct,all,22,20,565.47,601.87,776.42,2026-05-31T03:56:23.665649+00:00
2026-05-01,Parque Avellaneda,0,direct,unfurnished,22,19,562.13,588.20,685.66,2026-05-27T03:31:55.921583+00:00
2026-05-01,Parque Avellaneda,1,all,all,59,52,620.17,763.93,915.09,2026-05-31T03:56:23.665649+00:00
2026-05-01,Parque Avellaneda,1,platform,all,20,17,618.00,848.00,1004.25,2026-05-27T03:31:55.921583+00:00
2026-05-01,Parque Avellaneda,1,direct,all,40,37,612.62,682.44,853.84,2026-05-31T03:56:23.665649+00:00
2026-05-01,Parque Avellaneda,1,direct,unfurnished,29,26,624.95,681.00,839.36,2026-05-31T03:56:23.665649+00:00
2026-05-01,Parque Avellaneda,2,all,all,44,43,738.57,991.71,1424.78,2026-05-31T03:56:23.665649+00:00
2026-05-01,Parque Avellaneda,2,direct,all,43,42,730.01,972.93,1437.83,2026-05-31T03:56:23.665649+00:00
2026-05-01,Parque Avellaneda,2,direct,unfurnished,31,30,708.10,937.21,1327.92,2026-05-31T03:56:23.665649+00:00
2026-05-01,Parque Chacabuco,0,all,all,68,64,639.40,775.08,994.26,2026-05-31T03:56:23.665649+00:00
2026-05-01,Parque Chacabuco,0,direct,all,67,63,636.39,771.85,986.04,2026-05-31T03:56:23.665649+00:00
2026-05-01,Parque Chacabuco,0,direct,furnished,20,18,743.69,839.05,1048.75,2026-05-31T03:56:23.665649+00:00
2026-05-01,Parque Chacabuco,0,direct,unfurnished,46,41,605.41,723.62,845.60,2026-05-31T03:56:23.665649+00:00
2026-05-01,Parque Chacabuco,1,all,all,176,170,727.26,905.50,1186.91,2026-05-31T03:56:23.665649+00:00
2026-05-01,Parque Chacabuco,1,platform,all,38,36,945.25,1183.00,1365.25,2026-05-31T03:56:23.665649+00:00
2026-05-01,Parque Chacabuco,1,platform,furnished,34,33,792.75,1225.50,1387.75,2026-05-31T03:56:23.665649+00:00
2026-05-01,Parque Chacabuco,1,direct,all,138,133,716.46,862.56,1059.94,2026-05-31T03:56:23.665649+00:00
2026-05-01,Parque Chacabuco,1,direct,furnished,36,33,770.44,962.61,1292.81,2026-05-31T03:56:23.665649+00:00
2026-05-01,Parque Chacabuco,1,direct,unfurnished,100,93,696.86,846.11,972.19,2026-05-31T03:56:23.665649+00:00
2026-05-01,Parque Chacabuco,2,all,all,76,72,1009.14,1287.97,1528.59,2026-05-31T03:56:23.665649+00:00
2026-05-01,Parque Chacabuco,2,direct,all,65,61,988.28,1191.09,1366.13,2026-05-31T03:56:23.665649+00:00
2026-05-01,Parque Chacabuco,2,direct,furnished,30,28,914.28,1081.75,1340.84,2026-05-14T05:05:15.022560+00:00
2026-05-01,Parque Chacabuco,2,direct,unfurnished,49,45,1007.56,1162.17,1367.03,2026-05-31T03:56:23.665649+00:00
2026-05-01,Parque Chacabuco,3,all,all,20,20,1257.34,1391.91,3233.69,2026-05-26T03:29:46.663587+00:00
2026-05-01,Parque Chacabuco,3,direct,all,22,18,1252.20,1346.80,1588.26,2026-05-04T23:46:55.875225+00:00
2026-05-01,Parque Chas,0,all,all,62,55,607.03,689.82,817.16,2026-05-31T03:56:23.665649+00:00
2026-05-01,Parque Chas,0,direct,all,54,48,617.27,689.82,799.20,2026-05-31T03:56:23.665649+00:00
2026-05-01,Parque Chas,0,direct,furnished,26,22,643.86,717.99,890.44,2026-05-31T03:56:23.665649+00:00
2026-05-01,Parque Chas,0,direct,unfurnished,28,26,597.87,669.48,747.39,2026-05-31T03:56:23.665649+00:00
2026-05-01,Parque Chas,1,all,all,84,79,760.32,920.22,1183.00,2026-05-31T03:56:23.665649+00:00
2026-05-01,Parque Chas,1,platform,all,31,29,887.50,1054.00,1272.50,2026-05-31T03:56:23.665649+00:00
2026-05-01,Parque Chas,1,platform,furnished,25,24,911.00,1054.00,1379.78,2026-05-31T03:56:23.665649+00:00
2026-05-01,Parque Chas,1,direct,all,53,47,729.32,828.77,1035.12,2026-05-31T03:56:23.665649+00:00
2026-05-01,Parque Chas,1,direct,furnished,26,24,778.81,1026.62,1292.13,2026-05-31T03:56:23.665649+00:00
2026-05-01,Parque Chas,1,direct,unfurnished,27,26,665.82,782.55,872.50,2026-05-31T03:56:23.665649+00:00
2026-05-01,Parque Chas,2,all,all,20,20,1079.18,1318.46,1845.05,2026-05-31T03:56:23.665649+00:00
2026-05-01,Parque Chas,2,direct,all,24,20,1010.38,1142.70,1304.02,2026-05-04T23:46:55.875225+00:00
2026-05-01,Parque Patricios,0,all,all,39,39,695.72,788.84,976.16,2026-05-31T03:56:23.665649+00:00
2026-05-01,Parque Patricios,0,direct,all,35,35,679.71,784.31,956.68,2026-05-31T03:56:23.665649+00:00
2026-05-01,Parque Patricios,0,direct,unfurnished,20,20,632.06,758.08,793.96,2026-05-26T03:29:46.663587+00:00
2026-05-01,Parque Patricios,1,all,all,137,131,655.49,798.07,1097.00,2026-05-31T03:56:23.665649+00:00
2026-05-01,Parque Patricios,1,platform,all,53,50,764.00,1020.00,1343.00,2026-05-31T03:56:23.665649+00:00
2026-05-01,Parque Patricios,1,platform,furnished,45,42,799.00,1027.00,1335.00,2026-05-31T03:56:23.665649+00:00
2026-05-01,Parque Patricios,1,direct,all,84,77,635.34,737.87,866.95,2026-05-31T03:56:23.665649+00:00
2026-05-01,Parque Patricios,1,direct,furnished,27,25,721.39,856.64,1156.72,2026-05-31T03:56:23.665649+00:00
2026-05-01,Parque Patricios,1,direct,unfurnished,56,51,616.66,687.33,798.40,2026-05-31T03:56:23.665649+00:00
2026-05-01,Parque Patricios,2,all,all,40,38,858.96,956.91,1231.32,2026-05-31T03:56:23.665649+00:00
2026-05-01,Parque Patricios,2,direct,all,38,38,858.64,932.41,1162.38,2026-05-31T03:56:23.665649+00:00
2026-05-01,Parque Patricios,2,direct,unfurnished,25,25,858.48,935.23,1172.06,2026-05-31T03:56:23.665649+00:00
2026-05-01,Piastów,1,all,all,20,20,978.90,1034.48,1110.78,2026-05-23T03:44:22.435314+00:00
2026-05-01,Piastów,1,direct,all,20,20,978.90,1034.48,1110.78,2026-05-23T03:44:22.435314+00:00
2026-05-01,Piastów,1,direct,furnished,20,20,978.90,1034.48,1110.78,2026-05-23T03:44:22.435314+00:00
2026-05-01,Pilar,0,all,all,86,77,669.46,805.59,990.00,2026-05-31T03:56:23.665649+00:00
2026-05-01,Pilar,0,direct,all,86,77,669.46,805.59,990.00,2026-05-31T03:56:23.665649+00:00
2026-05-01,Pilar,0,direct,furnished,59,51,725.72,835.18,1098.19,2026-05-31T03:56:23.665649+00:00
2026-05-01,Pilar,0,direct,unfurnished,27,27,485.57,583.68,822.35,2026-05-31T03:56:23.665649+00:00
2026-05-01,Pilar,1,all,all,352,336,686.69,827.95,1047.24,2026-05-31T03:56:23.665649+00:00
2026-05-01,Pilar,1,direct,all,352,336,686.69,827.95,1047.24,2026-05-31T03:56:23.665649+00:00
2026-05-01,Pilar,1,direct,furnished,126,119,747.21,909.57,1117.24,2026-05-31T03:56:23.665649+00:00
2026-05-01,Pilar,1,direct,unfurnished,221,215,641.50,795.28,1031.04,2026-05-31T03:56:23.665649+00:00
2026-05-01,Pilar,2,all,all,124,115,928.55,1208.37,1464.79,2026-05-31T03:56:23.665649+00:00
2026-05-01,Pilar,2,direct,all,124,115,928.55,1208.37,1464.79,2026-05-31T03:56:23.665649+00:00
2026-05-01,Pilar,2,direct,furnished,43,38,1145.68,1258.82,1594.80,2026-05-31T03:56:23.665649+00:00
2026-05-01,Pilar,2,direct,unfurnished,77,73,895.75,1099.79,1401.34,2026-05-31T03:56:23.665649+00:00
2026-05-01,Pilar,3,all,all,224,209,1988.88,2654.38,4098.82,2026-05-31T03:56:23.665649+00:00
2026-05-01,Pilar,3,direct,all,224,209,1988.88,2654.38,4098.82,2026-05-31T03:56:23.665649+00:00
2026-05-01,Pilar,3,direct,furnished,144,132,2130.84,3002.95,4634.69,2026-05-31T03:56:23.665649+00:00
2026-05-01,Pilar,3,direct,unfurnished,77,73,1627.89,2191.49,3407.76,2026-05-31T03:56:23.665649+00:00
2026-05-01,Pilar,4,all,all,95,90,3273.70,4589.49,7461.39,2026-05-31T03:56:23.665649+00:00
2026-05-01,Pilar,4,direct,all,95,90,3273.70,4589.49,7461.39,2026-05-31T03:56:23.665649+00:00
2026-05-01,Pilar,4,direct,furnished,66,60,3530.51,4576.99,6725.06,2026-05-31T03:56:23.665649+00:00
2026-05-01,Pilar,4,direct,unfurnished,28,28,2707.42,5507.60,7586.99,2026-05-31T03:56:23.665649+00:00
2026-05-01,Praga-Północ,0,all,all,40,38,852.88,980.55,1100.24,2026-05-31T03:56:23.665649+00:00
2026-05-01,Praga-Północ,0,direct,all,40,38,852.88,980.55,1100.24,2026-05-31T03:56:23.665649+00:00
2026-05-01,Praga-Północ,0,direct,furnished,39,38,849.87,972.01,1099.36,2026-05-31T03:56:23.665649+00:00
2026-05-01,Praga-Północ,1,all,all,181,172,1122.17,1192.76,1324.03,2026-05-31T03:56:23.665649+00:00
2026-05-01,Praga-Północ,1,direct,all,181,172,1122.17,1192.76,1324.03,2026-05-31T03:56:23.665649+00:00
2026-05-01,Praga-Północ,1,direct,furnished,176,167,1120.01,1190.85,1317.85,2026-05-31T03:56:23.665649+00:00
2026-05-01,Praga-Północ,2,all,all,49,49,1554.83,2206.55,3370.62,2026-05-31T03:56:23.665649+00:00
2026-05-01,Praga-Północ,2,direct,all,49,49,1554.83,2206.55,3370.62,2026-05-31T03:56:23.665649+00:00
2026-05-01,Praga-Północ,2,direct,furnished,46,46,1700.95,2246.95,3385.25,2026-05-31T03:56:23.665649+00:00
2026-05-01,Praga-Południe,0,all,all,117,109,883.47,928.61,994.35,2026-05-31T03:56:23.665649+00:00
2026-05-01,Praga-Południe,0,direct,all,117,109,883.47,928.61,994.35,2026-05-31T03:56:23.665649+00:00
2026-05-01,Praga-Południe,0,direct,furnished,117,109,883.47,928.61,994.35,2026-05-31T03:56:23.665649+00:00
2026-05-01,Praga-Południe,1,all,all,357,346,1059.88,1151.57,1261.44,2026-05-31T03:56:23.665649+00:00
2026-05-01,Praga-Południe,1,direct,all,357,346,1059.88,1151.57,1261.44,2026-05-31T03:56:23.665649+00:00
2026-05-01,Praga-Południe,1,direct,furnished,357,346,1059.88,1151.57,1261.44,2026-05-31T03:56:23.665649+00:00
2026-05-01,Praga-Południe,2,all,all,149,142,1366.71,1578.07,1747.09,2026-05-31T03:56:23.665649+00:00
2026-05-01,Praga-Południe,2,direct,all,149,142,1366.71,1578.07,1747.09,2026-05-31T03:56:23.665649+00:00
2026-05-01,Praga-Południe,2,direct,furnished,147,141,1363.93,1570.56,1746.94,2026-05-31T03:56:23.665649+00:00
2026-05-01,Praga-Południe,3,all,all,20,20,1818.87,2033.45,4159.87,2026-05-23T03:44:22.435314+00:00
2026-05-01,Praga-Południe,3,direct,all,20,20,1818.87,2033.45,4159.87,2026-05-23T03:44:22.435314+00:00
2026-05-01,Praga-Południe,3,direct,furnished,27,27,2527.26,2854.24,5013.56,2026-05-11T03:21:15.786851+00:00
2026-05-01,Presidente Perón,3,all,all,102,99,2217.83,2869.88,4190.34,2026-05-31T03:56:23.665649+00:00
2026-05-01,Presidente Perón,3,direct,all,102,99,2217.83,2869.88,4190.34,2026-05-31T03:56:23.665649+00:00
2026-05-01,Presidente Perón,3,direct,furnished,66,64,2333.24,2925.88,4405.60,2026-05-31T03:56:23.665649+00:00
2026-05-01,Presidente Perón,3,direct,unfurnished,35,34,2070.45,2857.38,3911.47,2026-05-31T03:56:23.665649+00:00
2026-05-01,Presidente Perón,4,all,all,60,56,3026.94,4207.79,4827.10,2026-05-31T03:56:23.665649+00:00
2026-05-01,Presidente Perón,4,direct,all,60,56,3026.94,4207.79,4827.10,2026-05-31T03:56:23.665649+00:00
2026-05-01,Presidente Perón,4,direct,furnished,37,35,3476.74,4355.94,5004.09,2026-05-31T03:56:23.665649+00:00
2026-05-01,Presidente Perón,4,direct,unfurnished,20,19,2695.89,3614.84,4589.90,2026-05-31T03:56:23.665649+00:00
2026-05-01,Pruszków,0,all,all,20,20,790.55,868.56,916.23,2026-05-25T03:30:51.227973+00:00
2026-05-01,Pruszków,0,direct,all,20,20,790.55,868.56,916.23,2026-05-25T03:30:51.227973+00:00
2026-05-01,Pruszków,0,direct,furnished,20,20,790.55,868.56,916.23,2026-05-25T03:30:51.227973+00:00
2026-05-01,Pruszków,1,all,all,35,35,966.73,1025.33,1124.78,2026-05-31T03:56:23.665649+00:00
2026-05-01,Pruszków,1,direct,all,35,35,966.73,1025.33,1124.78,2026-05-31T03:56:23.665649+00:00
2026-05-01,Pruszków,1,direct,furnished,33,33,969.77,1025.33,1132.91,2026-05-31T03:56:23.665649+00:00
2026-05-01,Puerto Madero,0,all,all,274,257,1366.79,1715.70,2158.23,2026-05-31T03:56:23.665649+00:00
2026-05-01,Puerto Madero,0,platform,all,34,33,1927.25,2128.00,2375.50,2026-05-31T03:56:23.665649+00:00
2026-05-01,Puerto Madero,0,platform,furnished,28,25,1955.75,2128.00,2239.00,2026-05-31T03:56:23.665649+00:00
2026-05-01,Puerto Madero,0,direct,all,240,221,1293.66,1637.94,2042.37,2026-05-31T03:56:23.665649+00:00
2026-05-01,Puerto Madero,0,direct,furnished,163,154,1287.97,1685.42,2167.13,2026-05-31T03:56:23.665649+00:00
2026-05-01,Puerto Madero,0,direct,unfurnished,77,68,1297.84,1618.96,1780.15,2026-05-31T03:56:23.665649+00:00
2026-05-01,Puerto Madero,1,all,all,1168,1122,1918.67,2691.70,3888.06,2026-05-31T03:56:23.665649+00:00
2026-05-01,Puerto Madero,1,platform,all,292,279,2355.75,3111.50,4287.25,2026-05-31T03:56:23.665649+00:00
2026-05-01,Puerto Madero,1,platform,furnished,262,251,2365.50,3049.00,4259.00,2026-05-31T03:56:23.665649+00:00
2026-05-01,Puerto Madero,1,direct,all,876,836,1810.05,2494.42,3717.67,2026-05-31T03:56:23.665649+00:00
2026-05-01,Puerto Madero,1,direct,furnished,608,583,2022.79,2780.92,4020.72,2026-05-31T03:56:23.665649+00:00
2026-05-01,Puerto Madero,1,direct,unfurnished,262,248,1551.22,1940.93,3011.28,2026-05-31T03:56:23.665649+00:00
2026-05-01,Puerto Madero,2,all,all,558,540,3126.66,4131.84,5745.03,2026-05-31T03:56:23.665649+00:00
2026-05-01,Puerto Madero,2,platform,all,86,82,3066.50,3785.50,5417.25,2026-05-31T03:56:23.665649+00:00
2026-05-01,Puerto Madero,2,platform,furnished,72,69,3071.50,3907.00,5445.70,2026-05-31T03:56:23.665649+00:00
2026-05-01,Puerto Madero,2,direct,all,472,459,3152.86,4189.83,5848.25,2026-05-31T03:56:23.665649+00:00
2026-05-01,Puerto Madero,2,direct,furnished,324,315,3280.02,4444.14,6175.99,2026-05-31T03:56:23.665649+00:00
2026-05-01,Puerto Madero,2,direct,unfurnished,147,144,2853.93,3742.97,5289.84,2026-05-31T03:56:23.665649+00:00
2026-05-01,Puerto Madero,3,all,all,184,165,5066.69,6607.29,9076.35,2026-05-31T03:56:23.665649+00:00
2026-05-01,Puerto Madero,3,direct,all,171,154,4931.82,6671.35,9162.73,2026-05-31T03:56:23.665649+00:00
2026-05-01,Puerto Madero,3,direct,furnished,115,104,4796.22,6713.24,9327.95,2026-05-31T03:56:23.665649+00:00
2026-05-01,Puerto Madero,3,direct,unfurnished,56,53,5057.70,6423.28,8824.99,2026-05-31T03:56:23.665649+00:00
2026-05-01,Puerto Madero,4,all,all,35,35,8760.98,14699.23,20319.90,2026-05-31T03:56:23.665649+00:00
2026-05-01,Puerto Madero,4,direct,all,35,35,8760.98,14699.23,20319.90,2026-05-31T03:56:23.665649+00:00
2026-05-01,Puerto Madero,4,direct,furnished,23,23,11348.91,15573.17,21268.33,2026-05-31T03:56:23.665649+00:00
2026-05-01,Quilmes,0,all,all,74,67,438.29,519.42,627.92,2026-05-31T03:56:23.665649+00:00
2026-05-01,Quilmes,0,direct,all,74,67,438.29,519.42,627.92,2026-05-31T03:56:23.665649+00:00
2026-05-01,Quilmes,0,direct,furnished,22,21,450.92,538.37,862.97,2026-05-27T03:31:55.921583+00:00
2026-05-01,Quilmes,0,direct,unfurnished,54,51,437.86,515.72,620.61,2026-05-31T03:56:23.665649+00:00
2026-05-01,Quilmes,1,all,all,828,777,548.81,654.92,792.47,2026-05-31T03:56:23.665649+00:00
2026-05-01,Quilmes,1,direct,all,828,777,548.81,654.92,792.47,2026-05-31T03:56:23.665649+00:00
2026-05-01,Quilmes,1,direct,furnished,206,200,584.91,718.24,915.76,2026-05-31T03:56:23.665649+00:00
2026-05-01,Quilmes,1,direct,unfurnished,600,570,531.49,642.11,754.21,2026-05-31T03:56:23.665649+00:00
2026-05-01,Quilmes,2,all,all,662,619,692.64,856.35,1141.32,2026-05-31T03:56:23.665649+00:00
2026-05-01,Quilmes,2,direct,all,662,619,692.64,856.35,1141.32,2026-05-31T03:56:23.665649+00:00
2026-05-01,Quilmes,2,direct,furnished,166,159,785.74,976.48,1417.06,2026-05-31T03:56:23.665649+00:00
2026-05-01,Quilmes,2,direct,unfurnished,484,453,671.65,830.05,1058.39,2026-05-31T03:56:23.665649+00:00
2026-05-01,Quilmes,3,all,all,173,170,1132.03,1495.32,2508.65,2026-05-31T03:56:23.665649+00:00
2026-05-01,Quilmes,3,direct,all,173,170,1132.03,1495.32,2508.65,2026-05-31T03:56:23.665649+00:00
2026-05-01,Quilmes,3,direct,furnished,70,68,1227.73,1726.13,2666.84,2026-05-31T03:56:23.665649+00:00
2026-05-01,Quilmes,3,direct,unfurnished,96,94,1112.00,1400.01,2300.09,2026-05-31T03:56:23.665649+00:00
2026-05-01,Quilmes,4,all,all,44,40,1777.24,2643.18,3560.30,2026-05-31T03:56:23.665649+00:00
2026-05-01,Quilmes,4,direct,all,44,40,1777.24,2643.18,3560.30,2026-05-31T03:56:23.665649+00:00
2026-05-01,Quilmes,4,direct,furnished,26,25,2200.27,4279.87,5903.45,2026-05-04T23:46:55.875225+00:00
2026-05-01,Quilmes,4,direct,unfurnished,28,25,1489.34,2168.63,2829.21,2026-05-31T03:56:23.665649+00:00
2026-05-01,Recoleta,0,all,all,1320,1246,759.59,1057.70,1404.00,2026-05-31T03:56:23.665649+00:00
2026-05-01,Recoleta,0,platform,all,478,444,993.50,1226.00,1713.00,2026-05-31T03:56:23.665649+00:00
2026-05-01,Recoleta,0,platform,furnished,431,400,991.00,1225.00,1713.00,2026-05-31T03:56:23.665649+00:00
2026-05-01,Recoleta,0,direct,all,842,813,693.64,900.82,1300.00,2026-05-31T03:56:23.665649+00:00
2026-05-01,Recoleta,0,direct,furnished,562,537,796.78,1098.67,1401.15,2026-05-31T03:56:23.665649+00:00
2026-05-01,Recoleta,0,direct,unfurnished,278,261,580.44,696.31,856.90,2026-05-31T03:56:23.665649+00:00
2026-05-01,Recoleta,1,all,all,3776,3566,957.85,1249.31,1688.25,2026-05-31T03:56:23.665649+00:00
2026-05-01,Recoleta,1,platform,all,2365,2221,1072.00,1360.00,1811.00,2026-05-31T03:56:23.665649+00:00
2026-05-01,Recoleta,1,platform,furnished,2157,2023,1072.00,1358.00,1824.00,2026-05-31T03:56:23.665649+00:00
2026-05-01,Recoleta,1,direct,all,1411,1335,818.21,1052.57,1467.30,2026-05-31T03:56:23.665649+00:00
2026-05-01,Recoleta,1,direct,furnished,820,778,937.35,1226.38,1657.55,2026-05-31T03:56:23.665649+00:00
2026-05-01,Recoleta,1,direct,unfurnished,579,535,740.42,862.06,1125.36,2026-05-31T03:56:23.665649+00:00
2026-05-01,Recoleta,2,all,all,1337,1259,1487.30,1964.28,2776.31,2026-05-31T03:56:23.665649+00:00
2026-05-01,Recoleta,2,platform,all,585,556,1771.00,2325.00,3147.00,2026-05-31T03:56:23.665649+00:00
2026-05-01,Recoleta,2,platform,furnished,531,503,1765.50,2324.00,3137.50,2026-05-31T03:56:23.665649+00:00
2026-05-01,Recoleta,2,direct,all,752,697,1344.17,1727.35,2404.13,2026-05-31T03:56:23.665649+00:00
2026-05-01,Recoleta,2,direct,furnished,405,383,1525.95,1944.61,2786.75,2026-05-31T03:56:23.665649+00:00
2026-05-01,Recoleta,2,direct,unfurnished,342,317,1167.40,1510.98,1960.00,2026-05-31T03:56:23.665649+00:00
2026-05-01,Recoleta,3,all,all,650,607,2056.41,2871.58,3888.75,2026-05-31T03:56:23.665649+00:00
2026-05-01,Recoleta,3,platform,all,185,174,2670.00,3273.00,4537.00,2026-05-31T03:56:23.665649+00:00
2026-05-01,Recoleta,3,platform,furnished,171,161,2672.14,3315.00,4524.00,2026-05-31T03:56:23.665649+00:00
2026-05-01,Recoleta,3,direct,all,465,427,1956.37,2612.18,3640.60,2026-05-31T03:56:23.665649+00:00
2026-05-01,Recoleta,3,direct,furnished,261,241,2112.19,2959.05,3968.98,2026-05-31T03:56:23.665649+00:00
2026-05-01,Recoleta,3,direct,unfurnished,203,184,1784.07,2260.79,3129.02,2026-05-31T03:56:23.665649+00:00
2026-05-01,Recoleta,4,all,all,146,139,3140.49,4446.87,7760.56,2026-05-31T03:56:23.665649+00:00
2026-05-01,Recoleta,4,platform,all,43,41,3995.50,6210.00,9013.00,2026-05-31T03:56:23.665649+00:00
2026-05-01,Recoleta,4,platform,furnished,37,36,4039.00,6216.00,9367.00,2026-05-31T03:56:23.665649+00:00
2026-05-01,Recoleta,4,direct,all,103,94,2689.06,3822.21,6118.76,2026-05-31T03:56:23.665649+00:00
2026-05-01,Recoleta,4,direct,furnished,55,50,3366.90,3965.57,5888.99,2026-05-31T03:56:23.665649+00:00
2026-05-01,Recoleta,4,direct,unfurnished,48,45,2315.99,3577.42,8511.93,2026-05-31T03:56:23.665649+00:00
2026-05-01,Retiro,0,all,all,429,402,747.37,958.00,1291.83,2026-05-31T03:56:23.665649+00:00
2026-05-01,Retiro,0,platform,all,149,133,937.00,1137.00,1566.00,2026-05-31T03:56:23.665649+00:00
2026-05-01,Retiro,0,platform,furnished,132,120,935.50,1129.50,1596.25,2026-05-31T03:56:23.665649+00:00
2026-05-01,Retiro,0,direct,all,280,269,702.22,863.92,1165.48,2026-05-31T03:56:23.665649+00:00
2026-05-01,Retiro,0,direct,furnished,207,199,729.89,906.67,1227.01,2026-05-31T03:56:23.665649+00:00
2026-05-01,Retiro,0,direct,unfurnished,73,71,593.63,728.88,932.62,2026-05-31T03:56:23.665649+00:00
2026-05-01,Retiro,1,all,all,1389,1291,910.46,1199.85,1646.00,2026-05-31T03:56:23.665649+00:00
2026-05-01,Retiro,1,platform,all,862,788,968.25,1296.00,1748.50,2026-05-31T03:56:23.665649+00:00
2026-05-01,Retiro,1,platform,furnished,770,709,966.25,1274.50,1741.00,2026-05-31T03:56:23.665649+00:00
2026-05-01,Retiro,1,direct,all,527,504,808.14,1053.84,1484.03,2026-05-31T03:56:23.665649+00:00
2026-05-01,Retiro,1,direct,furnished,367,350,864.16,1101.53,1564.57,2026-05-31T03:56:23.665649+00:00
2026-05-01,Retiro,1,direct,unfurnished,159,148,722.10,873.69,1192.61,2026-05-31T03:56:23.665649+00:00
2026-05-01,Retiro,2,all,all,471,438,1444.42,1925.00,2797.00,2026-05-31T03:56:23.665649+00:00
2026-05-01,Retiro,2,platform,all,199,183,1572.50,2156.00,3063.50,2026-05-31T03:56:23.665649+00:00
2026-05-01,Retiro,2,platform,furnished,179,163,1572.50,2154.00,3063.50,2026-05-31T03:56:23.665649+00:00
2026-05-01,Retiro,2,direct,all,272,257,1362.95,1780.66,2643.73,2026-05-31T03:56:23.665649+00:00
2026-05-01,Retiro,2,direct,furnished,166,156,1469.02,1937.05,2838.10,2026-05-31T03:56:23.665649+00:00
2026-05-01,Retiro,2,direct,unfurnished,105,97,1172.66,1599.83,2088.82,2026-05-31T03:56:23.665649+00:00
2026-05-01,Retiro,3,all,all,237,221,2219.35,3132.85,4861.80,2026-05-31T03:56:23.665649+00:00
2026-05-01,Retiro,3,platform,all,75,69,2360.00,3314.00,5002.00,2026-05-31T03:56:23.665649+00:00
2026-05-01,Retiro,3,platform,furnished,67,61,2459.00,3405.00,4803.50,2026-05-31T03:56:23.665649+00:00
2026-05-01,Retiro,3,direct,all,162,152,2181.05,3104.76,4846.10,2026-05-31T03:56:23.665649+00:00
2026-05-01,Retiro,3,direct,furnished,98,92,2407.77,3137.78,4187.05,2026-05-31T03:56:23.665649+00:00
2026-05-01,Retiro,3,direct,unfurnished,62,62,2030.34,2739.04,6225.91,2026-05-31T03:56:23.665649+00:00
2026-05-01,Retiro,4,all,all,92,85,3778.81,4881.06,6988.50,2026-05-31T03:56:23.665649+00:00
2026-05-01,Retiro,4,platform,all,27,26,4357.50,6378.00,8102.50,2026-05-31T03:56:23.665649+00:00
2026-05-01,Retiro,4,platform,furnished,24,23,4802.25,6583.00,8658.50,2026-05-31T03:56:23.665649+00:00
2026-05-01,Retiro,4,direct,all,65,59,3554.65,4527.00,5920.84,2026-05-31T03:56:23.665649+00:00
2026-05-01,Retiro,4,direct,furnished,37,32,4002.22,4769.91,5600.00,2026-05-31T03:56:23.665649+00:00
2026-05-01,Retiro,4,direct,unfurnished,28,27,2156.89,4379.98,7214.98,2026-05-31T03:56:23.665649+00:00
2026-05-01,Saavedra,0,all,all,107,98,689.11,807.00,1088.00,2026-05-31T03:56:23.665649+00:00
2026-05-01,Saavedra,0,direct,all,88,85,659.58,772.28,942.90,2026-05-31T03:56:23.665649+00:00
2026-05-01,Saavedra,0,direct,furnished,43,41,711.03,826.65,1096.59,2026-05-31T03:56:23.665649+00:00
2026-05-01,Saavedra,0,direct,unfurnished,45,43,600.24,725.66,850.82,2026-05-31T03:56:23.665649+00:00
2026-05-01,Saavedra,1,all,all,281,268,851.34,1070.75,1500.00,2026-05-31T03:56:23.665649+00:00
2026-05-01,Saavedra,1,platform,all,124,116,900.50,1237.50,1639.00,2026-05-31T03:56:23.665649+00:00
2026-05-01,Saavedra,1,platform,furnished,109,101,884.00,1179.00,1617.00,2026-05-31T03:56:23.665649+00:00
2026-05-01,Saavedra,1,direct,all,157,148,829.62,1016.22,1352.41,2026-05-31T03:56:23.665649+00:00
2026-05-01,Saavedra,1,direct,furnished,79,75,910.86,1125.00,1508.04,2026-05-31T03:56:23.665649+00:00
2026-05-01,Saavedra,1,direct,unfurnished,78,73,756.16,897.53,1173.25,2026-05-31T03:56:23.665649+00:00
2026-05-01,Saavedra,2,all,all,69,67,1333.09,1778.00,2356.03,2026-05-31T03:56:23.665649+00:00
2026-05-01,Saavedra,2,direct,all,53,52,1276.98,1553.79,2356.03,2026-05-31T03:56:23.665649+00:00
2026-05-01,Saavedra,2,direct,furnished,21,21,1389.08,1820.23,2547.32,2026-05-31T03:56:23.665649+00:00
2026-05-01,Saavedra,2,direct,unfurnished,31,30,1176.70,1512.61,2227.24,2026-05-31T03:56:23.665649+00:00
2026-05-01,Saavedra,3,all,all,33,31,1762.97,2327.00,3275.70,2026-05-31T03:56:23.665649+00:00
2026-05-01,Saavedra,3,direct,all,27,27,1614.61,2265.51,3176.57,2026-05-31T03:56:23.665649+00:00
2026-05-01,Saavedra,4,all,all,21,19,2457.18,3345.98,4482.00,2026-05-27T03:31:55.921583+00:00
2026-05-01,Saavedra,4,direct,all,20,19,2454.20,3316.49,4364.59,2026-05-27T03:31:55.921583+00:00
2026-05-01,San Cristóbal,0,all,all,150,148,613.50,703.74,951.75,2026-05-31T03:56:23.665649+00:00
2026-05-01,San Cristóbal,0,platform,all,21,17,931.00,1026.00,1093.00,2026-05-31T03:56:23.665649+00:00
2026-05-01,San Cristóbal,0,direct,all,129,124,592.56,676.08,861.89,2026-05-31T03:56:23.665649+00:00
2026-05-01,San Cristóbal,0,direct,furnished,64,62,633.04,745.42,1001.41,2026-05-31T03:56:23.665649+00:00
2026-05-01,San Cristóbal,0,direct,unfurnished,64,63,565.16,640.91,788.94,2026-05-31T03:56:23.665649+00:00
2026-05-01,San Cristóbal,1,all,all,262,249,659.77,843.66,1102.57,2026-05-31T03:56:23.665649+00:00
2026-05-01,San Cristóbal,1,platform,all,120,116,807.50,1020.50,1344.25,2026-05-31T03:56:23.665649+00:00
2026-05-01,San Cristóbal,1,platform,furnished,105,101,821.00,1020.00,1330.00,2026-05-31T03:56:23.665649+00:00
2026-05-01,San Cristóbal,1,direct,all,142,137,609.62,726.00,908.02,2026-05-31T03:56:23.665649+00:00
2026-05-01,San Cristóbal,1,direct,furnished,56,55,658.57,767.60,1015.33,2026-05-31T03:56:23.665649+00:00
2026-05-01,San Cristóbal,1,direct,unfurnished,85,84,594.79,702.18,884.39,2026-05-31T03:56:23.665649+00:00
2026-05-01,San Cristóbal,2,all,all,90,87,876.70,1062.11,1384.06,2026-05-31T03:56:23.665649+00:00
2026-05-01,San Cristóbal,2,platform,all,20,19,1341.00,1646.50,1903.25,2026-05-14T05:05:15.022560+00:00
2026-05-01,San Cristóbal,2,platform,furnished,21,20,1341.00,1689.00,2063.00,2026-04-24T07:23:39.658857+00:00
2026-05-01,San Cristóbal,2,direct,all,71,69,849.23,990.22,1241.15,2026-05-31T03:56:23.665649+00:00
2026-05-01,San Cristóbal,2,direct,furnished,29,27,952.54,1196.12,1500.91,2026-05-31T03:56:23.665649+00:00
2026-05-01,San Cristóbal,2,direct,unfurnished,41,40,675.56,904.51,1058.75,2026-05-31T03:56:23.665649+00:00
2026-05-01,San Cristóbal,3,all,all,23,19,1181.07,1355.78,1757.01,2026-05-04T23:46:55.875225+00:00
2026-05-01,San Fernando,0,all,all,27,22,514.09,611.61,747.55,2026-05-31T03:56:23.665649+00:00
2026-05-01,San Fernando,0,direct,all,25,22,502.19,584.11,686.07,2026-05-31T03:56:23.665649+00:00
2026-05-01,San Fernando,0,direct,furnished,20,17,530.50,605.93,809.93,2026-05-14T05:05:15.022560+00:00
2026-05-01,San Fernando,0,direct,unfurnished,22,20,508.45,578.06,676.52,2026-05-27T03:31:55.921583+00:00
2026-05-01,San Fernando,1,all,all,230,211,702.79,791.69,994.92,2026-05-31T03:56:23.665649+00:00
2026-05-01,San Fernando,1,platform,all,28,25,1244.50,1677.27,3624.00,2026-05-31T03:56:23.665649+00:00
2026-05-01,San Fernando,1,platform,furnished,25,22,1275.00,2163.00,3684.00,2026-05-31T03:56:23.665649+00:00
2026-05-01,San Fernando,1,direct,all,202,197,685.11,776.79,914.33,2026-05-31T03:56:23.665649+00:00
2026-05-01,San Fernando,1,direct,furnished,60,58,681.62,800.77,915.21,2026-05-31T03:56:23.665649+00:00
2026-05-01,San Fernando,1,direct,unfurnished,139,136,685.16,771.07,917.63,2026-05-31T03:56:23.665649+00:00
2026-05-01,San Fernando,2,all,all,43,40,821.90,1216.39,1589.99,2026-05-31T03:56:23.665649+00:00
2026-05-01,San Fernando,2,direct,all,41,38,816.07,1133.53,1535.32,2026-05-31T03:56:23.665649+00:00
2026-05-01,San Fernando,2,direct,furnished,23,21,1236.21,1464.04,1754.28,2026-05-27T03:31:55.921583+00:00
2026-05-01,San Fernando,2,direct,unfurnished,30,28,774.28,903.23,1253.72,2026-05-31T03:56:23.665649+00:00
2026-05-01,San Fernando,3,all,all,33,32,1773.00,4960.38,7182.92,2026-05-31T03:56:23.665649+00:00
2026-05-01,San Fernando,3,direct,all,29,29,1669.91,4960.38,7182.92,2026-05-31T03:56:23.665649+00:00
2026-05-01,San Fernando,3,direct,unfurnished,26,24,1540.05,2415.17,4991.43,2026-05-27T03:31:55.921583+00:00
2026-05-01,San Fernando,4,all,all,26,25,4342.75,5676.69,6588.32,2026-05-31T03:56:23.665649+00:00
2026-05-01,San Fernando,4,direct,all,24,22,4558.32,5854.05,6723.44,2026-05-31T03:56:23.665649+00:00
2026-05-01,San Fernando,4,direct,furnished,26,25,4560.63,5968.25,6768.12,2026-05-27T03:31:55.921583+00:00
2026-05-01,San Isidro,0,all,all,36,35,624.75,924.86,1581.55,2026-05-31T03:56:23.665649+00:00
2026-05-01,San Isidro,0,direct,all,26,26,622.60,777.10,1261.98,2026-05-31T03:56:23.665649+00:00
2026-05-01,San Isidro,0,direct,unfurnished,20,19,563.41,649.05,780.17,2026-04-24T07:23:39.658857+00:00
2026-05-01,San Isidro,1,all,all,383,359,970.01,1384.34,1881.00,2026-05-31T03:56:23.665649+00:00
2026-05-01,San Isidro,1,platform,all,130,115,1274.50,1726.00,2691.50,2026-05-31T03:56:23.665649+00:00
2026-05-01,San Isidro,1,platform,furnished,112,98,1311.50,1748.50,2721.25,2026-05-31T03:56:23.665649+00:00
2026-05-01,San Isidro,1,direct,all,253,250,890.18,1157.32,1646.41,2026-05-31T03:56:23.665649+00:00
2026-05-01,San Isidro,1,direct,furnished,95,93,929.02,1341.50,1690.91,2026-05-31T03:56:23.665649+00:00
2026-05-01,San Isidro,1,direct,unfurnished,155,154,871.57,1068.81,1572.16,2026-05-31T03:56:23.665649+00:00
2026-05-01,San Isidro,2,all,all,196,185,1260.20,1831.77,2564.53,2026-05-31T03:56:23.665649+00:00
2026-05-01,San Isidro,2,platform,all,35,32,1950.50,2512.00,4479.50,2026-05-31T03:56:23.665649+00:00
2026-05-01,San Isidro,2,platform,furnished,28,25,1970.25,2519.50,4438.75,2026-05-31T03:56:23.665649+00:00
2026-05-01,San Isidro,2,direct,all,161,158,1209.69,1726.70,2458.76,2026-05-31T03:56:23.665649+00:00
2026-05-01,San Isidro,2,direct,furnished,66,65,1304.65,1892.14,2717.33,2026-05-31T03:56:23.665649+00:00
2026-05-01,San Isidro,2,direct,unfurnished,95,94,1097.74,1582.18,2226.62,2026-05-31T03:56:23.665649+00:00
2026-05-01,San Isidro,3,all,all,145,134,2889.83,3851.47,5053.99,2026-05-31T03:56:23.665649+00:00
2026-05-01,San Isidro,3,platform,all,27,25,3873.00,5923.00,6953.00,2026-05-31T03:56:23.665649+00:00
2026-05-01,San Isidro,3,platform,furnished,25,23,3844.00,5837.00,6970.00,2026-05-31T03:56:23.665649+00:00
2026-05-01,San Isidro,3,direct,all,118,110,2812.65,3752.87,4183.39,2026-05-31T03:56:23.665649+00:00
2026-05-01,San Isidro,3,direct,furnished,51,50,2655.28,3902.58,5081.96,2026-05-31T03:56:23.665649+00:00
2026-05-01,San Isidro,3,direct,unfurnished,65,62,2889.83,3734.57,3972.14,2026-05-31T03:56:23.665649+00:00
2026-05-01,San Isidro,4,all,all,74,64,4699.65,6473.32,11700.87,2026-05-31T03:56:23.665649+00:00
2026-05-01,San Isidro,4,platform,all,22,21,4591.25,6205.00,11928.50,2026-05-31T03:56:23.665649+00:00
2026-05-01,San Isidro,4,platform,furnished,20,19,4590.00,5763.00,11229.50,2026-05-31T03:56:23.665649+00:00
2026-05-01,San Isidro,4,direct,all,52,43,5038.59,6517.49,11454.18,2026-05-31T03:56:23.665649+00:00
2026-05-01,San Isidro,4,direct,furnished,37,31,5075.32,6525.33,10574.28,2026-05-31T03:56:23.665649+00:00
2026-05-01,San Miguel,0,all,all,123,119,446.88,496.66,595.22,2026-05-31T03:56:23.665649+00:00
2026-05-01,San Miguel,0,direct,all,123,119,446.88,496.66,595.22,2026-05-31T03:56:23.665649+00:00
2026-05-01,San Miguel,0,direct,furnished,31,29,463.17,542.95,630.94,2026-05-31T03:56:23.665649+00:00
2026-05-01,San Miguel,0,direct,unfurnished,92,87,446.23,482.52,553.72,2026-05-31T03:56:23.665649+00:00
2026-05-01,San Miguel,1,all,all,480,452,560.85,642.13,724.91,2026-05-31T03:56:23.665649+00:00
2026-05-01,San Miguel,1,direct,all,480,452,560.85,642.13,724.91,2026-05-31T03:56:23.665649+00:00
2026-05-01,San Miguel,1,direct,furnished,77,73,594.00,661.31,776.31,2026-05-31T03:56:23.665649+00:00
2026-05-01,San Miguel,1,direct,unfurnished,399,377,547.90,639.32,717.55,2026-05-31T03:56:23.665649+00:00
2026-05-01,San Miguel,2,all,all,258,249,758.79,901.42,1161.78,2026-05-31T03:56:23.665649+00:00
2026-05-01,San Miguel,2,direct,all,258,249,758.79,901.42,1161.78,2026-05-31T03:56:23.665649+00:00
2026-05-01,San Miguel,2,direct,furnished,53,51,822.14,934.49,1211.77,2026-05-31T03:56:23.665649+00:00
2026-05-01,San Miguel,2,direct,unfurnished,201,195,713.03,873.05,1141.87,2026-05-31T03:56:23.665649+00:00
2026-05-01,San Miguel,3,all,all,67,59,895.98,1058.37,1386.08,2026-05-31T03:56:23.665649+00:00
2026-05-01,San Miguel,3,direct,all,67,59,895.98,1058.37,1386.08,2026-05-31T03:56:23.665649+00:00
2026-05-01,San Miguel,3,direct,unfurnished,52,45,870.32,1058.37,1375.74,2026-05-31T03:56:23.665649+00:00
2026-05-01,San Nicolás,0,all,all,625,593,715.00,976.00,1286.82,2026-05-31T03:56:23.665649+00:00
2026-05-01,San Nicolás,0,platform,all,262,242,939.50,1117.50,1482.75,2026-05-31T03:56:23.665649+00:00
2026-05-01,San Nicolás,0,platform,furnished,229,210,955.00,1124.00,1502.00,2026-05-31T03:56:23.665649+00:00
2026-05-01,San Nicolás,0,direct,all,363,352,646.65,812.59,1176.00,2026-05-31T03:56:23.665649+00:00
2026-05-01,San Nicolás,0,direct,furnished,275,268,697.47,866.67,1243.14,2026-05-31T03:56:23.665649+00:00
2026-05-01,San Nicolás,0,direct,unfurnished,85,76,531.88,641.04,829.13,2026-05-31T03:56:23.665649+00:00
2026-05-01,San Nicolás,1,all,all,1949,1835,850.00,1110.00,1503.00,2026-05-31T03:56:23.665649+00:00
2026-05-01,San Nicolás,1,platform,all,1363,1280,965.00,1220.00,1606.96,2026-05-31T03:56:23.665649+00:00
2026-05-01,San Nicolás,1,platform,furnished,1207,1133,958.00,1215.00,1614.50,2026-05-31T03:56:23.665649+00:00
2026-05-01,San Nicolás,1,direct,all,586,547,696.48,856.22,1121.65,2026-05-31T03:56:23.665649+00:00
2026-05-01,San Nicolás,1,direct,furnished,373,352,776.99,947.22,1282.08,2026-05-31T03:56:23.665649+00:00
2026-05-01,San Nicolás,1,direct,unfurnished,209,196,612.12,743.77,906.98,2026-05-31T03:56:23.665649+00:00
2026-05-01,San Nicolás,2,all,all,554,538,1214.67,1699.72,2271.00,2026-05-31T03:56:23.665649+00:00
2026-05-01,San Nicolás,2,platform,all,340,326,1550.00,1972.00,2530.75,2026-05-31T03:56:23.665649+00:00
2026-05-01,San Nicolás,2,platform,furnished,309,295,1551.00,1963.00,2529.00,2026-05-31T03:56:23.665649+00:00
2026-05-01,San Nicolás,2,direct,all,214,200,1001.64,1211.83,1627.42,2026-05-31T03:56:23.665649+00:00
2026-05-01,San Nicolás,2,direct,furnished,151,139,1086.60,1315.13,1754.69,2026-05-31T03:56:23.665649+00:00
2026-05-01,San Nicolás,2,direct,unfurnished,62,57,867.41,1051.70,1239.41,2026-05-31T03:56:23.665649+00:00
2026-05-01,San Nicolás,3,all,all,162,157,1511.20,2199.99,3057.25,2026-05-31T03:56:23.665649+00:00
2026-05-01,San Nicolás,3,platform,all,80,78,2307.25,2850.50,3476.50,2026-05-31T03:56:23.665649+00:00
2026-05-01,San Nicolás,3,platform,furnished,71,69,2337.00,2874.00,3507.00,2026-05-31T03:56:23.665649+00:00
2026-05-01,San Nicolás,3,direct,all,82,75,1262.26,1577.95,2154.28,2026-05-31T03:56:23.665649+00:00
2026-05-01,San Nicolás,3,direct,furnished,48,45,1388.99,1940.24,2868.99,2026-05-31T03:56:23.665649+00:00
2026-05-01,San Nicolás,3,direct,unfurnished,34,33,1072.62,1362.93,1875.46,2026-05-31T03:56:23.665649+00:00
2026-05-01,San Nicolás,4,all,all,92,80,2711.50,5126.82,8761.50,2026-05-31T03:56:23.665649+00:00
2026-05-01,San Nicolás,4,platform,all,51,50,3272.50,5955.00,8144.00,2026-05-31T03:56:23.665649+00:00
2026-05-01,San Nicolás,4,platform,furnished,50,49,3340.50,5961.50,8181.00,2026-05-31T03:56:23.665649+00:00
2026-05-01,San Nicolás,4,direct,all,41,35,2230.35,3333.33,22596.57,2026-05-31T03:56:23.665649+00:00
2026-05-01,San Nicolás,4,direct,furnished,24,24,3054.01,9167.73,51588.43,2026-05-31T03:56:23.665649+00:00
2026-05-01,San Nicolás,4,direct,unfurnished,21,15,2111.55,2446.38,2722.19,2026-05-14T05:05:15.022560+00:00
2026-05-01,San Telmo,0,all,all,234,222,824.30,1044.00,1479.57,2026-05-31T03:56:23.665649+00:00
2026-05-01,San Telmo,0,platform,all,73,69,909.00,1155.00,1667.00,2026-05-31T03:56:23.665649+00:00
2026-05-01,San Telmo,0,platform,furnished,66,63,929.00,1263.50,1725.50,2026-05-31T03:56:23.665649+00:00
2026-05-01,San Telmo,0,direct,all,161,155,772.08,996.00,1400.00,2026-05-31T03:56:23.665649+00:00
2026-05-01,San Telmo,0,direct,furnished,125,120,832.00,1045.30,1488.32,2026-05-31T03:56:23.665649+00:00
2026-05-01,San Telmo,0,direct,unfurnished,31,30,599.65,697.99,1043.80,2026-05-31T03:56:23.665649+00:00
2026-05-01,San Telmo,1,all,all,849,813,883.00,1248.00,1707.82,2026-05-31T03:56:23.665649+00:00
2026-05-01,San Telmo,1,platform,all,541,517,900.00,1241.00,1785.00,2026-05-31T03:56:23.665649+00:00
2026-05-01,San Telmo,1,platform,furnished,472,451,899.00,1237.00,1771.75,2026-05-31T03:56:23.665649+00:00
2026-05-01,San Telmo,1,direct,all,308,302,829.96,1254.66,1603.90,2026-05-31T03:56:23.665649+00:00
2026-05-01,San Telmo,1,direct,furnished,228,225,957.61,1347.18,1703.92,2026-05-31T03:56:23.665649+00:00
2026-05-01,San Telmo,1,direct,unfurnished,79,76,689.53,968.70,1356.01,2026-05-31T03:56:23.665649+00:00
2026-05-01,San Telmo,2,all,all,210,202,1168.17,1582.50,2365.10,2026-05-31T03:56:23.665649+00:00
2026-05-01,San Telmo,2,platform,all,116,110,1326.50,1675.50,2474.00,2026-05-31T03:56:23.665649+00:00
2026-05-01,San Telmo,2,platform,furnished,105,102,1285.00,1618.00,2498.00,2026-05-31T03:56:23.665649+00:00
2026-05-01,San Telmo,2,direct,all,94,92,965.56,1338.40,2160.53,2026-05-31T03:56:23.665649+00:00
2026-05-01,San Telmo,2,direct,furnished,51,50,1164.31,1564.38,2355.66,2026-05-31T03:56:23.665649+00:00
2026-05-01,San Telmo,2,direct,unfurnished,42,39,941.76,1162.39,1861.75,2026-05-31T03:56:23.665649+00:00
2026-05-01,San Telmo,3,all,all,31,30,1724.00,2833.24,4101.50,2026-05-31T03:56:23.665649+00:00
2026-05-01,San Telmo,3,platform,all,24,24,1617.00,2771.00,4229.50,2026-05-31T03:56:23.665649+00:00
2026-05-01,San Telmo,3,platform,furnished,21,21,1584.00,2157.00,4198.00,2026-05-31T03:56:23.665649+00:00
2026-05-01,San Telmo,3,direct,all,21,19,1518.39,1950.18,3084.95,2026-05-11T03:21:15.786851+00:00
2026-05-01,Śródmieście,0,all,all,164,154,904.43,1013.51,1124.36,2026-05-31T03:56:23.665649+00:00
2026-05-01,Śródmieście,0,direct,all,164,154,904.43,1013.51,1124.36,2026-05-31T03:56:23.665649+00:00
2026-05-01,Śródmieście,0,direct,furnished,164,154,904.43,1013.51,1124.36,2026-05-31T03:56:23.665649+00:00
2026-05-01,Śródmieście,1,all,all,501,418,1204.90,1506.22,2143.42,2026-05-31T03:56:23.665649+00:00
2026-05-01,Śródmieście,1,direct,all,501,418,1204.90,1506.22,2143.42,2026-05-31T03:56:23.665649+00:00
2026-05-01,Śródmieście,1,direct,furnished,487,405,1216.45,1516.94,2178.69,2026-05-31T03:56:23.665649+00:00
2026-05-01,Śródmieście,2,all,all,361,356,1997.52,2854.54,4907.16,2026-05-31T03:56:23.665649+00:00
2026-05-01,Śródmieście,2,direct,all,361,356,1997.52,2854.54,4907.16,2026-05-31T03:56:23.665649+00:00
2026-05-01,Śródmieście,2,direct,furnished,332,328,1996.04,2919.25,5083.62,2026-05-31T03:56:23.665649+00:00
2026-05-01,Śródmieście,2,direct,unfurnished,26,25,2239.58,2700.69,3049.34,2026-05-31T03:56:23.665649+00:00
2026-05-01,Śródmieście,3,all,all,80,80,3234.51,6243.69,9718.65,2026-05-31T03:56:23.665649+00:00
2026-05-01,Śródmieście,3,direct,all,80,80,3234.51,6243.69,9718.65,2026-05-31T03:56:23.665649+00:00
2026-05-01,Śródmieście,3,direct,furnished,72,72,3242.99,6407.55,9732.50,2026-05-31T03:56:23.665649+00:00
2026-05-01,Śródmieście,4,all,all,34,34,4649.19,6566.84,7542.93,2026-05-31T03:56:23.665649+00:00
2026-05-01,Śródmieście,4,direct,all,34,34,4649.19,6566.84,7542.93,2026-05-31T03:56:23.665649+00:00
2026-05-01,Śródmieście,4,direct,furnished,29,29,4653.29,6566.84,7646.59,2026-05-31T03:56:23.665649+00:00
2026-05-01,Targówek,0,all,all,36,36,783.97,855.62,929.61,2026-05-31T03:56:23.665649+00:00
2026-05-01,Targówek,0,direct,all,36,36,783.97,855.62,929.61,2026-05-31T03:56:23.665649+00:00
2026-05-01,Targówek,0,direct,furnished,36,36,783.97,855.62,929.61,2026-05-31T03:56:23.665649+00:00
2026-05-01,Targówek,1,all,all,75,72,1029.66,1123.75,1218.82,2026-05-31T03:56:23.665649+00:00
2026-05-01,Targówek,1,direct,all,75,72,1029.66,1123.75,1218.82,2026-05-31T03:56:23.665649+00:00
2026-05-01,Targówek,1,direct,furnished,74,71,1029.08,1119.16,1217.61,2026-05-31T03:56:23.665649+00:00
2026-05-01,Targówek,2,all,all,39,39,1225.87,1358.57,1472.28,2026-05-31T03:56:23.665649+00:00
2026-05-01,Targówek,2,direct,all,39,39,1225.87,1358.57,1472.28,2026-05-31T03:56:23.665649+00:00
2026-05-01,Targówek,2,direct,furnished,38,38,1224.36,1361.93,1472.28,2026-05-31T03:56:23.665649+00:00
2026-05-01,Tigre,0,all,all,266,249,816.13,1115.80,1608.45,2026-05-31T03:56:23.665649+00:00
2026-05-01,Tigre,0,direct,all,251,228,809.24,1102.81,1506.19,2026-05-31T03:56:23.665649+00:00
2026-05-01,Tigre,0,direct,furnished,163,151,915.66,1217.45,1833.55,2026-05-31T03:56:23.665649+00:00
2026-05-01,Tigre,0,direct,unfurnished,84,77,668.18,828.07,1122.31,2026-05-31T03:56:23.665649+00:00
2026-05-01,Tigre,1,all,all,1950,1850,997.28,1304.07,1754.41,2026-05-31T03:56:23.665649+00:00
2026-05-01,Tigre,1,platform,all,138,136,1293.75,1726.50,2420.00,2026-05-31T03:56:23.665649+00:00
2026-05-01,Tigre,1,platform,furnished,119,117,1342.00,1756.00,2461.50,2026-05-31T03:56:23.665649+00:00
2026-05-01,Tigre,1,direct,all,1812,1720,979.89,1280.72,1717.32,2026-05-31T03:56:23.665649+00:00
2026-05-01,Tigre,1,direct,furnished,980,918,1177.93,1519.80,1912.79,2026-05-31T03:56:23.665649+00:00
2026-05-01,Tigre,1,direct,unfurnished,815,774,850.54,1077.59,1378.32,2026-05-31T03:56:23.665649+00:00
2026-05-01,Tigre,2,all,all,808,746,1423.75,1887.76,2560.34,2026-05-31T03:56:23.665649+00:00
2026-05-01,Tigre,2,platform,all,46,44,1751.75,2294.50,3075.75,2026-05-31T03:56:23.665649+00:00
2026-05-01,Tigre,2,platform,furnished,43,41,1733.50,2253.00,3079.50,2026-05-31T03:56:23.665649+00:00
2026-05-01,Tigre,2,direct,all,762,696,1414.39,1869.64,2515.50,2026-05-31T03:56:23.665649+00:00
2026-05-01,Tigre,2,direct,furnished,363,337,1594.84,2034.11,3029.50,2026-05-31T03:56:23.665649+00:00
2026-05-01,Tigre,2,direct,unfurnished,396,369,1303.29,1756.43,2327.54,2026-05-31T03:56:23.665649+00:00
2026-05-01,Tigre,3,all,all,662,623,3044.29,4505.27,6490.95,2026-05-31T03:56:23.665649+00:00
2026-05-01,Tigre,3,direct,all,651,613,3056.06,4536.57,6494.61,2026-05-31T03:56:23.665649+00:00
2026-05-01,Tigre,3,direct,furnished,358,328,3634.66,4964.11,7394.26,2026-05-31T03:56:23.665649+00:00
2026-05-01,Tigre,3,direct,unfurnished,290,288,2545.79,3987.07,5634.73,2026-05-31T03:56:23.665649+00:00
2026-05-01,Tigre,4,all,all,725,705,5454.94,7554.44,11604.25,2026-05-31T03:56:23.665649+00:00
2026-05-01,Tigre,4,direct,all,719,699,5454.94,7568.37,11653.80,2026-05-31T03:56:23.665649+00:00
2026-05-01,Tigre,4,direct,furnished,465,434,5440.31,7365.00,10328.79,2026-05-31T03:56:23.665649+00:00
2026-05-01,Tigre,4,direct,unfurnished,253,250,5495.00,8376.76,14392.05,2026-05-31T03:56:23.665649+00:00
2026-05-01,Tres de Febrero,0,all,all,264,246,425.54,486.51,565.43,2026-05-31T03:56:23.665649+00:00
2026-05-01,Tres de Febrero,0,direct,all,261,246,425.29,486.31,561.74,2026-05-31T03:56:23.665649+00:00
2026-05-01,Tres de Febrero,0,direct,furnished,52,51,442.89,508.72,664.26,2026-05-31T03:56:23.665649+00:00
2026-05-01,Tres de Febrero,0,direct,unfurnished,203,188,421.36,480.71,543.13,2026-05-31T03:56:23.665649+00:00
2026-05-01,Tres de Febrero,1,all,all,1244,1165,533.22,611.69,715.47,2026-05-31T03:56:23.665649+00:00
2026-05-01,Tres de Febrero,1,platform,all,45,37,779.00,967.00,1114.00,2026-05-31T03:56:23.665649+00:00
2026-05-01,Tres de Febrero,1,platform,furnished,38,33,796.25,968.00,1205.50,2026-05-31T03:56:23.665649+00:00
2026-05-01,Tres de Febrero,1,direct,all,1199,1138,530.56,608.65,704.15,2026-05-31T03:56:23.665649+00:00
2026-05-01,Tres de Febrero,1,direct,furnished,210,194,554.70,633.56,750.93,2026-05-31T03:56:23.665649+00:00
2026-05-01,Tres de Febrero,1,direct,unfurnished,953,907,525.54,602.57,694.46,2026-05-31T03:56:23.665649+00:00
2026-05-01,Tres de Febrero,2,all,all,302,288,710.52,841.84,1042.66,2026-05-31T03:56:23.665649+00:00
2026-05-01,Tres de Febrero,2,direct,all,295,283,705.44,836.91,1032.73,2026-05-31T03:56:23.665649+00:00
2026-05-01,Tres de Febrero,2,direct,furnished,58,54,759.21,904.43,1035.40,2026-05-31T03:56:23.665649+00:00
2026-05-01,Tres de Febrero,2,direct,unfurnished,230,222,702.65,825.71,1028.50,2026-05-31T03:56:23.665649+00:00
2026-05-01,Tres de Febrero,3,all,all,47,46,903.02,1163.66,1496.06,2026-05-31T03:56:23.665649+00:00
2026-05-01,Tres de Febrero,3,direct,all,47,46,903.02,1163.66,1496.06,2026-05-31T03:56:23.665649+00:00
2026-05-01,Tres de Febrero,3,direct,furnished,20,20,906.44,1500.67,1789.50,2026-05-27T03:31:55.921583+00:00
2026-05-01,Tres de Febrero,3,direct,unfurnished,33,31,905.53,1113.65,1325.61,2026-05-31T03:56:23.665649+00:00
2026-05-01,Tres de Febrero,4,all,all,20,18,1515.04,2061.80,2401.82,2026-05-27T03:31:55.921583+00:00
2026-05-01,Tres de Febrero,4,direct,all,20,18,1515.04,2061.80,2401.82,2026-05-27T03:31:55.921583+00:00
2026-05-01,Ursus,0,all,all,34,34,836.41,887.27,1007.09,2026-05-31T03:56:23.665649+00:00
2026-05-01,Ursus,0,direct,all,34,34,836.41,887.27,1007.09,2026-05-31T03:56:23.665649+00:00
2026-05-01,Ursus,0,direct,furnished,34,34,836.41,887.27,1007.09,2026-05-31T03:56:23.665649+00:00
2026-05-01,Ursus,1,all,all,134,134,1043.95,1097.85,1221.06,2026-05-31T03:56:23.665649+00:00
2026-05-01,Ursus,1,direct,all,134,134,1043.95,1097.85,1221.06,2026-05-31T03:56:23.665649+00:00
2026-05-01,Ursus,1,direct,furnished,133,133,1044.77,1100.21,1222.05,2026-05-31T03:56:23.665649+00:00
2026-05-01,Ursus,2,all,all,29,29,1249.76,1334.37,1536.20,2026-05-31T03:56:23.665649+00:00
2026-05-01,Ursus,2,direct,all,29,29,1249.76,1334.37,1536.20,2026-05-31T03:56:23.665649+00:00
2026-05-01,Ursus,2,direct,furnished,29,29,1249.76,1334.37,1536.20,2026-05-31T03:56:23.665649+00:00
2026-05-01,Ursynów,0,all,all,36,36,886.37,997.39,1061.53,2026-05-31T03:56:23.665649+00:00
2026-05-01,Ursynów,0,direct,all,36,36,886.37,997.39,1061.53,2026-05-31T03:56:23.665649+00:00
2026-05-01,Ursynów,0,direct,furnished,36,36,886.37,997.39,1061.53,2026-05-31T03:56:23.665649+00:00
2026-05-01,Ursynów,1,all,all,165,161,1099.85,1214.56,1320.64,2026-05-31T03:56:23.665649+00:00
2026-05-01,Ursynów,1,direct,all,165,161,1099.85,1214.56,1320.64,2026-05-31T03:56:23.665649+00:00
2026-05-01,Ursynów,1,direct,furnished,164,160,1097.88,1214.88,1320.64,2026-05-31T03:56:23.665649+00:00
2026-05-01,Ursynów,2,all,all,97,95,1355.86,1447.92,1704.09,2026-05-31T03:56:23.665649+00:00
2026-05-01,Ursynów,2,direct,all,97,95,1355.86,1447.92,1704.09,2026-05-31T03:56:23.665649+00:00
2026-05-01,Ursynów,2,direct,furnished,92,90,1358.84,1454.60,1708.28,2026-05-31T03:56:23.665649+00:00
2026-05-01,Ursynów,3,all,all,39,38,1817.24,2276.05,2373.16,2026-05-31T03:56:23.665649+00:00
2026-05-01,Ursynów,3,direct,all,39,38,1817.24,2276.05,2373.16,2026-05-31T03:56:23.665649+00:00
2026-05-01,Ursynów,3,direct,furnished,38,37,1810.49,2179.27,2361.05,2026-05-31T03:56:23.665649+00:00
2026-05-01,Vélez Sarsfield,0,all,all,38,34,506.59,560.73,596.20,2026-05-31T03:56:23.665649+00:00
2026-05-01,Vélez Sarsfield,0,direct,all,38,34,506.59,560.73,596.20,2026-05-31T03:56:23.665649+00:00
2026-05-01,Vélez Sarsfield,0,direct,unfurnished,29,28,504.62,560.10,592.77,2026-05-31T03:56:23.665649+00:00
2026-05-01,Vélez Sarsfield,1,all,all,114,104,578.37,701.13,858.23,2026-05-31T03:56:23.665649+00:00
2026-05-01,Vélez Sarsfield,1,direct,all,102,93,594.94,701.13,856.05,2026-05-31T03:56:23.665649+00:00
2026-05-01,Vélez Sarsfield,1,direct,furnished,25,23,629.29,770.26,946.99,2026-05-31T03:56:23.665649+00:00
2026-05-01,Vélez Sarsfield,1,direct,unfurnished,77,71,588.00,687.07,850.18,2026-05-31T03:56:23.665649+00:00
2026-05-01,Vélez Sarsfield,2,all,all,36,32,826.74,923.63,1373.75,2026-05-31T03:56:23.665649+00:00
2026-05-01,Vélez Sarsfield,2,direct,all,31,26,823.49,912.95,1136.17,2026-05-31T03:56:23.665649+00:00
2026-05-01,Vélez Sarsfield,2,direct,furnished,21,21,780.95,958.16,1708.34,2026-05-04T23:46:55.875225+00:00
2026-05-01,Vélez Sarsfield,2,direct,unfurnished,23,20,823.49,917.77,1136.17,2026-05-31T03:56:23.665649+00:00
2026-05-01,Versalles,1,all,all,28,27,653.24,805.26,1106.00,2026-05-14T05:05:15.022560+00:00
2026-05-01,Versalles,1,direct,all,26,25,643.84,790.22,1011.65,2026-05-14T05:05:15.022560+00:00
2026-05-01,Versalles,2,all,all,22,18,965.95,1206.74,1521.00,2026-05-31T03:56:23.665649+00:00
2026-05-01,Versalles,2,direct,all,22,18,965.95,1206.74,1521.00,2026-05-31T03:56:23.665649+00:00
2026-05-01,Versalles,2,direct,unfurnished,21,18,870.83,1031.74,1287.03,2026-05-27T03:31:55.921583+00:00
2026-05-01,Vicente López,0,all,all,177,158,601.90,831.14,1187.80,2026-05-31T03:56:23.665649+00:00
2026-05-01,Vicente López,0,direct,all,166,146,595.15,789.37,1093.73,2026-05-31T03:56:23.665649+00:00
2026-05-01,Vicente López,0,direct,furnished,55,46,685.49,917.68,1320.69,2026-05-31T03:56:23.665649+00:00
2026-05-01,Vicente López,0,direct,unfurnished,108,97,571.59,673.16,1007.24,2026-05-31T03:56:23.665649+00:00
2026-05-01,Vicente López,1,all,all,830,777,769.76,1045.91,1575.99,2026-05-31T03:56:23.665649+00:00
2026-05-01,Vicente López,1,platform,all,199,192,1179.00,1557.00,2154.50,2026-05-31T03:56:23.665649+00:00
2026-05-01,Vicente López,1,platform,furnished,173,167,1193.00,1557.00,2157.00,2026-05-31T03:56:23.665649+00:00
2026-05-01,Vicente López,1,direct,all,631,582,734.52,918.34,1360.42,2026-05-31T03:56:23.665649+00:00
2026-05-01,Vicente López,1,direct,furnished,182,172,843.57,1292.77,1752.59,2026-05-31T03:56:23.665649+00:00
2026-05-01,Vicente López,1,direct,unfurnished,442,405,695.39,852.23,1179.73,2026-05-31T03:56:23.665649+00:00
2026-05-01,Vicente López,2,all,all,564,530,1143.46,1565.34,2434.44,2026-05-31T03:56:23.665649+00:00
2026-05-01,Vicente López,2,platform,all,51,48,1652.50,2255.00,3019.00,2026-05-31T03:56:23.665649+00:00
2026-05-01,Vicente López,2,platform,furnished,47,42,1652.50,2087.00,2810.00,2026-05-31T03:56:23.665649+00:00
2026-05-01,Vicente López,2,direct,all,513,474,1103.94,1507.89,2290.43,2026-05-31T03:56:23.665649+00:00
2026-05-01,Vicente López,2,direct,furnished,179,177,1434.05,1972.42,3222.83,2026-05-31T03:56:23.665649+00:00
2026-05-01,Vicente López,2,direct,unfurnished,327,295,1031.05,1362.71,1910.13,2026-05-31T03:56:23.665649+00:00
2026-05-01,Vicente López,3,all,all,208,207,1941.84,3938.95,5864.66,2026-05-31T03:56:23.665649+00:00
2026-05-01,Vicente López,3,direct,all,195,195,1937.76,3877.24,5797.05,2026-05-31T03:56:23.665649+00:00
2026-05-01,Vicente López,3,direct,furnished,85,85,2826.00,4340.87,6103.56,2026-05-31T03:56:23.665649+00:00
2026-05-01,Vicente López,3,direct,unfurnished,110,107,1701.27,2653.07,5160.11,2026-05-31T03:56:23.665649+00:00
2026-05-01,Vicente López,4,all,all,150,137,3530.25,5521.56,8580.98,2026-05-31T03:56:23.665649+00:00
2026-05-01,Vicente López,4,direct,all,146,133,3501.69,5427.93,8580.98,2026-05-31T03:56:23.665649+00:00
2026-05-01,Vicente López,4,direct,furnished,68,59,4119.00,6493.59,9574.52,2026-05-31T03:56:23.665649+00:00
2026-05-01,Vicente López,4,direct,unfurnished,76,72,3203.88,4075.93,8405.48,2026-05-31T03:56:23.665649+00:00
2026-05-01,Victoria,0,all,all,29,23,1071.64,1224.02,2743.00,2026-05-31T03:56:23.665649+00:00
2026-05-01,Victoria,0,direct,all,21,17,852.30,1143.75,1350.63,2026-05-31T03:56:23.665649+00:00
2026-05-01,Victoria,1,all,all,154,149,752.09,1045.76,1650.71,2026-05-31T03:56:23.665649+00:00
2026-05-01,Victoria,1,platform,all,29,28,1137.00,1791.00,2087.13,2026-05-31T03:56:23.665649+00:00
2026-05-01,Victoria,1,platform,furnished,25,24,1212.00,1793.00,2129.00,2026-05-31T03:56:23.665649+00:00
2026-05-01,Victoria,1,direct,all,125,115,718.17,958.28,1323.47,2026-05-31T03:56:23.665649+00:00
2026-05-01,Victoria,1,direct,furnished,49,45,956.73,1087.58,1632.78,2026-05-31T03:56:23.665649+00:00
2026-05-01,Victoria,1,direct,unfurnished,76,72,707.21,845.37,1251.94,2026-05-31T03:56:23.665649+00:00
2026-05-01,Victoria,2,all,all,62,57,1212.55,2060.92,2822.49,2026-05-31T03:56:23.665649+00:00
2026-05-01,Victoria,2,direct,all,55,54,1129.38,1986.82,2767.38,2026-05-31T03:56:23.665649+00:00
2026-05-01,Victoria,2,direct,furnished,20,20,1812.66,2275.31,2829.79,2026-05-31T03:56:23.665649+00:00
2026-05-01,Victoria,2,direct,unfurnished,35,34,942.87,1779.00,2412.99,2026-05-31T03:56:23.665649+00:00
2026-05-01,Victoria,3,all,all,42,36,3772.49,5244.78,7209.51,2026-05-31T03:56:23.665649+00:00
2026-05-01,Victoria,3,direct,all,35,30,3738.20,4760.27,5836.43,2026-05-31T03:56:23.665649+00:00
2026-05-01,Victoria,3,direct,furnished,20,16,3457.12,3858.50,4676.88,2026-05-26T03:29:46.663587+00:00
2026-05-01,Victoria,3,direct,unfurnished,20,19,3720.77,5092.28,5772.47,2026-05-31T03:56:23.665649+00:00
2026-05-01,Victoria,4,all,all,32,32,5440.76,7226.35,11543.19,2026-05-31T03:56:23.665649+00:00
2026-05-01,Victoria,4,direct,all,25,25,5354.68,6110.60,10130.83,2026-05-31T03:56:23.665649+00:00
2026-05-01,Villa Adelina,1,all,all,20,20,600.33,723.78,988.34,2026-05-31T03:56:23.665649+00:00
2026-05-01,Villa Adelina,1,direct,all,22,22,599.47,784.55,974.87,2026-05-27T03:31:55.921583+00:00
2026-05-01,Villa Adelina,2,all,all,45,43,936.56,1357.04,1830.95,2026-05-31T03:56:23.665649+00:00
2026-05-01,Villa Adelina,2,direct,all,44,42,915.87,1322.64,1824.56,2026-05-31T03:56:23.665649+00:00
2026-05-01,Villa Adelina,2,direct,unfurnished,37,36,1004.44,1357.04,1728.21,2026-05-31T03:56:23.665649+00:00
2026-05-01,Villa Crespo,0,all,all,361,344,719.86,913.00,1183.00,2026-05-31T03:56:23.665649+00:00
2026-05-01,Villa Crespo,0,platform,all,112,107,921.25,1133.50,1362.50,2026-05-31T03:56:23.665649+00:00
2026-05-01,Villa Crespo,0,platform,furnished,92,89,954.50,1150.00,1457.75,2026-05-31T03:56:23.665649+00:00
2026-05-01,Villa Crespo,0,direct,all,249,232,677.94,835.59,1079.32,2026-05-31T03:56:23.665649+00:00
2026-05-01,Villa Crespo,0,direct,furnished,125,117,740.02,937.63,1200.00,2026-05-31T03:56:23.665649+00:00
2026-05-01,Villa Crespo,0,direct,unfurnished,121,113,629.08,768.02,911.45,2026-05-31T03:56:23.665649+00:00
2026-05-01,Villa Crespo,1,all,all,1232,1145,838.78,1096.27,1475.50,2026-05-31T03:56:23.665649+00:00
2026-05-01,Villa Crespo,1,platform,all,709,651,930.36,1176.00,1556.00,2026-05-31T03:56:23.665649+00:00
2026-05-01,Villa Crespo,1,platform,furnished,631,587,938.00,1199.00,1591.00,2026-05-31T03:56:23.665649+00:00
2026-05-01,Villa Crespo,1,direct,all,523,493,773.94,968.28,1299.68,2026-05-31T03:56:23.665649+00:00
2026-05-01,Villa Crespo,1,direct,furnished,250,231,933.58,1162.25,1596.76,2026-05-31T03:56:23.665649+00:00
2026-05-01,Villa Crespo,1,direct,unfurnished,268,246,722.98,835.77,1036.77,2026-05-31T03:56:23.665649+00:00
2026-05-01,Villa Crespo,2,all,all,270,249,1224.84,1594.47,2189.28,2026-05-31T03:56:23.665649+00:00
2026-05-01,Villa Crespo,2,platform,all,118,113,1500.25,2039.50,2959.00,2026-05-31T03:56:23.665649+00:00
2026-05-01,Villa Crespo,2,platform,furnished,102,96,1467.75,2008.00,2722.75,2026-05-31T03:56:23.665649+00:00
2026-05-01,Villa Crespo,2,direct,all,152,146,1080.75,1389.27,1825.61,2026-05-31T03:56:23.665649+00:00
2026-05-01,Villa Crespo,2,direct,furnished,86,80,1250.99,1480.35,1950.25,2026-05-31T03:56:23.665649+00:00
2026-05-01,Villa Crespo,2,direct,unfurnished,64,63,961.36,1190.72,1567.13,2026-05-31T03:56:23.665649+00:00
2026-05-01,Villa Crespo,3,all,all,63,56,1580.88,1850.24,2712.15,2026-05-31T03:56:23.665649+00:00
2026-05-01,Villa Crespo,3,platform,all,20,20,2285.25,2694.00,4668.00,2026-05-31T03:56:23.665649+00:00
2026-05-01,Villa Crespo,3,direct,all,43,38,1418.24,1731.43,2013.81,2026-05-31T03:56:23.665649+00:00
2026-05-01,Villa Crespo,3,direct,furnished,26,23,1042.47,1401.51,2130.91,2026-05-04T23:46:55.875225+00:00
2026-05-01,Villa Crespo,3,direct,unfurnished,32,29,1312.07,1661.13,1816.81,2026-05-31T03:56:23.665649+00:00
2026-05-01,Villa Crespo,4,all,all,34,31,2466.61,3814.24,5863.06,2026-05-31T03:56:23.665649+00:00
2026-05-01,Villa Crespo,4,direct,all,22,22,1489.49,3021.77,3971.33,2026-05-31T03:56:23.665649+00:00
2026-05-01,Villa del Parque,0,all,all,101,99,585.72,709.83,1001.00,2026-05-31T03:56:23.665649+00:00
2026-05-01,Villa del Parque,0,direct,all,83,73,577.80,662.83,763.64,2026-05-31T03:56:23.665649+00:00
2026-05-01,Villa del Parque,0,direct,furnished,30,26,616.25,691.68,808.74,2026-05-31T03:56:23.665649+00:00
2026-05-01,Villa del Parque,0,direct,unfurnished,52,46,569.91,629.14,731.36,2026-05-31T03:56:23.665649+00:00
2026-05-01,Villa del Parque,1,all,all,184,175,662.95,840.83,1172.37,2026-05-31T03:56:23.665649+00:00
2026-05-01,Villa del Parque,1,platform,all,68,60,760.00,1049.50,1305.40,2026-05-31T03:56:23.665649+00:00
2026-05-01,Villa del Parque,1,platform,furnished,61,54,760.00,1052.00,1290.00,2026-05-31T03:56:23.665649+00:00
2026-05-01,Villa del Parque,1,direct,all,116,108,637.46,786.91,992.31,2026-05-31T03:56:23.665649+00:00
2026-05-01,Villa del Parque,1,direct,furnished,43,41,759.41,838.38,1186.04,2026-05-31T03:56:23.665649+00:00
2026-05-01,Villa del Parque,1,direct,unfurnished,73,70,624.45,716.28,929.14,2026-05-31T03:56:23.665649+00:00
2026-05-01,Villa del Parque,2,all,all,86,77,937.54,1105.15,1324.19,2026-05-31T03:56:23.665649+00:00
2026-05-01,Villa del Parque,2,direct,all,78,73,933.69,1075.73,1236.68,2026-05-31T03:56:23.665649+00:00
2026-05-01,Villa del Parque,2,direct,furnished,23,22,985.16,1123.04,1353.37,2026-05-31T03:56:23.665649+00:00
2026-05-01,Villa del Parque,2,direct,unfurnished,53,51,912.85,1019.42,1184.94,2026-05-31T03:56:23.665649+00:00
2026-05-01,Villa del Parque,3,all,all,20,20,1907.36,2859.41,3325.50,2026-05-31T03:56:23.665649+00:00
2026-05-01,Villa del Parque,3,direct,all,32,31,1728.93,2023.12,3140.25,2026-05-27T03:31:55.921583+00:00
2026-05-01,Villa Devoto,0,all,all,96,88,613.65,740.49,863.43,2026-05-31T03:56:23.665649+00:00
2026-05-01,Villa Devoto,0,direct,all,88,81,609.70,724.97,825.54,2026-05-31T03:56:23.665649+00:00
2026-05-01,Villa Devoto,0,direct,furnished,37,33,667.32,766.93,863.00,2026-05-31T03:56:23.665649+00:00
2026-05-01,Villa Devoto,0,direct,unfurnished,50,47,561.73,671.97,773.37,2026-05-31T03:56:23.665649+00:00
2026-05-01,Villa Devoto,1,all,all,316,293,739.62,957.32,1369.71,2026-05-31T03:56:23.665649+00:00
2026-05-01,Villa Devoto,1,platform,all,75,75,1055.00,1387.00,2927.00,2026-05-31T03:56:23.665649+00:00
2026-05-01,Villa Devoto,1,platform,furnished,66,66,1045.00,1389.50,2973.50,2026-05-31T03:56:23.665649+00:00
2026-05-01,Villa Devoto,1,direct,all,241,231,721.46,882.34,1185.64,2026-05-31T03:56:23.665649+00:00
2026-05-01,Villa Devoto,1,direct,furnished,80,77,728.14,930.64,1272.23,2026-05-31T03:56:23.665649+00:00
2026-05-01,Villa Devoto,1,direct,unfurnished,158,152,723.56,866.83,1149.64,2026-05-31T03:56:23.665649+00:00
2026-05-01,Villa Devoto,2,all,all,152,139,1139.51,1585.18,2123.80,2026-05-31T03:56:23.665649+00:00
2026-05-01,Villa Devoto,2,direct,all,137,125,1127.24,1507.55,1926.65,2026-05-31T03:56:23.665649+00:00
2026-05-01,Villa Devoto,2,direct,furnished,36,33,1141.44,1617.12,2259.79,2026-05-31T03:56:23.665649+00:00
2026-05-01,Villa Devoto,2,direct,unfurnished,97,91,1127.24,1481.20,1882.96,2026-05-31T03:56:23.665649+00:00
2026-05-01,Villa Devoto,3,all,all,59,55,2174.80,2937.33,3960.13,2026-05-31T03:56:23.665649+00:00
2026-05-01,Villa Devoto,3,direct,all,55,51,2201.56,3036.07,3960.13,2026-05-31T03:56:23.665649+00:00
2026-05-01,Villa Devoto,3,direct,furnished,21,18,2937.33,3158.91,3992.47,2026-05-31T03:56:23.665649+00:00
2026-05-01,Villa Devoto,3,direct,unfurnished,33,30,2051.82,2433.58,3952.80,2026-05-31T03:56:23.665649+00:00
2026-05-01,Villa Devoto,4,all,all,32,32,4447.02,4851.88,6683.14,2026-05-31T03:56:23.665649+00:00
2026-05-01,Villa Devoto,4,direct,all,32,32,4447.02,4851.88,6683.14,2026-05-31T03:56:23.665649+00:00
2026-05-01,Villa Devoto,4,direct,furnished,20,19,3703.41,4705.15,5728.21,2026-05-31T03:56:23.665649+00:00
2026-05-01,Villa Devoto,4,direct,unfurnished,24,24,3319.65,4106.55,6081.29,2026-05-04T23:46:55.875225+00:00
2026-05-01,Villa General Mitre,0,all,all,44,44,630.11,759.23,980.21,2026-05-31T03:56:23.665649+00:00
2026-05-01,Villa General Mitre,0,direct,all,38,37,629.01,724.69,828.94,2026-05-31T03:56:23.665649+00:00
2026-05-01,Villa General Mitre,0,direct,furnished,23,23,609.65,667.42,762.03,2026-05-14T05:05:15.022560+00:00
2026-05-01,Villa General Mitre,0,direct,unfurnished,24,23,630.11,739.45,827.71,2026-05-31T03:56:23.665649+00:00
2026-05-01,Villa General Mitre,1,all,all,124,119,679.43,822.86,1087.00,2026-05-31T03:56:23.665649+00:00
2026-05-01,Villa General Mitre,1,platform,all,31,28,916.50,1093.00,1385.50,2026-05-31T03:56:23.665649+00:00
2026-05-01,Villa General Mitre,1,platform,furnished,28,25,945.00,1127.50,1382.25,2026-05-31T03:56:23.665649+00:00
2026-05-01,Villa General Mitre,1,direct,all,93,88,640.13,773.32,936.33,2026-05-31T03:56:23.665649+00:00
2026-05-01,Villa General Mitre,1,direct,furnished,34,34,661.65,881.53,1220.85,2026-05-31T03:56:23.665649+00:00
2026-05-01,Villa General Mitre,1,direct,unfurnished,58,55,639.33,734.55,854.31,2026-05-31T03:56:23.665649+00:00
2026-05-01,Villa General Mitre,2,all,all,47,42,799.73,979.22,1132.42,2026-05-31T03:56:23.665649+00:00
2026-05-01,Villa General Mitre,2,direct,all,43,40,790.22,963.93,1113.13,2026-05-31T03:56:23.665649+00:00
2026-05-01,Villa General Mitre,2,direct,unfurnished,36,34,782.11,944.11,1110.63,2026-05-31T03:56:23.665649+00:00
2026-05-01,Villa Lugano,1,all,all,54,52,569.63,675.77,907.77,2026-05-31T03:56:23.665649+00:00
2026-05-01,Villa Lugano,1,direct,all,51,48,571.23,660.99,904.46,2026-05-31T03:56:23.665649+00:00
2026-05-01,Villa Lugano,1,direct,unfurnished,39,38,557.36,712.19,914.36,2026-05-31T03:56:23.665649+00:00
2026-05-01,Villa Lugano,2,all,all,70,62,590.80,720.09,907.27,2026-05-31T03:56:23.665649+00:00
2026-05-01,Villa Lugano,2,direct,all,68,61,590.57,720.09,900.26,2026-05-31T03:56:23.665649+00:00
2026-05-01,Villa Lugano,2,direct,furnished,21,18,646.65,763.12,910.77,2026-05-31T03:56:23.665649+00:00
2026-05-01,Villa Lugano,2,direct,unfurnished,45,41,580.01,699.30,841.38,2026-05-31T03:56:23.665649+00:00
2026-05-01,Villa Lugano,3,all,all,20,18,756.52,919.39,1532.04,2026-05-27T03:31:55.921583+00:00
2026-05-01,Villa Lugano,3,direct,all,21,17,759.51,895.09,1148.82,2026-05-26T03:29:46.663587+00:00
2026-05-01,Villa Luro,0,all,all,42,41,548.34,685.22,826.42,2026-05-31T03:56:23.665649+00:00
2026-05-01,Villa Luro,0,direct,all,39,38,572.93,688.18,811.14,2026-05-31T03:56:23.665649+00:00
2026-05-01,Villa Luro,0,direct,unfurnished,24,23,536.26,674.00,753.72,2026-05-31T03:56:23.665649+00:00
2026-05-01,Villa Luro,1,all,all,143,132,678.31,814.15,1051.80,2026-05-31T03:56:23.665649+00:00
2026-05-01,Villa Luro,1,platform,all,22,22,876.00,1014.00,1586.50,2026-05-31T03:56:23.665649+00:00
2026-05-01,Villa Luro,1,platform,furnished,20,20,918.00,1116.00,1608.00,2026-05-11T03:21:15.786851+00:00
2026-05-01,Villa Luro,1,direct,all,121,113,666.88,797.21,985.85,2026-05-31T03:56:23.665649+00:00
2026-05-01,Villa Luro,1,direct,furnished,27,27,671.16,843.08,1088.02,2026-05-31T03:56:23.665649+00:00
2026-05-01,Villa Luro,1,direct,unfurnished,92,85,671.18,787.16,979.04,2026-05-31T03:56:23.665649+00:00
2026-05-01,Villa Luro,2,all,all,57,53,869.77,975.31,1205.90,2026-05-31T03:56:23.665649+00:00
2026-05-01,Villa Luro,2,direct,all,54,50,869.77,973.62,1174.76,2026-05-31T03:56:23.665649+00:00
2026-05-01,Villa Luro,2,direct,unfurnished,41,38,866.96,963.91,1053.54,2026-05-31T03:56:23.665649+00:00
2026-05-01,Villa Luro,3,all,all,21,19,1198.85,1571.67,2169.86,2026-05-27T03:31:55.921583+00:00
2026-05-01,Villa Luro,3,direct,all,20,18,1187.03,1574.58,2214.00,2026-05-27T03:31:55.921583+00:00
2026-05-01,Villa Luro,3,direct,unfurnished,20,18,1104.44,1560.12,1972.80,2026-05-11T03:21:15.786851+00:00
2026-05-01,Villa Martelli,0,all,all,36,33,697.05,790.37,869.08,2026-05-31T03:56:23.665649+00:00
2026-05-01,Villa Martelli,0,direct,all,36,33,697.05,790.37,869.08,2026-05-31T03:56:23.665649+00:00
2026-05-01,Villa Martelli,0,direct,unfurnished,31,28,707.70,803.11,870.80,2026-05-31T03:56:23.665649+00:00
2026-05-01,Villa Martelli,1,all,all,47,44,734.64,866.13,1105.89,2026-05-31T03:56:23.665649+00:00
2026-05-01,Villa Martelli,1,direct,all,45,43,744.90,866.13,1096.43,2026-05-31T03:56:23.665649+00:00
2026-05-01,Villa Martelli,1,direct,unfurnished,38,36,745.16,874.76,1110.61,2026-05-31T03:56:23.665649+00:00
2026-05-01,Villa Martelli,2,all,all,25,25,933.99,1017.42,1346.97,2026-05-04T23:46:55.875225+00:00
2026-05-01,Villa Martelli,2,direct,all,25,25,933.99,1017.42,1346.97,2026-05-04T23:46:55.875225+00:00
2026-05-01,Villa Martelli,2,direct,unfurnished,20,17,927.71,1011.74,1130.80,2026-05-04T23:46:55.875225+00:00
2026-05-01,Villa Ortúzar,0,all,all,54,49,689.34,827.05,986.17,2026-05-31T03:56:23.665649+00:00
2026-05-01,Villa Ortúzar,0,direct,all,50,44,689.34,818.04,951.52,2026-05-31T03:56:23.665649+00:00
2026-05-01,Villa Ortúzar,0,direct,furnished,27,25,682.30,836.03,1047.35,2026-05-31T03:56:23.665649+00:00
2026-05-01,Villa Ortúzar,0,direct,unfurnished,22,21,689.48,766.88,890.74,2026-05-31T03:56:23.665649+00:00
2026-05-01,Villa Ortúzar,1,all,all,165,154,774.00,1020.50,1467.28,2026-05-31T03:56:23.665649+00:00
2026-05-01,Villa Ortúzar,1,platform,all,80,73,781.50,1024.50,1349.50,2026-05-31T03:56:23.665649+00:00
2026-05-01,Villa Ortúzar,1,platform,furnished,72,66,781.50,1008.00,1349.50,2026-05-31T03:56:23.665649+00:00
2026-05-01,Villa Ortúzar,1,direct,all,85,82,768.54,1020.50,1536.74,2026-05-31T03:56:23.665649+00:00
2026-05-01,Villa Ortúzar,1,direct,furnished,47,47,903.43,1400.00,1867.54,2026-05-31T03:56:23.665649+00:00
2026-05-01,Villa Ortúzar,1,direct,unfurnished,38,38,665.31,870.61,1183.64,2026-05-31T03:56:23.665649+00:00
2026-05-01,Villa Ortúzar,2,all,all,54,47,1240.34,1639.41,2241.21,2026-05-31T03:56:23.665649+00:00
2026-05-01,Villa Ortúzar,2,direct,all,48,41,1212.85,1639.41,2314.80,2026-05-31T03:56:23.665649+00:00
2026-05-01,Villa Ortúzar,2,direct,furnished,21,21,1385.72,3361.64,4399.00,2026-05-30T04:32:12.020338+00:00
2026-05-01,Villa Ortúzar,2,direct,unfurnished,29,29,1153.00,1452.60,1897.21,2026-05-31T03:56:23.665649+00:00
2026-05-01,Villa Pueyrredón,0,all,all,78,69,629.85,687.59,754.81,2026-05-31T03:56:23.665649+00:00
2026-05-01,Villa Pueyrredón,0,direct,all,75,68,627.90,682.12,748.80,2026-05-31T03:56:23.665649+00:00
2026-05-01,Villa Pueyrredón,0,direct,furnished,28,24,673.13,712.57,766.56,2026-05-31T03:56:23.665649+00:00
2026-05-01,Villa Pueyrredón,0,direct,unfurnished,47,42,602.99,644.01,722.00,2026-05-31T03:56:23.665649+00:00
2026-05-01,Villa Pueyrredón,1,all,all,132,123,694.14,826.31,1059.46,2026-05-31T03:56:23.665649+00:00
2026-05-01,Villa Pueyrredón,1,platform,all,20,20,933.54,1152.55,1644.28,2026-05-31T03:56:23.665649+00:00
2026-05-01,Villa Pueyrredón,1,platform,furnished,20,20,943.54,1152.55,1647.53,2026-05-04T23:46:55.875225+00:00
2026-05-01,Villa Pueyrredón,1,direct,all,112,107,690.34,817.00,1024.44,2026-05-31T03:56:23.665649+00:00
2026-05-01,Villa Pueyrredón,1,direct,furnished,36,35,740.69,841.13,1068.20,2026-05-31T03:56:23.665649+00:00
2026-05-01,Villa Pueyrredón,1,direct,unfurnished,74,68,688.58,791.38,920.94,2026-05-31T03:56:23.665649+00:00
2026-05-01,Villa Pueyrredón,2,all,all,50,47,994.92,1225.16,1628.83,2026-05-31T03:56:23.665649+00:00
2026-05-01,Villa Pueyrredón,2,direct,all,45,43,958.94,1229.32,1658.67,2026-05-31T03:56:23.665649+00:00
2026-05-01,Villa Pueyrredón,2,direct,unfurnished,33,31,955.18,1159.22,1464.80,2026-05-31T03:56:23.665649+00:00
2026-05-01,Villa Pueyrredón,3,all,all,22,21,1253.83,2144.92,2861.38,2026-05-14T05:05:15.022560+00:00
2026-05-01,Villa Pueyrredón,3,direct,all,21,20,1238.89,2177.96,2886.50,2026-05-14T05:05:15.022560+00:00
2026-05-01,Villa Pueyrredón,3,direct,unfurnished,20,18,1189.24,2064.93,2384.88,2026-05-11T03:21:15.786851+00:00
2026-05-01,Villa Real,1,all,all,25,25,658.56,772.07,911.84,2026-05-27T03:31:55.921583+00:00
2026-05-01,Villa Real,1,direct,all,22,22,666.99,793.84,911.48,2026-05-27T03:31:55.921583+00:00
2026-05-01,Villa Riachuelo,1,all,all,23,22,628.42,790.38,912.80,2026-05-04T23:46:55.875225+00:00
2026-05-01,Villa Riachuelo,1,direct,all,22,22,620.14,785.10,898.83,2026-05-04T23:46:55.875225+00:00
2026-05-01,Villa Riachuelo,2,all,all,24,22,641.04,786.07,859.24,2026-05-27T03:31:55.921583+00:00
2026-05-01,Villa Riachuelo,2,direct,all,24,22,641.04,786.07,859.24,2026-05-27T03:31:55.921583+00:00
2026-05-01,Villa Santa Rita,0,all,all,55,50,601.84,714.14,860.03,2026-05-31T03:56:23.665649+00:00
2026-05-01,Villa Santa Rita,0,direct,all,55,50,601.84,714.14,860.03,2026-05-31T03:56:23.665649+00:00
2026-05-01,Villa Santa Rita,0,direct,furnished,21,19,623.52,765.81,963.60,2026-05-31T03:56:23.665649+00:00
2026-05-01,Villa Santa Rita,0,direct,unfurnished,34,31,583.65,699.91,810.11,2026-05-31T03:56:23.665649+00:00
2026-05-01,Villa Santa Rita,1,all,all,110,103,729.99,858.68,1013.17,2026-05-31T03:56:23.665649+00:00
2026-05-01,Villa Santa Rita,1,platform,all,21,18,924.00,1105.00,1190.00,2026-05-31T03:56:23.665649+00:00
2026-05-01,Villa Santa Rita,1,direct,all,89,83,703.40,817.07,944.58,2026-05-31T03:56:23.665649+00:00
2026-05-01,Villa Santa Rita,1,direct,furnished,24,23,720.17,875.77,1119.62,2026-05-31T03:56:23.665649+00:00
2026-05-01,Villa Santa Rita,1,direct,unfurnished,65,61,689.96,774.77,925.92,2026-05-31T03:56:23.665649+00:00
2026-05-01,Villa Santa Rita,2,all,all,39,35,886.22,1024.46,1198.94,2026-05-31T03:56:23.665649+00:00
2026-05-01,Villa Santa Rita,2,direct,all,37,34,883.56,1028.81,1215.89,2026-05-31T03:56:23.665649+00:00
2026-05-01,Villa Santa Rita,2,direct,unfurnished,32,29,942.65,1035.01,1253.38,2026-05-31T03:56:23.665649+00:00
2026-05-01,Villa Urquiza,0,all,all,409,391,674.58,779.20,973.33,2026-05-31T03:56:23.665649+00:00
2026-05-01,Villa Urquiza,0,platform,all,34,30,995.25,1109.00,1319.00,2026-05-31T03:56:23.665649+00:00
2026-05-01,Villa Urquiza,0,platform,furnished,31,29,976.00,1081.00,1281.00,2026-05-31T03:56:23.665649+00:00
2026-05-01,Villa Urquiza,0,direct,all,375,350,668.19,765.76,919.75,2026-05-31T03:56:23.665649+00:00
2026-05-01,Villa Urquiza,0,direct,furnished,183,174,698.48,800.00,1000.77,2026-05-31T03:56:23.665649+00:00
2026-05-01,Villa Urquiza,0,direct,unfurnished,186,175,644.34,731.62,855.63,2026-05-31T03:56:23.665649+00:00
2026-05-01,Villa Urquiza,1,all,all,847,803,811.16,1018.66,1350.00,2026-05-31T03:56:23.665649+00:00
2026-05-01,Villa Urquiza,1,platform,all,226,209,1024.75,1321.00,1616.25,2026-05-31T03:56:23.665649+00:00
2026-05-01,Villa Urquiza,1,platform,furnished,203,187,1023.00,1319.00,1610.00,2026-05-31T03:56:23.665649+00:00
2026-05-01,Villa Urquiza,1,direct,all,621,590,772.89,933.33,1214.16,2026-05-31T03:56:23.665649+00:00
2026-05-01,Villa Urquiza,1,direct,furnished,231,219,869.95,1066.24,1462.42,2026-05-31T03:56:23.665649+00:00
2026-05-01,Villa Urquiza,1,direct,unfurnished,385,376,743.58,871.89,1102.26,2026-05-31T03:56:23.665649+00:00
2026-05-01,Villa Urquiza,2,all,all,255,246,1168.20,1422.23,1865.41,2026-05-31T03:56:23.665649+00:00
2026-05-01,Villa Urquiza,2,platform,all,30,30,1544.50,1933.50,2662.50,2026-05-31T03:56:23.665649+00:00
2026-05-01,Villa Urquiza,2,platform,furnished,27,27,1524.00,1927.00,2420.50,2026-05-31T03:56:23.665649+00:00
2026-05-01,Villa Urquiza,2,direct,all,225,219,1149.13,1390.60,1801.89,2026-05-31T03:56:23.665649+00:00
2026-05-01,Villa Urquiza,2,direct,furnished,75,72,1287.56,1581.53,2093.64,2026-05-31T03:56:23.665649+00:00
2026-05-01,Villa Urquiza,2,direct,unfurnished,147,145,1066.02,1318.16,1651.77,2026-05-31T03:56:23.665649+00:00
2026-05-01,Villa Urquiza,3,all,all,71,69,1676.62,2005.43,2602.00,2026-05-31T03:56:23.665649+00:00
2026-05-01,Villa Urquiza,3,direct,all,65,61,1685.47,1948.67,2518.23,2026-05-31T03:56:23.665649+00:00
2026-05-01,Villa Urquiza,3,direct,furnished,21,20,1867.01,2283.82,3337.72,2026-05-31T03:56:23.665649+00:00
2026-05-01,Villa Urquiza,3,direct,unfurnished,42,38,1616.76,1890.28,2308.04,2026-05-31T03:56:23.665649+00:00
2026-05-01,Villa Urquiza,4,all,all,36,36,2166.62,3166.84,6525.18,2026-05-31T03:56:23.665649+00:00
2026-05-01,Villa Urquiza,4,direct,all,33,33,2171.12,3091.53,6022.17,2026-05-31T03:56:23.665649+00:00
2026-05-01,Villa Urquiza,4,direct,unfurnished,21,20,2083.56,2739.72,4833.33,2026-05-27T03:31:55.921583+00:00
2026-05-01,Virreyes,1,all,all,20,20,505.19,545.99,752.26,2026-05-31T03:56:23.665649+00:00
2026-05-01,Virreyes,1,direct,all,20,20,505.19,545.99,752.26,2026-05-31T03:56:23.665649+00:00
2026-05-01,Virreyes,1,direct,unfurnished,25,21,541.94,591.30,753.72,2026-05-11T03:21:15.786851+00:00
2026-05-01,Wawer,0,all,all,23,21,664.67,751.19,940.41,2026-05-31T03:56:23.665649+00:00
2026-05-01,Wawer,0,direct,all,23,21,664.67,751.19,940.41,2026-05-31T03:56:23.665649+00:00
2026-05-01,Wawer,0,direct,furnished,23,21,664.67,751.19,940.41,2026-05-31T03:56:23.665649+00:00
2026-05-01,Wawer,1,all,all,22,22,905.12,971.47,1134.67,2026-05-31T03:56:23.665649+00:00
2026-05-01,Wawer,1,direct,all,22,22,905.12,971.47,1134.67,2026-05-31T03:56:23.665649+00:00
2026-05-01,Wawer,1,direct,furnished,22,22,905.12,971.47,1134.67,2026-05-31T03:56:23.665649+00:00
2026-05-01,Wawer,2,all,all,21,21,1165.88,1290.97,1583.46,2026-05-31T03:56:23.665649+00:00
2026-05-01,Wawer,2,direct,all,21,21,1165.88,1290.97,1583.46,2026-05-31T03:56:23.665649+00:00
2026-05-01,Wawer,2,direct,furnished,21,21,1165.88,1290.97,1583.46,2026-05-31T03:56:23.665649+00:00
2026-05-01,Wilanów,1,all,all,94,89,1239.40,1362.37,1525.14,2026-05-31T03:56:23.665649+00:00
2026-05-01,Wilanów,1,direct,all,94,89,1239.40,1362.37,1525.14,2026-05-31T03:56:23.665649+00:00
2026-05-01,Wilanów,1,direct,furnished,93,88,1248.31,1362.37,1525.63,2026-05-31T03:56:23.665649+00:00
2026-05-01,Wilanów,2,all,all,112,101,1885.82,2135.68,2387.20,2026-05-31T03:56:23.665649+00:00
2026-05-01,Wilanów,2,direct,all,112,101,1885.82,2135.68,2387.20,2026-05-31T03:56:23.665649+00:00
2026-05-01,Wilanów,2,direct,furnished,109,98,1886.29,2152.10,2387.20,2026-05-31T03:56:23.665649+00:00
2026-05-01,Wilanów,3,all,all,39,38,2383.57,2828.62,3926.03,2026-05-31T03:56:23.665649+00:00
2026-05-01,Wilanów,3,direct,all,39,38,2383.57,2828.62,3926.03,2026-05-31T03:56:23.665649+00:00
2026-05-01,Wilanów,3,direct,furnished,37,36,2397.56,2828.62,3949.73,2026-05-31T03:56:23.665649+00:00
2026-05-01,Wilanów,4,all,all,20,19,4227.83,5262.90,7348.43,2026-05-25T03:30:51.227973+00:00
2026-05-01,Wilanów,4,direct,all,20,19,4227.83,5262.90,7348.43,2026-05-25T03:30:51.227973+00:00
2026-05-01,Włochy,0,all,all,63,63,824.22,886.92,1027.54,2026-05-31T03:56:23.665649+00:00
2026-05-01,Włochy,0,direct,all,63,63,824.22,886.92,1027.54,2026-05-31T03:56:23.665649+00:00
2026-05-01,Włochy,0,direct,furnished,63,63,824.22,886.92,1027.54,2026-05-31T03:56:23.665649+00:00
2026-05-01,Włochy,1,all,all,185,181,1113.76,1177.06,1301.10,2026-05-31T03:56:23.665649+00:00
2026-05-01,Włochy,1,direct,all,185,181,1113.76,1177.06,1301.10,2026-05-31T03:56:23.665649+00:00
2026-05-01,Włochy,1,direct,furnished,184,180,1113.76,1177.31,1302.00,2026-05-31T03:56:23.665649+00:00
2026-05-01,Włochy,2,all,all,64,57,1535.24,1662.61,1734.65,2026-05-31T03:56:23.665649+00:00
2026-05-01,Włochy,2,direct,all,64,57,1535.24,1662.61,1734.65,2026-05-31T03:56:23.665649+00:00
2026-05-01,Włochy,2,direct,furnished,62,57,1527.54,1661.67,1731.01,2026-05-31T03:56:23.665649+00:00
2026-05-01,Włochy,3,all,all,21,18,1723.45,1974.87,2357.50,2026-05-30T04:32:12.020338+00:00
2026-05-01,Włochy,3,direct,all,21,18,1723.45,1974.87,2357.50,2026-05-30T04:32:12.020338+00:00
2026-05-01,Wola,0,all,all,160,156,898.03,1060.74,1260.71,2026-05-31T03:56:23.665649+00:00
2026-05-01,Wola,0,direct,all,160,156,898.03,1060.74,1260.71,2026-05-31T03:56:23.665649+00:00
2026-05-01,Wola,0,direct,furnished,159,155,898.03,1065.79,1268.67,2026-05-31T03:56:23.665649+00:00
2026-05-01,Wola,1,all,all,636,623,1256.63,1518.74,1822.62,2026-05-31T03:56:23.665649+00:00
2026-05-01,Wola,1,direct,all,636,623,1256.63,1518.74,1822.62,2026-05-31T03:56:23.665649+00:00
2026-05-01,Wola,1,direct,furnished,633,620,1259.03,1519.69,1822.84,2026-05-31T03:56:23.665649+00:00
2026-05-01,Wola,2,all,all,290,288,1705.84,2171.02,2994.30,2026-05-31T03:56:23.665649+00:00
2026-05-01,Wola,2,direct,all,290,288,1705.84,2171.02,2994.30,2026-05-31T03:56:23.665649+00:00
2026-05-01,Wola,2,direct,furnished,286,284,1701.09,2148.38,3022.40,2026-05-31T03:56:23.665649+00:00
2026-05-01,Wola,3,all,all,70,70,2650.57,4018.33,7252.66,2026-05-31T03:56:23.665649+00:00
2026-05-01,Wola,3,direct,all,70,70,2650.57,4018.33,7252.66,2026-05-31T03:56:23.665649+00:00
2026-05-01,Wola,3,direct,furnished,67,67,2725.85,4187.22,7253.20,2026-05-31T03:56:23.665649+00:00
2026-05-01,Ząbki,1,all,all,20,17,961.80,1000.76,1068.34,2026-05-31T03:56:23.665649+00:00
2026-05-01,Ząbki,1,direct,all,20,17,961.80,1000.76,1068.34,2026-05-31T03:56:23.665649+00:00
2026-05-01,Ząbki,1,direct,furnished,20,17,961.80,1000.76,1068.34,2026-05-31T03:56:23.665649+00:00
2026-05-01,Zárate,2,all,all,33,29,827.15,947.79,1066.62,2026-05-31T03:56:23.665649+00:00
2026-05-01,Zárate,2,direct,all,33,29,827.15,947.79,1066.62,2026-05-31T03:56:23.665649+00:00
2026-05-01,Zárate,2,direct,furnished,20,18,814.24,940.35,1071.77,2026-05-31T03:56:23.665649+00:00
2026-05-01,Żoliborz,0,all,all,23,23,885.95,922.31,1045.37,2026-05-31T03:56:23.665649+00:00
2026-05-01,Żoliborz,0,direct,all,23,23,885.95,922.31,1045.37,2026-05-31T03:56:23.665649+00:00
2026-05-01,Żoliborz,0,direct,furnished,23,23,885.95,922.31,1045.37,2026-05-31T03:56:23.665649+00:00
2026-05-01,Żoliborz,1,all,all,106,103,1141.51,1261.43,1385.39,2026-05-31T03:56:23.665649+00:00
2026-05-01,Żoliborz,1,direct,all,106,103,1141.51,1261.43,1385.39,2026-05-31T03:56:23.665649+00:00
2026-05-01,Żoliborz,1,direct,furnished,102,99,1141.51,1262.35,1385.39,2026-05-31T03:56:23.665649+00:00
2026-05-01,Żoliborz,2,all,all,64,62,1481.68,1963.60,2277.64,2026-05-31T03:56:23.665649+00:00
2026-05-01,Żoliborz,2,direct,all,64,62,1481.68,1963.60,2277.64,2026-05-31T03:56:23.665649+00:00
2026-05-01,Żoliborz,2,direct,furnished,58,58,1325.53,2067.36,2296.33,2026-05-31T03:56:23.665649+00:00
