snapshot_date,barrio,bedroom_bucket,channel,furnished,n_total,n_fenced,p25,p50,p75,computed_at
2026-04-01,Acassuso,1,all,all,77,76,860.10,1353.00,1895.00,2026-04-24T07:23:39.658857+00:00
2026-04-01,Acassuso,1,platform,all,48,47,1347.50,1685.50,2223.75,2026-04-24T07:23:39.658857+00:00
2026-04-01,Acassuso,1,platform,furnished,47,46,1358.50,1716.00,2230.50,2026-04-24T07:23:39.658857+00:00
2026-04-01,Acassuso,1,direct,all,29,27,672.20,847.37,1136.18,2026-04-24T07:23:39.658857+00:00
2026-04-01,Acassuso,1,direct,unfurnished,22,22,675.13,782.00,1040.16,2026-04-24T07:23:39.658857+00:00
2026-04-01,Acassuso,2,all,all,55,54,1248.06,1567.58,2788.84,2026-04-24T07:23:39.658857+00:00
2026-04-01,Acassuso,2,direct,all,44,40,1217.18,1472.62,2029.44,2026-04-24T07:23:39.658857+00:00
2026-04-01,Acassuso,2,direct,furnished,20,19,1170.14,1836.19,3205.62,2026-04-24T03:15:38.386579+00:00
2026-04-01,Acassuso,2,direct,unfurnished,27,23,1248.06,1417.73,1576.30,2026-04-24T07:23:39.658857+00:00
2026-04-01,Acassuso,3,all,all,36,36,3396.80,4867.44,7020.93,2026-04-24T07:23:39.658857+00:00
2026-04-01,Acassuso,3,direct,all,32,31,3186.87,4536.26,6616.88,2026-04-24T07:23:39.658857+00:00
2026-04-01,Acassuso,3,direct,furnished,20,20,3186.87,4386.64,6469.54,2026-04-24T03:15:38.386579+00:00
2026-04-01,Acassuso,4,all,all,27,27,4958.57,7491.78,21934.65,2026-04-24T03:15:38.386579+00:00
2026-04-01,Acassuso,4,direct,all,24,24,4862.69,7132.88,22939.74,2026-04-24T03:15:38.386579+00:00
2026-04-01,Agronomía,0,all,all,22,20,634.23,670.52,936.63,2026-04-24T03:15:38.386579+00:00
2026-04-01,Agronomía,1,all,all,59,56,653.47,876.00,1231.53,2026-04-24T07:23:39.658857+00:00
2026-04-01,Agronomía,1,platform,all,31,30,771.50,1024.98,1265.50,2026-04-24T07:23:39.658857+00:00
2026-04-01,Agronomía,1,platform,furnished,30,29,756.75,1019.49,1254.25,2026-04-24T07:23:39.658857+00:00
2026-04-01,Agronomía,1,direct,all,28,26,568.83,678.95,1099.93,2026-04-24T07:23:39.658857+00:00
2026-04-01,Agronomía,1,direct,unfurnished,20,19,550.61,640.65,1099.93,2026-04-24T07:23:39.658857+00:00
2026-04-01,Agronomía,2,all,all,20,19,906.27,1318.79,2137.51,2026-04-24T07:23:39.658857+00:00
2026-04-01,Agronomía,2,direct,all,21,18,902.70,1121.86,1423.92,2026-04-24T03:15:38.386579+00:00
2026-04-01,Almagro,0,all,all,463,437,701.55,886.62,1200.00,2026-04-24T07:23:39.658857+00:00
2026-04-01,Almagro,0,platform,all,136,133,982.50,1177.00,1464.25,2026-04-24T07:23:39.658857+00:00
2026-04-01,Almagro,0,platform,furnished,129,126,968.00,1171.00,1471.00,2026-04-24T07:23:39.658857+00:00
2026-04-01,Almagro,0,direct,all,327,307,651.55,783.45,1034.12,2026-04-24T07:23:39.658857+00:00
2026-04-01,Almagro,0,direct,furnished,187,168,729.45,886.16,1153.22,2026-04-24T07:23:39.658857+00:00
2026-04-01,Almagro,0,direct,unfurnished,139,129,583.75,684.43,836.62,2026-04-24T07:23:39.658857+00:00
2026-04-01,Almagro,1,all,all,1741,1674,746.29,950.13,1250.75,2026-04-24T07:23:39.658857+00:00
2026-04-01,Almagro,1,platform,all,780,747,924.09,1154.82,1484.00,2026-04-24T07:23:39.658857+00:00
2026-04-01,Almagro,1,platform,furnished,733,701,940.00,1161.00,1496.00,2026-04-24T07:23:39.658857+00:00
2026-04-01,Almagro,1,direct,all,961,895,699.64,837.18,1018.58,2026-04-24T07:23:39.658857+00:00
2026-04-01,Almagro,1,direct,furnished,522,489,742.40,889.26,1097.61,2026-04-24T07:23:39.658857+00:00
2026-04-01,Almagro,1,direct,unfurnished,432,406,670.37,769.13,936.47,2026-04-24T07:23:39.658857+00:00
2026-04-01,Almagro,2,all,all,428,409,1039.52,1265.73,1733.23,2026-04-24T07:23:39.658857+00:00
2026-04-01,Almagro,2,platform,all,131,125,1241.50,1705.00,2366.50,2026-04-24T07:23:39.658857+00:00
2026-04-01,Almagro,2,platform,furnished,124,118,1233.00,1706.00,2322.25,2026-04-24T07:23:39.658857+00:00
2026-04-01,Almagro,2,direct,all,297,286,1005.63,1188.15,1499.87,2026-04-24T07:23:39.658857+00:00
2026-04-01,Almagro,2,direct,furnished,184,176,1039.87,1233.82,1582.01,2026-04-24T07:23:39.658857+00:00
2026-04-01,Almagro,2,direct,unfurnished,111,106,944.74,1088.55,1336.44,2026-04-24T07:23:39.658857+00:00
2026-04-01,Almagro,3,all,all,100,87,1310.46,1664.47,2202.09,2026-04-24T07:23:39.658857+00:00
2026-04-01,Almagro,3,platform,all,21,17,1725.00,2121.00,2570.00,2026-04-24T07:23:39.658857+00:00
2026-04-01,Almagro,3,platform,furnished,21,17,1725.00,2121.00,2570.00,2026-04-24T07:23:39.658857+00:00
2026-04-01,Almagro,3,direct,all,79,68,1258.02,1550.25,1986.84,2026-04-24T07:23:39.658857+00:00
2026-04-01,Almagro,3,direct,furnished,27,25,1254.14,1753.66,2821.55,2026-04-24T07:23:39.658857+00:00
2026-04-01,Almagro,3,direct,unfurnished,50,45,1280.61,1533.76,1878.27,2026-04-24T07:23:39.658857+00:00
2026-04-01,Almagro,4,all,all,35,33,2327.06,3588.00,5323.98,2026-04-24T07:23:39.658857+00:00
2026-04-01,Almagro,4,direct,all,24,23,2265.22,3077.61,5263.74,2026-04-24T07:23:39.658857+00:00
2026-04-01,Almirante Brown,0,all,all,25,24,423.45,521.15,640.81,2026-04-24T07:23:39.658857+00:00
2026-04-01,Almirante Brown,0,direct,all,25,24,423.45,521.15,640.81,2026-04-24T07:23:39.658857+00:00
2026-04-01,Almirante Brown,1,all,all,158,150,431.53,528.19,692.30,2026-04-24T07:23:39.658857+00:00
2026-04-01,Almirante Brown,1,direct,all,158,150,431.53,528.19,692.30,2026-04-24T07:23:39.658857+00:00
2026-04-01,Almirante Brown,1,direct,furnished,44,42,540.12,705.15,895.23,2026-04-24T07:23:39.658857+00:00
2026-04-01,Almirante Brown,1,direct,unfurnished,114,108,425.38,502.08,609.94,2026-04-24T07:23:39.658857+00:00
2026-04-01,Almirante Brown,2,all,all,158,156,651.12,869.75,1231.88,2026-04-24T07:23:39.658857+00:00
2026-04-01,Almirante Brown,2,direct,all,158,156,651.12,869.75,1231.88,2026-04-24T07:23:39.658857+00:00
2026-04-01,Almirante Brown,2,direct,furnished,44,43,786.77,950.59,1409.71,2026-04-24T07:23:39.658857+00:00
2026-04-01,Almirante Brown,2,direct,unfurnished,114,113,630.15,810.86,1202.39,2026-04-24T07:23:39.658857+00:00
2026-04-01,Almirante Brown,3,all,all,44,41,1084.32,1304.73,1847.54,2026-04-24T07:23:39.658857+00:00
2026-04-01,Almirante Brown,3,direct,all,44,41,1084.32,1304.73,1847.54,2026-04-24T07:23:39.658857+00:00
2026-04-01,Almirante Brown,3,direct,unfurnished,30,27,1095.01,1253.70,1901.82,2026-04-24T07:23:39.658857+00:00
2026-04-01,Avellaneda,0,all,all,100,95,443.00,523.70,607.08,2026-04-24T07:23:39.658857+00:00
2026-04-01,Avellaneda,0,direct,all,98,95,439.41,518.83,596.66,2026-04-24T07:23:39.658857+00:00
2026-04-01,Avellaneda,0,direct,furnished,21,20,473.56,558.99,720.36,2026-04-24T07:23:39.658857+00:00
2026-04-01,Avellaneda,0,direct,unfurnished,77,76,430.46,504.03,573.14,2026-04-24T07:23:39.658857+00:00
2026-04-01,Avellaneda,1,all,all,722,689,504.62,603.55,745.88,2026-04-24T07:23:39.658857+00:00
2026-04-01,Avellaneda,1,direct,all,704,676,504.50,601.54,733.05,2026-04-24T07:23:39.658857+00:00
2026-04-01,Avellaneda,1,direct,furnished,185,176,542.55,638.62,769.37,2026-04-24T07:23:39.658857+00:00
2026-04-01,Avellaneda,1,direct,unfurnished,509,491,489.65,591.33,725.68,2026-04-24T07:23:39.658857+00:00
2026-04-01,Avellaneda,2,all,all,352,340,660.52,777.81,912.68,2026-04-24T07:23:39.658857+00:00
2026-04-01,Avellaneda,2,direct,all,350,339,661.71,777.81,911.33,2026-04-24T07:23:39.658857+00:00
2026-04-01,Avellaneda,2,direct,furnished,117,112,694.48,817.52,935.98,2026-04-24T07:23:39.658857+00:00
2026-04-01,Avellaneda,2,direct,unfurnished,230,222,650.88,765.16,896.99,2026-04-24T07:23:39.658857+00:00
2026-04-01,Avellaneda,3,all,all,55,49,796.50,929.93,1152.27,2026-04-24T07:23:39.658857+00:00
2026-04-01,Avellaneda,3,direct,all,55,49,796.50,929.93,1152.27,2026-04-24T07:23:39.658857+00:00
2026-04-01,Avellaneda,3,direct,unfurnished,36,34,780.88,906.15,1077.27,2026-04-24T07:23:39.658857+00:00
2026-04-01,Balvanera,0,all,all,368,344,596.53,740.47,974.07,2026-04-24T07:23:39.658857+00:00
2026-04-01,Balvanera,0,platform,all,104,97,846.75,1075.00,1331.00,2026-04-24T07:23:39.658857+00:00
2026-04-01,Balvanera,0,platform,furnished,97,90,843.00,1040.00,1304.96,2026-04-24T07:23:39.658857+00:00
2026-04-01,Balvanera,0,direct,all,264,249,550.47,664.87,815.91,2026-04-24T07:23:39.658857+00:00
2026-04-01,Balvanera,0,direct,furnished,113,106,600.22,699.74,863.45,2026-04-24T07:23:39.658857+00:00
2026-04-01,Balvanera,0,direct,unfurnished,151,144,527.24,622.22,794.50,2026-04-24T07:23:39.658857+00:00
2026-04-01,Balvanera,1,all,all,1571,1473,675.27,879.00,1215.00,2026-04-24T07:23:39.658857+00:00
2026-04-01,Balvanera,1,platform,all,808,737,818.75,1066.50,1423.50,2026-04-24T07:23:39.658857+00:00
2026-04-01,Balvanera,1,platform,furnished,752,688,823.50,1070.50,1426.00,2026-04-24T07:23:39.658857+00:00
2026-04-01,Balvanera,1,direct,all,763,715,619.43,744.19,932.65,2026-04-24T07:23:39.658857+00:00
2026-04-01,Balvanera,1,direct,furnished,412,386,672.19,804.33,1018.71,2026-04-24T07:23:39.658857+00:00
2026-04-01,Balvanera,1,direct,unfurnished,342,320,582.78,695.98,822.46,2026-04-24T07:23:39.658857+00:00
2026-04-01,Balvanera,2,all,all,408,383,985.04,1221.06,1520.86,2026-04-24T07:23:39.658857+00:00
2026-04-01,Balvanera,2,platform,all,132,121,1224.00,1555.00,2127.50,2026-04-24T07:23:39.658857+00:00
2026-04-01,Balvanera,2,platform,furnished,128,117,1223.75,1552.50,2127.50,2026-04-24T07:23:39.658857+00:00
2026-04-01,Balvanera,2,direct,all,276,271,905.13,1111.55,1364.79,2026-04-24T07:23:39.658857+00:00
2026-04-01,Balvanera,2,direct,furnished,155,152,919.96,1149.49,1372.08,2026-04-24T07:23:39.658857+00:00
2026-04-01,Balvanera,2,direct,unfurnished,120,118,894.42,1063.97,1356.01,2026-04-24T07:23:39.658857+00:00
2026-04-01,Balvanera,3,all,all,120,112,1324.64,1735.40,2409.00,2026-04-24T07:23:39.658857+00:00
2026-04-01,Balvanera,3,platform,all,41,37,1889.56,2394.00,3447.00,2026-04-24T07:23:39.658857+00:00
2026-04-01,Balvanera,3,platform,furnished,40,36,1887.42,2370.00,3375.75,2026-04-24T07:23:39.658857+00:00
2026-04-01,Balvanera,3,direct,all,79,73,1237.23,1450.49,1865.90,2026-04-24T07:23:39.658857+00:00
2026-04-01,Balvanera,3,direct,furnished,45,39,1324.64,1477.67,1980.74,2026-04-24T07:23:39.658857+00:00
2026-04-01,Balvanera,3,direct,unfurnished,34,34,1019.85,1301.02,1746.28,2026-04-24T07:23:39.658857+00:00
2026-04-01,Balvanera,4,all,all,44,41,1500.28,2229.95,3721.18,2026-04-24T07:23:39.658857+00:00
2026-04-01,Balvanera,4,direct,all,34,33,1372.95,2055.43,2600.87,2026-04-24T07:23:39.658857+00:00
2026-04-01,Balvanera,4,direct,unfurnished,20,20,1855.98,2287.82,2966.46,2026-04-24T07:23:39.658857+00:00
2026-04-01,Barracas,0,all,all,39,34,584.27,700.33,956.55,2026-04-24T07:23:39.658857+00:00
2026-04-01,Barracas,0,direct,all,31,29,584.27,671.94,850.89,2026-04-24T07:23:39.658857+00:00
2026-04-01,Barracas,0,direct,unfurnished,23,21,584.27,653.23,748.47,2026-04-24T07:23:39.658857+00:00
2026-04-01,Barracas,1,all,all,278,271,724.62,984.70,1514.06,2026-04-24T07:23:39.658857+00:00
2026-04-01,Barracas,1,platform,all,143,141,777.00,1180.00,1763.00,2026-04-24T07:23:39.658857+00:00
2026-04-01,Barracas,1,platform,furnished,133,131,822.00,1221.00,1774.00,2026-04-24T07:23:39.658857+00:00
2026-04-01,Barracas,1,direct,all,135,128,707.19,887.58,1093.19,2026-04-24T07:23:39.658857+00:00
2026-04-01,Barracas,1,direct,furnished,62,59,767.45,936.65,1304.26,2026-04-24T07:23:39.658857+00:00
2026-04-01,Barracas,1,direct,unfurnished,72,65,672.37,822.10,943.55,2026-04-24T07:23:39.658857+00:00
2026-04-01,Barracas,2,all,all,129,119,955.68,1209.00,1717.92,2026-04-24T07:23:39.658857+00:00
2026-04-01,Barracas,2,platform,all,24,23,1629.00,1920.50,3034.25,2026-04-24T07:23:39.658857+00:00
2026-04-01,Barracas,2,platform,furnished,24,23,1629.00,1920.50,3034.25,2026-04-24T07:23:39.658857+00:00
2026-04-01,Barracas,2,direct,all,105,98,903.65,1107.21,1394.61,2026-04-24T07:23:39.658857+00:00
2026-04-01,Barracas,2,direct,furnished,42,40,849.83,1096.12,1470.13,2026-04-24T07:23:39.658857+00:00
2026-04-01,Barracas,2,direct,unfurnished,63,55,939.48,1108.21,1308.56,2026-04-24T07:23:39.658857+00:00
2026-04-01,Barracas,3,all,all,22,18,1201.46,1900.40,2999.67,2026-04-24T07:23:39.658857+00:00
2026-04-01,Beccar,1,all,all,132,124,747.00,1026.42,1746.00,2026-04-24T07:23:39.658857+00:00
2026-04-01,Beccar,1,platform,all,55,51,1095.00,1818.00,2418.44,2026-04-24T07:23:39.658857+00:00
2026-04-01,Beccar,1,platform,furnished,49,46,1250.00,1901.59,2431.00,2026-04-24T07:23:39.658857+00:00
2026-04-01,Beccar,1,direct,all,77,73,650.84,880.17,1054.75,2026-04-24T07:23:39.658857+00:00
2026-04-01,Beccar,1,direct,furnished,21,19,667.06,911.56,1039.40,2026-04-24T07:23:39.658857+00:00
2026-04-01,Beccar,1,direct,unfurnished,55,53,650.34,847.85,1126.94,2026-04-24T07:23:39.658857+00:00
2026-04-01,Beccar,2,all,all,71,67,1394.92,1827.71,2456.62,2026-04-24T07:23:39.658857+00:00
2026-04-01,Beccar,2,direct,all,56,53,1389.57,1638.05,2193.16,2026-04-24T07:23:39.658857+00:00
2026-04-01,Beccar,2,direct,furnished,26,25,1394.92,1707.94,2052.42,2026-04-24T07:23:39.658857+00:00
2026-04-01,Beccar,2,direct,unfurnished,30,28,1357.09,1580.00,2193.86,2026-04-24T07:23:39.658857+00:00
2026-04-01,Beccar,3,all,all,100,95,2860.76,3947.14,5827.00,2026-04-24T07:23:39.658857+00:00
2026-04-01,Beccar,3,platform,all,25,22,5474.00,6137.00,8092.00,2026-04-24T07:23:39.658857+00:00
2026-04-01,Beccar,3,platform,furnished,25,22,5474.00,6137.00,8092.00,2026-04-24T07:23:39.658857+00:00
2026-04-01,Beccar,3,direct,all,75,72,2476.68,3566.55,4919.45,2026-04-24T07:23:39.658857+00:00
2026-04-01,Beccar,3,direct,furnished,37,34,3456.57,4138.10,5120.51,2026-04-24T07:23:39.658857+00:00
2026-04-01,Beccar,3,direct,unfurnished,38,38,1857.61,3149.38,3723.20,2026-04-24T07:23:39.658857+00:00
2026-04-01,Beccar,4,all,all,105,104,4226.09,6438.79,9789.86,2026-04-24T07:23:39.658857+00:00
2026-04-01,Beccar,4,platform,all,33,32,5439.00,7456.00,10200.00,2026-04-24T07:23:39.658857+00:00
2026-04-01,Beccar,4,platform,furnished,31,29,5354.50,7456.00,9600.50,2026-04-24T07:23:39.658857+00:00
2026-04-01,Beccar,4,direct,all,72,72,3633.56,5403.99,9594.42,2026-04-24T07:23:39.658857+00:00
2026-04-01,Beccar,4,direct,furnished,35,35,3876.89,5945.42,9186.94,2026-04-24T07:23:39.658857+00:00
2026-04-01,Beccar,4,direct,unfurnished,37,37,3396.33,4958.28,10113.11,2026-04-24T07:23:39.658857+00:00
2026-04-01,Belgrano,0,all,all,493,460,791.93,980.00,1294.00,2026-04-24T07:23:39.658857+00:00
2026-04-01,Belgrano,0,platform,all,163,155,1039.00,1250.00,1655.00,2026-04-24T07:23:39.658857+00:00
2026-04-01,Belgrano,0,platform,furnished,156,145,1040.75,1250.50,1583.75,2026-04-24T07:23:39.658857+00:00
2026-04-01,Belgrano,0,direct,all,330,299,730.49,871.99,1090.18,2026-04-24T07:23:39.658857+00:00
2026-04-01,Belgrano,0,direct,furnished,134,127,769.15,949.08,1299.07,2026-04-24T07:23:39.658857+00:00
2026-04-01,Belgrano,0,direct,unfurnished,196,183,701.39,822.86,978.66,2026-04-24T07:23:39.658857+00:00
2026-04-01,Belgrano,1,all,all,1898,1796,914.03,1206.36,1644.62,2026-04-24T07:23:39.658857+00:00
2026-04-01,Belgrano,1,platform,all,875,825,1136.00,1445.00,1925.00,2026-04-24T07:23:39.658857+00:00
2026-04-01,Belgrano,1,platform,furnished,837,791,1129.00,1436.00,1908.00,2026-04-24T07:23:39.658857+00:00
2026-04-01,Belgrano,1,direct,all,1023,962,815.10,1023.81,1370.12,2026-04-24T07:23:39.658857+00:00
2026-04-01,Belgrano,1,direct,furnished,421,397,881.25,1089.56,1500.00,2026-04-24T07:23:39.658857+00:00
2026-04-01,Belgrano,1,direct,unfurnished,600,573,776.83,971.68,1303.43,2026-04-24T07:23:39.658857+00:00
2026-04-01,Belgrano,2,all,all,734,687,1426.12,1955.24,2760.00,2026-04-24T07:23:39.658857+00:00
2026-04-01,Belgrano,2,platform,all,191,181,1762.56,2281.00,3148.00,2026-04-24T07:23:39.658857+00:00
2026-04-01,Belgrano,2,platform,furnished,180,170,1754.50,2271.00,3087.75,2026-04-24T07:23:39.658857+00:00
2026-04-01,Belgrano,2,direct,all,543,494,1359.42,1817.62,2542.04,2026-04-24T07:23:39.658857+00:00
2026-04-01,Belgrano,2,direct,furnished,243,222,1504.50,2116.15,2784.06,2026-04-24T07:23:39.658857+00:00
2026-04-01,Belgrano,2,direct,unfurnished,298,264,1264.74,1664.81,2211.27,2026-04-24T07:23:39.658857+00:00
2026-04-01,Belgrano,3,all,all,408,387,2105.00,3121.26,5490.42,2026-04-24T07:23:39.658857+00:00
2026-04-01,Belgrano,3,platform,all,54,46,2545.00,3220.50,4876.75,2026-04-24T07:23:39.658857+00:00
2026-04-01,Belgrano,3,platform,furnished,53,46,2538.00,3216.00,4717.00,2026-04-24T07:23:39.658857+00:00
2026-04-01,Belgrano,3,direct,all,354,339,2083.85,3072.16,5561.12,2026-04-24T07:23:39.658857+00:00
2026-04-01,Belgrano,3,direct,furnished,151,143,2404.45,3971.12,5681.18,2026-04-24T07:23:39.658857+00:00
2026-04-01,Belgrano,3,direct,unfurnished,201,190,1950.73,2572.98,5042.84,2026-04-24T07:23:39.658857+00:00
2026-04-01,Belgrano,4,all,all,87,84,3721.74,6171.04,11850.86,2026-04-24T07:23:39.658857+00:00
2026-04-01,Belgrano,4,direct,all,77,76,3667.97,6163.33,11717.08,2026-04-24T07:23:39.658857+00:00
2026-04-01,Belgrano,4,direct,furnished,29,29,4432.44,6480.00,11333.75,2026-04-24T07:23:39.658857+00:00
2026-04-01,Belgrano,4,direct,unfurnished,48,47,3225.82,5895.65,11984.65,2026-04-24T07:23:39.658857+00:00
2026-04-01,Berazategui,0,all,all,24,23,489.41,578.75,626.33,2026-04-24T07:23:39.658857+00:00
2026-04-01,Berazategui,0,direct,all,24,23,489.41,578.75,626.33,2026-04-24T07:23:39.658857+00:00
2026-04-01,Berazategui,0,direct,unfurnished,22,21,466.59,577.52,614.03,2026-04-24T07:23:39.658857+00:00
2026-04-01,Berazategui,1,all,all,127,124,479.03,594.39,737.03,2026-04-24T07:23:39.658857+00:00
2026-04-01,Berazategui,1,direct,all,127,124,479.03,594.39,737.03,2026-04-24T07:23:39.658857+00:00
2026-04-01,Berazategui,1,direct,furnished,22,21,499.44,612.85,674.05,2026-04-24T07:23:39.658857+00:00
2026-04-01,Berazategui,1,direct,unfurnished,105,104,474.28,585.97,746.98,2026-04-24T07:23:39.658857+00:00
2026-04-01,Berazategui,2,all,all,70,69,682.72,861.61,1157.75,2026-04-24T07:23:39.658857+00:00
2026-04-01,Berazategui,2,direct,all,70,69,682.72,861.61,1157.75,2026-04-24T07:23:39.658857+00:00
2026-04-01,Berazategui,2,direct,unfurnished,55,54,681.99,863.93,1151.51,2026-04-24T07:23:39.658857+00:00
2026-04-01,Boedo,0,all,all,56,55,585.11,766.84,898.68,2026-04-24T07:23:39.658857+00:00
2026-04-01,Boedo,0,direct,all,43,42,571.33,676.34,834.65,2026-04-24T07:23:39.658857+00:00
2026-04-01,Boedo,0,direct,unfurnished,31,30,571.33,670.01,835.13,2026-04-24T07:23:39.658857+00:00
2026-04-01,Boedo,1,all,all,212,204,603.44,731.47,944.49,2026-04-24T07:23:39.658857+00:00
2026-04-01,Boedo,1,platform,all,58,56,653.00,876.00,1123.50,2026-04-24T07:23:39.658857+00:00
2026-04-01,Boedo,1,platform,furnished,49,49,634.00,879.00,1125.00,2026-04-24T07:23:39.658857+00:00
2026-04-01,Boedo,1,direct,all,154,148,591.78,705.37,846.30,2026-04-24T07:23:39.658857+00:00
2026-04-01,Boedo,1,direct,furnished,52,50,630.62,742.69,849.52,2026-04-24T07:23:39.658857+00:00
2026-04-01,Boedo,1,direct,unfurnished,102,98,586.82,695.43,842.84,2026-04-24T07:23:39.658857+00:00
2026-04-01,Boedo,2,all,all,71,68,933.95,1124.00,1668.00,2026-04-24T07:23:39.658857+00:00
2026-04-01,Boedo,2,direct,all,57,52,913.77,1032.88,1335.33,2026-04-24T07:23:39.658857+00:00
2026-04-01,Boedo,2,direct,furnished,27,27,863.34,1057.03,1652.71,2026-04-24T03:15:38.386579+00:00
2026-04-01,Boedo,2,direct,unfurnished,39,34,918.44,1006.56,1269.64,2026-04-24T07:23:39.658857+00:00
2026-04-01,Boulogne,1,all,all,48,44,635.54,813.55,1258.98,2026-04-24T07:23:39.658857+00:00
2026-04-01,Boulogne,1,direct,all,35,32,574.21,737.31,915.77,2026-04-24T07:23:39.658857+00:00
2026-04-01,Boulogne,1,direct,unfurnished,33,28,571.93,737.31,839.15,2026-04-24T07:23:39.658857+00:00
2026-04-01,Boulogne,2,all,all,49,44,802.53,1042.88,1325.47,2026-04-24T07:23:39.658857+00:00
2026-04-01,Boulogne,2,direct,all,45,43,753.11,975.31,1254.68,2026-04-24T07:23:39.658857+00:00
2026-04-01,Boulogne,2,direct,unfurnished,32,30,728.54,932.73,1139.11,2026-04-24T07:23:39.658857+00:00
2026-04-01,Boulogne,3,all,all,31,31,2108.00,3911.23,6698.67,2026-04-24T07:23:39.658857+00:00
2026-04-01,Boulogne,3,direct,all,31,31,1656.86,3514.20,5591.41,2026-04-24T03:15:38.386579+00:00
2026-04-01,Boulogne,4,all,all,30,30,5227.44,7381.32,10108.13,2026-04-24T07:23:39.658857+00:00
2026-04-01,Boulogne,4,direct,all,24,24,4679.52,7979.96,10464.69,2026-04-24T07:23:39.658857+00:00
2026-04-01,Boulogne,4,direct,furnished,21,21,3666.35,7774.54,9708.76,2026-04-24T03:15:38.386579+00:00
2026-04-01,Caballito,0,all,all,316,291,646.34,768.47,931.00,2026-04-24T07:23:39.658857+00:00
2026-04-01,Caballito,0,platform,all,49,48,931.00,1195.00,1420.00,2026-04-24T07:23:39.658857+00:00
2026-04-01,Caballito,0,platform,furnished,47,46,941.00,1195.00,1416.50,2026-04-24T07:23:39.658857+00:00
2026-04-01,Caballito,0,direct,all,267,256,635.78,723.50,844.25,2026-04-24T07:23:39.658857+00:00
2026-04-01,Caballito,0,direct,furnished,102,98,675.98,772.00,878.44,2026-04-24T07:23:39.658857+00:00
2026-04-01,Caballito,0,direct,unfurnished,165,158,589.68,693.62,817.75,2026-04-24T07:23:39.658857+00:00
2026-04-01,Caballito,1,all,all,1427,1354,707.11,871.54,1122.97,2026-04-24T07:23:39.658857+00:00
2026-04-01,Caballito,1,platform,all,304,286,928.75,1157.50,1534.75,2026-04-24T07:23:39.658857+00:00
2026-04-01,Caballito,1,platform,furnished,288,271,937.25,1171.00,1541.25,2026-04-24T07:23:39.658857+00:00
2026-04-01,Caballito,1,direct,all,1123,1081,694.40,811.04,1028.80,2026-04-24T07:23:39.658857+00:00
2026-04-01,Caballito,1,direct,furnished,433,419,718.58,869.67,1114.87,2026-04-24T07:23:39.658857+00:00
2026-04-01,Caballito,1,direct,unfurnished,679,649,676.74,790.64,982.46,2026-04-24T07:23:39.658857+00:00
2026-04-01,Caballito,2,all,all,408,390,1023.90,1286.42,1607.01,2026-04-24T07:23:39.658857+00:00
2026-04-01,Caballito,2,platform,all,51,49,1339.50,1751.00,2179.00,2026-04-24T07:23:39.658857+00:00
2026-04-01,Caballito,2,platform,furnished,48,46,1334.50,1786.50,2183.00,2026-04-24T07:23:39.658857+00:00
2026-04-01,Caballito,2,direct,all,357,345,994.57,1240.46,1540.88,2026-04-24T07:23:39.658857+00:00
2026-04-01,Caballito,2,direct,furnished,159,150,1110.00,1300.71,1574.49,2026-04-24T07:23:39.658857+00:00
2026-04-01,Caballito,2,direct,unfurnished,192,184,949.82,1205.92,1480.79,2026-04-24T07:23:39.658857+00:00
2026-04-01,Caballito,3,all,all,197,185,1399.24,1881.94,2694.72,2026-04-24T07:23:39.658857+00:00
2026-04-01,Caballito,3,direct,all,188,178,1379.82,1855.28,2698.44,2026-04-24T07:23:39.658857+00:00
2026-04-01,Caballito,3,direct,furnished,92,85,1510.18,2025.55,2767.53,2026-04-24T07:23:39.658857+00:00
2026-04-01,Caballito,3,direct,unfurnished,95,90,1331.78,1694.24,2530.31,2026-04-24T07:23:39.658857+00:00
2026-04-01,Caballito,4,all,all,78,74,2282.83,3207.07,4340.89,2026-04-24T07:23:39.658857+00:00
2026-04-01,Caballito,4,direct,all,74,71,2251.73,3114.40,4329.88,2026-04-24T07:23:39.658857+00:00
2026-04-01,Caballito,4,direct,furnished,26,23,3280.51,4243.69,4361.20,2026-04-24T07:23:39.658857+00:00
2026-04-01,Caballito,4,direct,unfurnished,47,45,2036.65,2705.98,4054.08,2026-04-24T07:23:39.658857+00:00
2026-04-01,Campana,1,all,all,24,21,660.61,760.30,984.26,2026-04-24T07:23:39.658857+00:00
2026-04-01,Campana,1,direct,all,24,21,660.61,760.30,984.26,2026-04-24T07:23:39.658857+00:00
2026-04-01,Campana,1,direct,furnished,23,20,657.40,788.00,991.29,2026-04-24T07:23:39.658857+00:00
2026-04-01,Campana,2,all,all,24,23,642.13,840.39,1671.43,2026-04-24T07:23:39.658857+00:00
2026-04-01,Campana,2,direct,all,24,23,642.13,840.39,1671.43,2026-04-24T07:23:39.658857+00:00
2026-04-01,Campana,2,direct,furnished,20,19,781.33,1579.11,1734.27,2026-04-24T03:15:38.386579+00:00
2026-04-01,Campana,3,all,all,32,32,2046.33,4067.97,5333.07,2026-04-24T07:23:39.658857+00:00
2026-04-01,Campana,3,direct,all,32,32,2046.33,4067.97,5333.07,2026-04-24T07:23:39.658857+00:00
2026-04-01,Campana,3,direct,furnished,27,27,1923.76,4067.97,4862.57,2026-04-24T07:23:39.658857+00:00
2026-04-01,Chacarita,0,all,all,140,137,824.33,1025.72,1206.50,2026-04-24T07:23:39.658857+00:00
2026-04-01,Chacarita,0,platform,all,64,62,994.50,1126.50,1402.25,2026-04-24T07:23:39.658857+00:00
2026-04-01,Chacarita,0,platform,furnished,57,56,993.00,1121.00,1406.00,2026-04-24T07:23:39.658857+00:00
2026-04-01,Chacarita,0,direct,all,76,74,773.19,885.57,1092.42,2026-04-24T07:23:39.658857+00:00
2026-04-01,Chacarita,0,direct,furnished,47,47,827.45,911.91,1135.54,2026-04-24T07:23:39.658857+00:00
2026-04-01,Chacarita,0,direct,unfurnished,29,27,693.55,805.10,1043.50,2026-04-24T07:23:39.658857+00:00
2026-04-01,Chacarita,1,all,all,502,481,886.47,1100.92,1466.67,2026-04-24T07:23:39.658857+00:00
2026-04-01,Chacarita,1,platform,all,324,308,947.75,1203.50,1621.50,2026-04-24T07:23:39.658857+00:00
2026-04-01,Chacarita,1,platform,furnished,303,287,967.50,1213.00,1641.00,2026-04-24T07:23:39.658857+00:00
2026-04-01,Chacarita,1,direct,all,178,169,796.50,964.99,1157.49,2026-04-24T07:23:39.658857+00:00
2026-04-01,Chacarita,1,direct,furnished,101,95,841.83,987.63,1252.26,2026-04-24T07:23:39.658857+00:00
2026-04-01,Chacarita,1,direct,unfurnished,77,74,772.05,920.50,1076.15,2026-04-24T07:23:39.658857+00:00
2026-04-01,Chacarita,2,all,all,76,72,1340.25,1814.16,2585.46,2026-04-24T07:23:39.658857+00:00
2026-04-01,Chacarita,2,platform,all,39,35,1841.00,2276.00,3124.00,2026-04-24T07:23:39.658857+00:00
2026-04-01,Chacarita,2,platform,furnished,36,33,1772.25,2273.72,3116.00,2026-04-24T07:23:39.658857+00:00
2026-04-01,Chacarita,2,direct,all,37,35,1158.13,1352.17,1737.81,2026-04-24T07:23:39.658857+00:00
2026-04-01,Chacarita,2,direct,furnished,23,23,1067.55,1349.64,2463.38,2026-04-24T03:15:38.386579+00:00
2026-04-01,Chacarita,2,direct,unfurnished,24,22,1091.11,1259.77,1455.55,2026-04-24T03:15:38.386579+00:00
2026-04-01,Coghlan,0,all,all,63,59,713.38,874.75,1099.66,2026-04-24T07:23:39.658857+00:00
2026-04-01,Coghlan,0,direct,all,47,43,691.22,764.22,967.88,2026-04-24T07:23:39.658857+00:00
2026-04-01,Coghlan,0,direct,furnished,21,20,817.65,897.54,1144.04,2026-04-24T03:15:38.386579+00:00
2026-04-01,Coghlan,0,direct,unfurnished,30,29,623.29,728.08,808.38,2026-04-24T07:23:39.658857+00:00
2026-04-01,Coghlan,1,all,all,149,144,786.27,1023.37,1360.00,2026-04-24T07:23:39.658857+00:00
2026-04-01,Coghlan,1,platform,all,69,65,928.00,1173.00,1454.00,2026-04-24T07:23:39.658857+00:00
2026-04-01,Coghlan,1,platform,furnished,65,62,934.00,1178.00,1542.00,2026-04-24T07:23:39.658857+00:00
2026-04-01,Coghlan,1,direct,all,80,79,760.65,914.10,1167.37,2026-04-24T07:23:39.658857+00:00
2026-04-01,Coghlan,1,direct,furnished,39,38,781.96,987.20,1196.65,2026-04-24T07:23:39.658857+00:00
2026-04-01,Coghlan,1,direct,unfurnished,41,41,667.13,859.35,1166.89,2026-04-24T07:23:39.658857+00:00
2026-04-01,Coghlan,2,all,all,53,48,1236.00,1406.50,1852.88,2026-04-24T07:23:39.658857+00:00
2026-04-01,Coghlan,2,direct,all,44,43,1196.55,1399.27,1871.65,2026-04-24T07:23:39.658857+00:00
2026-04-01,Coghlan,2,direct,furnished,23,23,1185.08,1392.05,1890.43,2026-04-24T07:23:39.658857+00:00
2026-04-01,Coghlan,2,direct,unfurnished,21,16,1273.50,1406.50,1642.59,2026-04-24T07:23:39.658857+00:00
2026-04-01,Colegiales,0,all,all,207,202,826.00,1099.00,1420.50,2026-04-24T07:23:39.658857+00:00
2026-04-01,Colegiales,0,platform,all,93,90,1055.39,1291.36,1576.00,2026-04-24T07:23:39.658857+00:00
2026-04-01,Colegiales,0,platform,furnished,87,85,1053.00,1284.00,1569.00,2026-04-24T07:23:39.658857+00:00
2026-04-01,Colegiales,0,direct,all,114,104,703.99,900.67,1223.38,2026-04-24T07:23:39.658857+00:00
2026-04-01,Colegiales,0,direct,furnished,60,59,805.39,1012.78,1544.57,2026-04-24T07:23:39.658857+00:00
2026-04-01,Colegiales,0,direct,unfurnished,54,49,657.94,794.25,952.91,2026-04-24T07:23:39.658857+00:00
2026-04-01,Colegiales,1,all,all,899,847,932.00,1304.00,1909.50,2026-04-24T07:23:39.658857+00:00
2026-04-01,Colegiales,1,platform,all,472,447,1193.50,1497.94,2229.18,2026-04-24T07:23:39.658857+00:00
2026-04-01,Colegiales,1,platform,furnished,451,428,1202.00,1492.00,2210.50,2026-04-24T07:23:39.658857+00:00
2026-04-01,Colegiales,1,direct,all,427,399,815.07,1028.35,1582.71,2026-04-24T07:23:39.658857+00:00
2026-04-01,Colegiales,1,direct,furnished,230,215,925.55,1262.28,1961.01,2026-04-24T07:23:39.658857+00:00
2026-04-01,Colegiales,1,direct,unfurnished,191,178,736.31,919.18,1187.19,2026-04-24T07:23:39.658857+00:00
2026-04-01,Colegiales,2,all,all,271,241,1333.69,1764.66,2598.50,2026-04-24T07:23:39.658857+00:00
2026-04-01,Colegiales,2,platform,all,95,88,1766.00,2260.00,3988.50,2026-04-24T07:23:39.658857+00:00
2026-04-01,Colegiales,2,platform,furnished,89,82,1741.00,2260.00,3874.00,2026-04-24T07:23:39.658857+00:00
2026-04-01,Colegiales,2,direct,all,176,157,1173.77,1604.86,2031.47,2026-04-24T07:23:39.658857+00:00
2026-04-01,Colegiales,2,direct,furnished,76,67,1381.58,1759.71,2775.97,2026-04-24T07:23:39.658857+00:00
2026-04-01,Colegiales,2,direct,unfurnished,99,95,1115.79,1427.91,1802.20,2026-04-24T07:23:39.658857+00:00
2026-04-01,Colegiales,3,all,all,75,66,1512.00,1872.00,2673.37,2026-04-24T07:23:39.658857+00:00
2026-04-01,Colegiales,3,direct,all,57,52,1465.25,1792.32,2221.34,2026-04-24T07:23:39.658857+00:00
2026-04-01,Colegiales,3,direct,furnished,36,30,1487.81,1775.78,2182.38,2026-04-24T07:23:39.658857+00:00
2026-04-01,Colegiales,3,direct,unfurnished,21,20,1464.67,1837.59,2223.17,2026-04-24T07:23:39.658857+00:00
2026-04-01,Colegiales,4,all,all,41,34,2580.78,3649.73,4861.33,2026-04-24T07:23:39.658857+00:00
2026-04-01,Colegiales,4,direct,all,33,28,2525.48,3482.90,4322.28,2026-04-24T07:23:39.658857+00:00
2026-04-01,Colegiales,4,direct,furnished,23,23,2354.22,2826.61,4062.53,2026-04-24T07:23:39.658857+00:00
2026-04-01,Constitución,0,all,all,112,110,584.80,712.09,966.50,2026-04-24T07:23:39.658857+00:00
2026-04-01,Constitución,0,platform,all,40,39,692.07,961.50,1177.50,2026-04-24T07:23:39.658857+00:00
2026-04-01,Constitución,0,platform,furnished,38,37,653.36,961.50,1190.50,2026-04-24T07:23:39.658857+00:00
2026-04-01,Constitución,0,direct,all,72,67,583.77,681.52,786.20,2026-04-24T07:23:39.658857+00:00
2026-04-01,Constitución,0,direct,furnished,32,31,696.56,777.37,951.92,2026-04-24T07:23:39.658857+00:00
2026-04-01,Constitución,0,direct,unfurnished,39,37,556.18,609.04,691.11,2026-04-24T07:23:39.658857+00:00
2026-04-01,Constitución,1,all,all,441,421,684.00,860.81,1233.35,2026-04-24T07:23:39.658857+00:00
2026-04-01,Constitución,1,platform,all,262,247,811.50,1086.00,1431.75,2026-04-24T07:23:39.658857+00:00
2026-04-01,Constitución,1,platform,furnished,237,223,816.00,1088.00,1422.00,2026-04-24T07:23:39.658857+00:00
2026-04-01,Constitución,1,direct,all,179,169,598.93,726.06,845.59,2026-04-24T07:23:39.658857+00:00
2026-04-01,Constitución,1,direct,furnished,103,94,639.05,762.88,861.83,2026-04-24T07:23:39.658857+00:00
2026-04-01,Constitución,1,direct,unfurnished,75,72,588.08,650.05,796.94,2026-04-24T07:23:39.658857+00:00
2026-04-01,Constitución,2,all,all,91,79,839.87,1015.90,1299.46,2026-04-24T07:23:39.658857+00:00
2026-04-01,Constitución,2,platform,all,21,21,1151.00,1412.00,2171.00,2026-04-24T07:23:39.658857+00:00
2026-04-01,Constitución,2,platform,furnished,21,21,1151.00,1412.00,2171.00,2026-04-24T07:23:39.658857+00:00
2026-04-01,Constitución,2,direct,all,70,65,779.98,932.50,1138.73,2026-04-24T07:23:39.658857+00:00
2026-04-01,Constitución,2,direct,furnished,33,32,861.92,971.43,1144.46,2026-04-24T07:23:39.658857+00:00
2026-04-01,Constitución,2,direct,unfurnished,37,33,714.96,873.46,1081.82,2026-04-24T07:23:39.658857+00:00
2026-04-01,Escobar,0,all,all,34,29,513.26,628.38,731.06,2026-04-24T07:23:39.658857+00:00
2026-04-01,Escobar,0,direct,all,34,29,513.26,628.38,731.06,2026-04-24T07:23:39.658857+00:00
2026-04-01,Escobar,0,direct,unfurnished,20,19,484.64,524.03,628.13,2026-04-24T07:23:39.658857+00:00
2026-04-01,Escobar,1,all,all,201,187,554.79,660.35,884.68,2026-04-24T07:23:39.658857+00:00
2026-04-01,Escobar,1,direct,all,201,187,554.79,660.35,884.68,2026-04-24T07:23:39.658857+00:00
2026-04-01,Escobar,1,direct,furnished,71,64,612.72,725.21,1069.98,2026-04-24T07:23:39.658857+00:00
2026-04-01,Escobar,1,direct,unfurnished,130,120,532.05,631.56,781.97,2026-04-24T07:23:39.658857+00:00
2026-04-01,Escobar,2,all,all,109,99,955.71,1137.27,1477.25,2026-04-24T07:23:39.658857+00:00
2026-04-01,Escobar,2,direct,all,109,99,955.71,1137.27,1477.25,2026-04-24T07:23:39.658857+00:00
2026-04-01,Escobar,2,direct,furnished,37,31,1065.24,1197.97,1837.61,2026-04-24T07:23:39.658857+00:00
2026-04-01,Escobar,2,direct,unfurnished,72,71,911.75,1133.41,1396.83,2026-04-24T07:23:39.658857+00:00
2026-04-01,Escobar,3,all,all,269,264,2525.19,3806.44,4476.14,2026-04-24T07:23:39.658857+00:00
2026-04-01,Escobar,3,direct,all,269,264,2525.19,3806.44,4476.14,2026-04-24T07:23:39.658857+00:00
2026-04-01,Escobar,3,direct,furnished,156,151,2527.26,3865.73,4634.16,2026-04-24T07:23:39.658857+00:00
2026-04-01,Escobar,3,direct,unfurnished,113,113,2525.19,3723.78,4391.49,2026-04-24T07:23:39.658857+00:00
2026-04-01,Escobar,4,all,all,130,117,2638.11,3707.80,4660.64,2026-04-24T07:23:39.658857+00:00
2026-04-01,Escobar,4,direct,all,130,117,2638.11,3707.80,4660.64,2026-04-24T07:23:39.658857+00:00
2026-04-01,Escobar,4,direct,furnished,68,62,2666.08,3761.24,5077.93,2026-04-24T07:23:39.658857+00:00
2026-04-01,Escobar,4,direct,unfurnished,62,60,2644.17,3707.80,4353.85,2026-04-24T07:23:39.658857+00:00
2026-04-01,Esteban Echeverría,0,all,all,64,62,517.48,709.02,801.21,2026-04-24T07:23:39.658857+00:00
2026-04-01,Esteban Echeverría,0,direct,all,64,62,517.48,709.02,801.21,2026-04-24T07:23:39.658857+00:00
2026-04-01,Esteban Echeverría,0,direct,furnished,23,23,473.70,559.07,782.41,2026-04-24T03:15:38.386579+00:00
2026-04-01,Esteban Echeverría,0,direct,unfurnished,46,44,538.83,728.00,803.51,2026-04-24T07:23:39.658857+00:00
2026-04-01,Esteban Echeverría,1,all,all,490,473,669.71,921.89,1131.67,2026-04-24T07:23:39.658857+00:00
2026-04-01,Esteban Echeverría,1,direct,all,490,473,669.71,921.89,1131.67,2026-04-24T07:23:39.658857+00:00
2026-04-01,Esteban Echeverría,1,direct,furnished,181,177,697.41,886.07,1124.98,2026-04-24T07:23:39.658857+00:00
2026-04-01,Esteban Echeverría,1,direct,unfurnished,309,295,651.45,946.62,1142.86,2026-04-24T07:23:39.658857+00:00
2026-04-01,Esteban Echeverría,2,all,all,189,171,703.46,879.90,1390.62,2026-04-24T07:23:39.658857+00:00
2026-04-01,Esteban Echeverría,2,direct,all,189,171,703.46,879.90,1390.62,2026-04-24T07:23:39.658857+00:00
2026-04-01,Esteban Echeverría,2,direct,furnished,61,49,737.45,941.60,1810.53,2026-04-24T07:23:39.658857+00:00
2026-04-01,Esteban Echeverría,2,direct,unfurnished,128,121,663.41,857.58,1145.50,2026-04-24T07:23:39.658857+00:00
2026-04-01,Esteban Echeverría,3,all,all,287,276,2104.40,3234.60,4670.48,2026-04-24T07:23:39.658857+00:00
2026-04-01,Esteban Echeverría,3,direct,all,287,276,2104.40,3234.60,4670.48,2026-04-24T07:23:39.658857+00:00
2026-04-01,Esteban Echeverría,3,direct,furnished,166,159,2266.07,3689.03,4937.93,2026-04-24T07:23:39.658857+00:00
2026-04-01,Esteban Echeverría,3,direct,unfurnished,121,118,1941.84,2837.15,4163.99,2026-04-24T07:23:39.658857+00:00
2026-04-01,Esteban Echeverría,4,all,all,254,225,3438.41,5387.51,8146.96,2026-04-24T07:23:39.658857+00:00
2026-04-01,Esteban Echeverría,4,direct,all,254,225,3438.41,5387.51,8146.96,2026-04-24T07:23:39.658857+00:00
2026-04-01,Esteban Echeverría,4,direct,furnished,185,158,3870.91,5875.43,8789.67,2026-04-24T07:23:39.658857+00:00
2026-04-01,Esteban Echeverría,4,direct,unfurnished,69,66,2435.45,3811.00,7205.83,2026-04-24T07:23:39.658857+00:00
2026-04-01,Ezeiza,1,all,all,99,94,653.18,812.17,1075.46,2026-04-24T07:23:39.658857+00:00
2026-04-01,Ezeiza,1,direct,all,99,94,653.18,812.17,1075.46,2026-04-24T07:23:39.658857+00:00
2026-04-01,Ezeiza,1,direct,furnished,24,21,696.28,1022.48,1107.18,2026-04-24T07:23:39.658857+00:00
2026-04-01,Ezeiza,1,direct,unfurnished,75,70,653.18,762.87,1010.54,2026-04-24T07:23:39.658857+00:00
2026-04-01,Ezeiza,2,all,all,108,101,966.58,1164.44,1501.40,2026-04-24T07:23:39.658857+00:00
2026-04-01,Ezeiza,2,direct,all,108,101,966.58,1164.44,1501.40,2026-04-24T07:23:39.658857+00:00
2026-04-01,Ezeiza,2,direct,furnished,30,25,1261.18,1514.53,2037.69,2026-04-24T07:23:39.658857+00:00
2026-04-01,Ezeiza,2,direct,unfurnished,78,74,902.77,1071.26,1356.61,2026-04-24T07:23:39.658857+00:00
2026-04-01,Ezeiza,3,all,all,21,19,1412.39,1938.25,2970.97,2026-04-24T07:23:39.658857+00:00
2026-04-01,Ezeiza,3,direct,all,21,19,1412.39,1938.25,2970.97,2026-04-24T07:23:39.658857+00:00
2026-04-01,Florencio Varela,1,all,all,81,74,464.15,554.05,687.01,2026-04-24T07:23:39.658857+00:00
2026-04-01,Florencio Varela,1,direct,all,81,74,464.15,554.05,687.01,2026-04-24T07:23:39.658857+00:00
2026-04-01,Florencio Varela,1,direct,furnished,28,26,534.95,662.86,829.28,2026-04-24T07:23:39.658857+00:00
2026-04-01,Florencio Varela,1,direct,unfurnished,53,48,447.85,530.81,605.29,2026-04-24T07:23:39.658857+00:00
2026-04-01,Florencio Varela,2,all,all,47,41,818.03,939.90,1360.66,2026-04-24T07:23:39.658857+00:00
2026-04-01,Florencio Varela,2,direct,all,47,41,818.03,939.90,1360.66,2026-04-24T07:23:39.658857+00:00
2026-04-01,Florencio Varela,2,direct,unfurnished,33,29,795.45,914.84,1088.62,2026-04-24T07:23:39.658857+00:00
2026-04-01,Florencio Varela,3,all,all,20,17,924.81,1478.29,2116.15,2026-04-23T03:05:15.491547+00:00
2026-04-01,Florencio Varela,3,direct,all,20,17,924.81,1478.29,2116.15,2026-04-23T03:05:15.491547+00:00
2026-04-01,Flores,0,all,all,188,173,611.00,682.14,780.03,2026-04-24T07:23:39.658857+00:00
2026-04-01,Flores,0,direct,all,180,169,610.07,676.95,758.72,2026-04-24T07:23:39.658857+00:00
2026-04-01,Flores,0,direct,furnished,76,74,641.48,713.37,821.31,2026-04-24T07:23:39.658857+00:00
2026-04-01,Flores,0,direct,unfurnished,104,97,561.41,653.48,713.24,2026-04-24T07:23:39.658857+00:00
2026-04-01,Flores,1,all,all,630,589,652.44,793.44,1006.04,2026-04-24T07:23:39.658857+00:00
2026-04-01,Flores,1,platform,all,113,105,789.00,1081.30,1429.12,2026-04-24T07:23:39.658857+00:00
2026-04-01,Flores,1,platform,furnished,106,98,818.25,1088.00,1510.00,2026-04-24T07:23:39.658857+00:00
2026-04-01,Flores,1,direct,all,517,491,646.19,754.63,929.26,2026-04-24T07:23:39.658857+00:00
2026-04-01,Flores,1,direct,furnished,219,211,676.32,809.97,998.73,2026-04-24T07:23:39.658857+00:00
2026-04-01,Flores,1,direct,unfurnished,288,273,619.77,727.91,883.74,2026-04-24T07:23:39.658857+00:00
2026-04-01,Flores,2,all,all,250,238,872.55,1098.94,1326.55,2026-04-24T07:23:39.658857+00:00
2026-04-01,Flores,2,direct,all,236,224,858.63,1071.36,1290.07,2026-04-24T07:23:39.658857+00:00
2026-04-01,Flores,2,direct,furnished,86,85,846.35,1069.55,1310.54,2026-04-24T07:23:39.658857+00:00
2026-04-01,Flores,2,direct,unfurnished,150,141,879.08,1071.36,1287.17,2026-04-24T07:23:39.658857+00:00
2026-04-01,Flores,3,all,all,96,92,1225.75,1565.39,2396.36,2026-04-24T07:23:39.658857+00:00
2026-04-01,Flores,3,direct,all,92,90,1218.95,1525.27,2357.43,2026-04-24T07:23:39.658857+00:00
2026-04-01,Flores,3,direct,furnished,45,44,1262.10,1594.87,2461.08,2026-04-24T07:23:39.658857+00:00
2026-04-01,Flores,3,direct,unfurnished,46,45,1075.25,1404.03,2153.18,2026-04-24T07:23:39.658857+00:00
2026-04-01,Flores,4,all,all,30,30,1406.24,2289.29,3314.67,2026-04-24T07:23:39.658857+00:00
2026-04-01,Flores,4,direct,all,29,29,1401.77,2273.74,3360.94,2026-04-24T07:23:39.658857+00:00
2026-04-01,Floresta,0,all,all,21,19,599.09,659.00,732.52,2026-04-24T07:23:39.658857+00:00
2026-04-01,Floresta,0,direct,all,20,20,546.77,620.57,732.05,2026-04-24T03:15:38.386579+00:00
2026-04-01,Floresta,1,all,all,101,91,586.50,731.26,1016.06,2026-04-24T07:23:39.658857+00:00
2026-04-01,Floresta,1,platform,all,22,22,759.05,1501.50,2693.75,2026-04-24T07:23:39.658857+00:00
2026-04-01,Floresta,1,direct,all,79,76,561.78,692.68,845.11,2026-04-24T07:23:39.658857+00:00
2026-04-01,Floresta,1,direct,furnished,22,22,624.17,725.23,856.93,2026-04-24T03:15:38.386579+00:00
2026-04-01,Floresta,1,direct,unfurnished,59,56,561.78,691.29,864.49,2026-04-24T07:23:39.658857+00:00
2026-04-01,Floresta,2,all,all,51,48,790.22,1006.64,1200.79,2026-04-24T07:23:39.658857+00:00
2026-04-01,Floresta,2,direct,all,49,46,788.46,925.41,1201.09,2026-04-24T07:23:39.658857+00:00
2026-04-01,Floresta,2,direct,furnished,23,21,771.72,819.36,1048.61,2026-04-24T03:15:38.386579+00:00
2026-04-01,Floresta,2,direct,unfurnished,35,33,812.01,1012.73,1264.28,2026-04-24T07:23:39.658857+00:00
2026-04-01,Florida,1,all,all,80,76,684.95,977.34,1347.68,2026-04-24T07:23:39.658857+00:00
2026-04-01,Florida,1,platform,all,29,26,968.00,1237.00,1810.00,2026-04-24T07:23:39.658857+00:00
2026-04-01,Florida,1,platform,furnished,27,26,954.50,1122.00,1627.00,2026-04-24T07:23:39.658857+00:00
2026-04-01,Florida,1,direct,all,51,50,644.08,791.97,1253.87,2026-04-24T07:23:39.658857+00:00
2026-04-01,Florida,1,direct,unfurnished,42,41,639.65,737.95,1210.70,2026-04-24T07:23:39.658857+00:00
2026-04-01,Florida,2,all,all,44,43,1096.66,1760.67,2332.87,2026-04-24T07:23:39.658857+00:00
2026-04-01,Florida,2,direct,all,37,36,1080.73,1558.40,2094.47,2026-04-24T07:23:39.658857+00:00
2026-04-01,Florida,2,direct,unfurnished,22,21,1073.33,1365.03,1957.47,2026-04-24T07:23:39.658857+00:00
2026-04-01,General Rodríguez,1,all,all,58,52,455.09,566.10,844.32,2026-04-24T07:23:39.658857+00:00
2026-04-01,General Rodríguez,1,direct,all,58,52,455.09,566.10,844.32,2026-04-24T07:23:39.658857+00:00
2026-04-01,General Rodríguez,1,direct,unfurnished,41,37,440.76,496.15,639.02,2026-04-24T07:23:39.658857+00:00
2026-04-01,General Rodríguez,2,all,all,66,65,858.60,1810.02,3335.44,2026-04-24T07:23:39.658857+00:00
2026-04-01,General Rodríguez,2,direct,all,66,65,858.60,1810.02,3335.44,2026-04-24T07:23:39.658857+00:00
2026-04-01,General Rodríguez,2,direct,furnished,38,38,1314.10,2363.03,4374.37,2026-04-24T07:23:39.658857+00:00
2026-04-01,General Rodríguez,2,direct,unfurnished,28,25,771.46,1047.06,1714.55,2026-04-24T07:23:39.658857+00:00
2026-04-01,General Rodríguez,3,all,all,71,63,2069.84,3636.56,5845.86,2026-04-24T07:23:39.658857+00:00
2026-04-01,General Rodríguez,3,direct,all,71,63,2069.84,3636.56,5845.86,2026-04-24T07:23:39.658857+00:00
2026-04-01,General Rodríguez,3,direct,furnished,52,46,2093.04,3599.07,5444.62,2026-04-24T07:23:39.658857+00:00
2026-04-01,General Rodríguez,3,direct,unfurnished,20,17,1870.48,3586.19,5901.78,2026-04-24T03:15:38.386579+00:00
2026-04-01,General Rodríguez,4,all,all,49,42,3478.15,5178.14,6799.96,2026-04-24T07:23:39.658857+00:00
2026-04-01,General Rodríguez,4,direct,all,49,42,3478.15,5178.14,6799.96,2026-04-24T07:23:39.658857+00:00
2026-04-01,General Rodríguez,4,direct,furnished,38,35,3672.51,5283.27,6702.13,2026-04-24T07:23:39.658857+00:00
2026-04-01,General San Martín,0,all,all,161,146,464.64,577.33,759.58,2026-04-24T07:23:39.658857+00:00
2026-04-01,General San Martín,0,direct,all,158,142,461.18,575.95,742.69,2026-04-24T07:23:39.658857+00:00
2026-04-01,General San Martín,0,direct,unfurnished,143,128,465.75,574.73,741.01,2026-04-24T07:23:39.658857+00:00
2026-04-01,General San Martín,1,all,all,1077,1002,507.17,614.13,737.96,2026-04-24T07:23:39.658857+00:00
2026-04-01,General San Martín,1,platform,all,41,38,952.00,1181.00,1474.00,2026-04-24T07:23:39.658857+00:00
2026-04-01,General San Martín,1,platform,furnished,38,35,1011.00,1216.00,1506.25,2026-04-24T07:23:39.658857+00:00
2026-04-01,General San Martín,1,direct,all,1036,979,502.73,608.25,723.88,2026-04-24T07:23:39.658857+00:00
2026-04-01,General San Martín,1,direct,furnished,247,232,524.08,621.38,743.08,2026-04-24T07:23:39.658857+00:00
2026-04-01,General San Martín,1,direct,unfurnished,780,737,499.90,606.62,713.66,2026-04-24T07:23:39.658857+00:00
2026-04-01,General San Martín,2,all,all,607,579,714.01,855.34,1071.58,2026-04-24T07:23:39.658857+00:00
2026-04-01,General San Martín,2,direct,all,599,575,712.65,854.35,1063.10,2026-04-24T07:23:39.658857+00:00
2026-04-01,General San Martín,2,direct,furnished,165,157,763.16,897.87,1091.83,2026-04-24T07:23:39.658857+00:00
2026-04-01,General San Martín,2,direct,unfurnished,427,409,700.85,835.42,1034.53,2026-04-24T07:23:39.658857+00:00
2026-04-01,General San Martín,3,all,all,93,89,962.97,1360.38,1722.97,2026-04-24T07:23:39.658857+00:00
2026-04-01,General San Martín,3,direct,all,90,87,954.69,1351.88,1701.64,2026-04-24T07:23:39.658857+00:00
2026-04-01,General San Martín,3,direct,furnished,28,24,1151.64,1360.28,1561.42,2026-04-24T07:23:39.658857+00:00
2026-04-01,General San Martín,3,direct,unfurnished,60,57,951.58,1307.18,1706.74,2026-04-24T07:23:39.658857+00:00
2026-04-01,General San Martín,4,all,all,20,20,1931.42,3249.89,5452.93,2026-04-24T07:23:39.658857+00:00
2026-04-01,Hurlingham,0,all,all,24,22,414.19,580.47,776.00,2026-04-24T07:23:39.658857+00:00
2026-04-01,Hurlingham,0,direct,all,24,22,414.19,580.47,776.00,2026-04-24T07:23:39.658857+00:00
2026-04-01,Hurlingham,1,all,all,155,147,456.52,578.52,727.21,2026-04-24T07:23:39.658857+00:00
2026-04-01,Hurlingham,1,direct,all,155,147,456.52,578.52,727.21,2026-04-24T07:23:39.658857+00:00
2026-04-01,Hurlingham,1,direct,furnished,31,28,457.93,671.18,899.38,2026-04-24T07:23:39.658857+00:00
2026-04-01,Hurlingham,1,direct,unfurnished,124,119,456.85,556.29,708.95,2026-04-24T07:23:39.658857+00:00
2026-04-01,Hurlingham,2,all,all,129,126,732.30,946.56,1208.25,2026-04-24T07:23:39.658857+00:00
2026-04-01,Hurlingham,2,direct,all,129,126,732.30,946.56,1208.25,2026-04-24T07:23:39.658857+00:00
2026-04-01,Hurlingham,2,direct,furnished,35,35,845.48,987.04,1249.32,2026-04-24T07:23:39.658857+00:00
2026-04-01,Hurlingham,2,direct,unfurnished,92,89,719.92,934.28,1190.77,2026-04-24T07:23:39.658857+00:00
2026-04-01,Hurlingham,3,all,all,60,56,1222.85,1637.87,2083.76,2026-04-24T07:23:39.658857+00:00
2026-04-01,Hurlingham,3,direct,all,60,56,1222.85,1637.87,2083.76,2026-04-24T07:23:39.658857+00:00
2026-04-01,Hurlingham,3,direct,furnished,24,23,1476.52,1696.29,2069.78,2026-04-24T07:23:39.658857+00:00
2026-04-01,Hurlingham,3,direct,unfurnished,35,33,1065.99,1566.08,2161.45,2026-04-24T07:23:39.658857+00:00
2026-04-01,Ituzaingó,0,all,all,52,47,454.00,577.77,698.67,2026-04-24T07:23:39.658857+00:00
2026-04-01,Ituzaingó,0,direct,all,52,47,454.00,577.77,698.67,2026-04-24T07:23:39.658857+00:00
2026-04-01,Ituzaingó,0,direct,unfurnished,38,35,443.50,558.36,879.19,2026-04-24T07:23:39.658857+00:00
2026-04-01,Ituzaingó,1,all,all,311,294,507.37,663.94,905.74,2026-04-24T07:23:39.658857+00:00
2026-04-01,Ituzaingó,1,direct,all,311,294,507.37,663.94,905.74,2026-04-24T07:23:39.658857+00:00
2026-04-01,Ituzaingó,1,direct,furnished,86,78,520.65,778.78,971.35,2026-04-24T07:23:39.658857+00:00
2026-04-01,Ituzaingó,1,direct,unfurnished,223,211,502.71,642.67,855.24,2026-04-24T07:23:39.658857+00:00
2026-04-01,Ituzaingó,2,all,all,266,241,853.46,1088.55,1460.76,2026-04-24T07:23:39.658857+00:00
2026-04-01,Ituzaingó,2,direct,all,266,241,853.46,1088.55,1460.76,2026-04-24T07:23:39.658857+00:00
2026-04-01,Ituzaingó,2,direct,furnished,77,70,911.39,1264.57,1696.39,2026-04-24T07:23:39.658857+00:00
2026-04-01,Ituzaingó,2,direct,unfurnished,184,170,829.99,1073.06,1386.77,2026-04-24T07:23:39.658857+00:00
2026-04-01,Ituzaingó,3,all,all,147,134,1897.99,2938.25,5018.98,2026-04-24T07:23:39.658857+00:00
2026-04-01,Ituzaingó,3,direct,all,147,134,1897.99,2938.25,5018.98,2026-04-24T07:23:39.658857+00:00
2026-04-01,Ituzaingó,3,direct,furnished,81,75,2110.05,3584.97,6071.98,2026-04-24T07:23:39.658857+00:00
2026-04-01,Ituzaingó,3,direct,unfurnished,63,58,1755.84,2442.90,3284.28,2026-04-24T07:23:39.658857+00:00
2026-04-01,Ituzaingó,4,all,all,61,56,1867.27,3447.23,6243.17,2026-04-24T07:23:39.658857+00:00
2026-04-01,Ituzaingó,4,direct,all,61,56,1867.27,3447.23,6243.17,2026-04-24T07:23:39.658857+00:00
2026-04-01,Ituzaingó,4,direct,furnished,35,35,3314.16,5660.00,11761.66,2026-04-24T07:23:39.658857+00:00
2026-04-01,Ituzaingó,4,direct,unfurnished,24,23,1476.35,1861.79,3475.83,2026-04-24T07:23:39.658857+00:00
2026-04-01,José C. Paz,0,all,all,24,20,379.82,517.78,899.87,2026-04-24T07:23:39.658857+00:00
2026-04-01,José C. Paz,0,direct,all,24,20,379.82,517.78,899.87,2026-04-24T07:23:39.658857+00:00
2026-04-01,José C. Paz,0,direct,unfurnished,22,20,374.30,495.82,832.65,2026-04-24T07:23:39.658857+00:00
2026-04-01,José C. Paz,1,all,all,142,129,453.69,530.79,687.93,2026-04-24T07:23:39.658857+00:00
2026-04-01,José C. Paz,1,direct,all,142,129,453.69,530.79,687.93,2026-04-24T07:23:39.658857+00:00
2026-04-01,José C. Paz,1,direct,unfurnished,127,113,450.67,523.06,659.18,2026-04-24T07:23:39.658857+00:00
2026-04-01,José C. Paz,2,all,all,83,78,759.15,958.14,1392.56,2026-04-24T07:23:39.658857+00:00
2026-04-01,José C. Paz,2,direct,all,83,78,759.15,958.14,1392.56,2026-04-24T07:23:39.658857+00:00
2026-04-01,José C. Paz,2,direct,furnished,21,18,877.27,1312.74,1531.82,2026-04-24T07:23:39.658857+00:00
2026-04-01,José C. Paz,2,direct,unfurnished,62,59,746.83,917.80,1188.57,2026-04-24T07:23:39.658857+00:00
2026-04-01,José C. Paz,3,all,all,27,26,1123.62,1579.10,5251.55,2026-04-24T07:23:39.658857+00:00
2026-04-01,José C. Paz,3,direct,all,27,26,1123.62,1579.10,5251.55,2026-04-24T07:23:39.658857+00:00
2026-04-01,José C. Paz,3,direct,unfurnished,20,17,976.88,1248.94,1855.78,2026-04-24T07:23:39.658857+00:00
2026-04-01,La Boca,0,all,all,28,23,537.78,641.62,776.16,2026-04-24T07:23:39.658857+00:00
2026-04-01,La Boca,0,direct,all,25,22,513.44,619.73,704.74,2026-04-24T07:23:39.658857+00:00
2026-04-01,La Boca,1,all,all,158,145,643.98,948.61,1260.50,2026-04-24T07:23:39.658857+00:00
2026-04-01,La Boca,1,platform,all,84,79,915.25,1161.50,1882.00,2026-04-24T07:23:39.658857+00:00
2026-04-01,La Boca,1,platform,furnished,77,72,913.00,1155.00,1882.00,2026-04-24T07:23:39.658857+00:00
2026-04-01,La Boca,1,direct,all,74,69,544.33,668.28,928.99,2026-04-24T07:23:39.658857+00:00
2026-04-01,La Boca,1,direct,furnished,27,23,629.47,779.94,975.72,2026-04-24T07:23:39.658857+00:00
2026-04-01,La Boca,1,direct,unfurnished,47,46,539.01,611.38,874.77,2026-04-24T07:23:39.658857+00:00
2026-04-01,La Boca,2,all,all,59,55,834.69,1076.25,1336.27,2026-04-24T07:23:39.658857+00:00
2026-04-01,La Boca,2,platform,all,20,16,1240.25,1369.00,1555.52,2026-04-24T07:23:39.658857+00:00
2026-04-01,La Boca,2,platform,furnished,20,16,1240.25,1369.00,1555.52,2026-04-24T07:23:39.658857+00:00
2026-04-01,La Boca,2,direct,all,39,38,778.91,903.89,1122.74,2026-04-24T07:23:39.658857+00:00
2026-04-01,La Boca,2,direct,unfurnished,27,27,775.15,903.89,1096.10,2026-04-24T07:23:39.658857+00:00
2026-04-01,La Boca,3,all,all,20,18,1292.20,1372.82,1869.80,2026-04-24T07:23:39.658857+00:00
2026-04-01,La Lucila,1,all,all,42,41,1296.00,1595.60,2450.58,2026-04-24T07:23:39.658857+00:00
2026-04-01,La Lucila,1,direct,all,30,30,1546.43,1694.50,2469.97,2026-04-24T07:23:39.658857+00:00
2026-04-01,La Lucila,1,direct,unfurnished,21,21,1584.01,1701.48,2412.11,2026-04-24T03:15:38.386579+00:00
2026-04-01,La Lucila,2,all,all,28,26,1624.93,1936.50,3534.15,2026-04-24T07:23:39.658857+00:00
2026-04-01,La Lucila,2,direct,all,23,22,1628.39,2118.16,3307.73,2026-04-24T07:23:39.658857+00:00
2026-04-01,La Lucila,2,direct,unfurnished,21,20,1624.73,2118.16,3152.88,2026-04-24T07:23:39.658857+00:00
2026-04-01,La Matanza,0,all,all,198,180,385.08,444.22,545.29,2026-04-24T07:23:39.658857+00:00
2026-04-01,La Matanza,0,direct,all,195,179,384.01,444.14,539.84,2026-04-24T07:23:39.658857+00:00
2026-04-01,La Matanza,0,direct,furnished,33,31,434.54,528.80,628.68,2026-04-24T07:23:39.658857+00:00
2026-04-01,La Matanza,0,direct,unfurnished,162,146,379.81,424.59,516.24,2026-04-24T07:23:39.658857+00:00
2026-04-01,La Matanza,1,all,all,2086,1953,463.19,561.06,689.75,2026-04-24T07:23:39.658857+00:00
2026-04-01,La Matanza,1,platform,all,63,54,866.50,1224.00,1480.00,2026-04-24T07:23:39.658857+00:00
2026-04-01,La Matanza,1,platform,furnished,62,54,861.75,1208.00,1444.75,2026-04-24T07:23:39.658857+00:00
2026-04-01,La Matanza,1,direct,all,2023,1927,461.44,556.77,680.49,2026-04-24T07:23:39.658857+00:00
2026-04-01,La Matanza,1,direct,furnished,454,421,495.35,597.56,711.08,2026-04-24T07:23:39.658857+00:00
2026-04-01,La Matanza,1,direct,unfurnished,1540,1475,457.48,548.38,669.08,2026-04-24T07:23:39.658857+00:00
2026-04-01,La Matanza,2,all,all,1287,1193,644.84,785.05,1007.19,2026-04-24T07:23:39.658857+00:00
2026-04-01,La Matanza,2,direct,all,1274,1182,644.29,782.73,995.94,2026-04-24T07:23:39.658857+00:00
2026-04-01,La Matanza,2,direct,furnished,284,264,688.10,866.37,1178.19,2026-04-24T07:23:39.658857+00:00
2026-04-01,La Matanza,2,direct,unfurnished,964,904,636.90,769.63,965.64,2026-04-24T07:23:39.658857+00:00
2026-04-01,La Matanza,3,all,all,250,233,875.51,1187.72,1689.10,2026-04-24T07:23:39.658857+00:00
2026-04-01,La Matanza,3,direct,all,248,231,873.12,1180.43,1691.37,2026-04-24T07:23:39.658857+00:00
2026-04-01,La Matanza,3,direct,furnished,86,77,998.53,1324.57,1937.78,2026-04-24T07:23:39.658857+00:00
2026-04-01,La Matanza,3,direct,unfurnished,161,149,822.50,1097.16,1470.15,2026-04-24T07:23:39.658857+00:00
2026-04-01,La Matanza,4,all,all,97,97,2169.00,3729.44,5224.33,2026-04-24T07:23:39.658857+00:00
2026-04-01,La Matanza,4,direct,all,97,97,2169.00,3729.44,5224.33,2026-04-24T07:23:39.658857+00:00
2026-04-01,La Matanza,4,direct,furnished,46,46,2445.68,4283.64,5539.14,2026-04-24T07:23:39.658857+00:00
2026-04-01,La Matanza,4,direct,unfurnished,51,51,1785.14,3319.75,4914.77,2026-04-24T07:23:39.658857+00:00
2026-04-01,Lanús,0,all,all,150,142,439.88,521.84,621.99,2026-04-24T07:23:39.658857+00:00
2026-04-01,Lanús,0,direct,all,150,142,439.88,521.84,621.99,2026-04-24T07:23:39.658857+00:00
2026-04-01,Lanús,0,direct,furnished,42,38,526.54,617.08,728.28,2026-04-24T07:23:39.658857+00:00
2026-04-01,Lanús,0,direct,unfurnished,108,103,427.02,492.60,567.30,2026-04-24T07:23:39.658857+00:00
2026-04-01,Lanús,1,all,all,926,892,501.40,601.23,738.67,2026-04-24T07:23:39.658857+00:00
2026-04-01,Lanús,1,direct,all,911,884,499.22,599.76,731.24,2026-04-24T07:23:39.658857+00:00
2026-04-01,Lanús,1,direct,furnished,252,248,508.43,631.91,772.44,2026-04-24T07:23:39.658857+00:00
2026-04-01,Lanús,1,direct,unfurnished,654,633,493.40,586.51,722.57,2026-04-24T07:23:39.658857+00:00
2026-04-01,Lanús,2,all,all,590,554,642.36,793.83,997.57,2026-04-24T07:23:39.658857+00:00
2026-04-01,Lanús,2,direct,all,583,549,641.27,791.72,986.88,2026-04-24T07:23:39.658857+00:00
2026-04-01,Lanús,2,direct,furnished,175,170,663.81,853.86,1053.76,2026-04-24T07:23:39.658857+00:00
2026-04-01,Lanús,2,direct,unfurnished,403,378,627.69,777.64,956.83,2026-04-24T07:23:39.658857+00:00
2026-04-01,Lanús,3,all,all,106,101,959.79,1236.56,1682.90,2026-04-24T07:23:39.658857+00:00
2026-04-01,Lanús,3,direct,all,106,101,959.79,1236.56,1682.90,2026-04-24T07:23:39.658857+00:00
2026-04-01,Lanús,3,direct,furnished,42,39,931.09,1073.00,1398.02,2026-04-24T07:23:39.658857+00:00
2026-04-01,Lanús,3,direct,unfurnished,64,60,986.52,1368.60,1911.53,2026-04-24T07:23:39.658857+00:00
2026-04-01,Lanús,4,all,all,28,27,1237.97,1667.62,2591.59,2026-04-24T07:23:39.658857+00:00
2026-04-01,Lanús,4,direct,all,28,27,1237.97,1667.62,2591.59,2026-04-24T07:23:39.658857+00:00
2026-04-01,La Paternal,1,all,all,47,42,619.00,776.00,1046.31,2026-04-24T07:23:39.658857+00:00
2026-04-01,La Paternal,1,direct,all,30,30,608.37,736.60,918.48,2026-04-24T07:23:39.658857+00:00
2026-04-01,La Paternal,1,direct,unfurnished,21,21,600.00,741.84,909.62,2026-04-24T07:23:39.658857+00:00
2026-04-01,La Plata,0,all,all,308,281,453.10,507.64,585.07,2026-04-24T07:23:39.658857+00:00
2026-04-01,La Plata,0,direct,all,308,281,453.10,507.64,585.07,2026-04-24T07:23:39.658857+00:00
2026-04-01,La Plata,0,direct,furnished,103,94,462.37,538.62,669.86,2026-04-24T07:23:39.658857+00:00
2026-04-01,La Plata,0,direct,unfurnished,205,194,444.50,491.48,564.57,2026-04-24T07:23:39.658857+00:00
2026-04-01,La Plata,1,all,all,1335,1226,512.59,601.88,729.83,2026-04-24T07:23:39.658857+00:00
2026-04-01,La Plata,1,direct,all,1335,1226,512.59,601.88,729.83,2026-04-24T07:23:39.658857+00:00
2026-04-01,La Plata,1,direct,furnished,454,421,547.21,653.80,832.06,2026-04-24T07:23:39.658857+00:00
2026-04-01,La Plata,1,direct,unfurnished,881,820,495.68,581.07,687.33,2026-04-24T07:23:39.658857+00:00
2026-04-01,La Plata,2,all,all,1010,921,690.10,839.22,1144.14,2026-04-24T07:23:39.658857+00:00
2026-04-01,La Plata,2,direct,all,1010,921,690.10,839.22,1144.14,2026-04-24T07:23:39.658857+00:00
2026-04-01,La Plata,2,direct,furnished,373,343,752.61,942.46,1344.00,2026-04-24T07:23:39.658857+00:00
2026-04-01,La Plata,2,direct,unfurnished,637,573,665.71,797.38,1004.92,2026-04-24T07:23:39.658857+00:00
2026-04-01,La Plata,3,all,all,380,359,1011.55,1584.54,2454.30,2026-04-24T07:23:39.658857+00:00
2026-04-01,La Plata,3,direct,all,380,359,1011.55,1584.54,2454.30,2026-04-24T07:23:39.658857+00:00
2026-04-01,La Plata,3,direct,furnished,160,150,1127.43,1763.05,2814.11,2026-04-24T07:23:39.658857+00:00
2026-04-01,La Plata,3,direct,unfurnished,219,203,971.05,1436.37,2206.14,2026-04-24T07:23:39.658857+00:00
2026-04-01,La Plata,4,all,all,116,104,1719.52,2764.22,4049.17,2026-04-24T07:23:39.658857+00:00
2026-04-01,La Plata,4,direct,all,116,104,1719.52,2764.22,4049.17,2026-04-24T07:23:39.658857+00:00
2026-04-01,La Plata,4,direct,furnished,49,45,2487.55,3716.21,5727.93,2026-04-24T07:23:39.658857+00:00
2026-04-01,La Plata,4,direct,unfurnished,67,63,1625.65,2402.98,3356.39,2026-04-24T07:23:39.658857+00:00
2026-04-01,Liniers,0,all,all,43,41,552.07,644.11,817.39,2026-04-24T07:23:39.658857+00:00
2026-04-01,Liniers,0,direct,all,39,36,543.50,627.55,769.13,2026-04-24T07:23:39.658857+00:00
2026-04-01,Liniers,0,direct,unfurnished,31,29,552.07,627.55,739.92,2026-04-24T07:23:39.658857+00:00
2026-04-01,Liniers,1,all,all,174,164,604.91,698.58,850.24,2026-04-24T07:23:39.658857+00:00
2026-04-01,Liniers,1,direct,all,163,153,602.88,688.95,821.34,2026-04-24T07:23:39.658857+00:00
2026-04-01,Liniers,1,direct,furnished,49,46,632.75,704.20,781.63,2026-04-24T07:23:39.658857+00:00
2026-04-01,Liniers,1,direct,unfurnished,112,107,585.10,682.67,853.67,2026-04-24T07:23:39.658857+00:00
2026-04-01,Liniers,2,all,all,66,66,865.99,1134.68,1546.00,2026-04-24T07:23:39.658857+00:00
2026-04-01,Liniers,2,direct,all,58,58,844.81,1024.07,1531.59,2026-04-24T07:23:39.658857+00:00
2026-04-01,Liniers,2,direct,furnished,23,23,987.88,1297.23,1643.90,2026-04-24T07:23:39.658857+00:00
2026-04-01,Liniers,2,direct,unfurnished,35,35,794.76,920.63,1305.62,2026-04-24T07:23:39.658857+00:00
2026-04-01,Lomas de Zamora,0,all,all,206,190,451.01,541.51,632.07,2026-04-24T07:23:39.658857+00:00
2026-04-01,Lomas de Zamora,0,direct,all,206,190,451.01,541.51,632.07,2026-04-24T07:23:39.658857+00:00
2026-04-01,Lomas de Zamora,0,direct,furnished,76,67,481.63,578.21,726.15,2026-04-24T07:23:39.658857+00:00
2026-04-01,Lomas de Zamora,0,direct,unfurnished,130,124,443.12,524.24,617.55,2026-04-24T07:23:39.658857+00:00
2026-04-01,Lomas de Zamora,1,all,all,970,917,538.78,653.16,798.97,2026-04-24T07:23:39.658857+00:00
2026-04-01,Lomas de Zamora,1,direct,all,970,917,538.78,653.16,798.97,2026-04-24T07:23:39.658857+00:00
2026-04-01,Lomas de Zamora,1,direct,furnished,325,304,578.34,720.09,917.63,2026-04-24T07:23:39.658857+00:00
2026-04-01,Lomas de Zamora,1,direct,unfurnished,631,606,533.91,624.07,753.89,2026-04-24T07:23:39.658857+00:00
2026-04-01,Lomas de Zamora,2,all,all,551,520,736.11,916.74,1220.33,2026-04-24T07:23:39.658857+00:00
2026-04-01,Lomas de Zamora,2,direct,all,551,520,736.11,916.74,1220.33,2026-04-24T07:23:39.658857+00:00
2026-04-01,Lomas de Zamora,2,direct,furnished,219,210,772.76,996.52,1369.95,2026-04-24T07:23:39.658857+00:00
2026-04-01,Lomas de Zamora,2,direct,unfurnished,328,311,726.77,870.78,1161.36,2026-04-24T07:23:39.658857+00:00
2026-04-01,Lomas de Zamora,3,all,all,176,163,895.01,1248.19,2063.42,2026-04-24T07:23:39.658857+00:00
2026-04-01,Lomas de Zamora,3,direct,all,176,163,895.01,1248.19,2063.42,2026-04-24T07:23:39.658857+00:00
2026-04-01,Lomas de Zamora,3,direct,furnished,76,73,989.92,1374.28,2529.74,2026-04-24T07:23:39.658857+00:00
2026-04-01,Lomas de Zamora,3,direct,unfurnished,100,96,811.99,1124.23,1943.00,2026-04-24T07:23:39.658857+00:00
2026-04-01,Lomas de Zamora,4,all,all,39,39,2108.02,2947.20,4245.29,2026-04-24T07:23:39.658857+00:00
2026-04-01,Lomas de Zamora,4,direct,all,39,39,2108.02,2947.20,4245.29,2026-04-24T07:23:39.658857+00:00
2026-04-01,Lomas de Zamora,4,direct,furnished,21,21,2427.98,3202.30,4398.09,2026-04-24T07:23:39.658857+00:00
2026-04-01,Luján,1,all,all,28,25,469.54,580.87,673.95,2026-04-24T07:23:39.658857+00:00
2026-04-01,Luján,1,direct,all,28,25,469.54,580.87,673.95,2026-04-24T07:23:39.658857+00:00
2026-04-01,Luján,2,all,all,30,28,762.21,1215.30,2300.95,2026-04-24T07:23:39.658857+00:00
2026-04-01,Luján,2,direct,all,30,28,762.21,1215.30,2300.95,2026-04-24T07:23:39.658857+00:00
2026-04-01,Luján,3,all,all,37,31,1967.60,2974.86,4644.30,2026-04-24T07:23:39.658857+00:00
2026-04-01,Luján,3,direct,all,37,31,1967.60,2974.86,4644.30,2026-04-24T07:23:39.658857+00:00
2026-04-01,Luján,3,direct,furnished,33,28,2076.74,2974.86,5053.42,2026-04-24T07:23:39.658857+00:00
2026-04-01,Luján,4,all,all,43,39,3898.33,6391.39,8823.58,2026-04-24T07:23:39.658857+00:00
2026-04-01,Luján,4,direct,all,43,39,3898.33,6391.39,8823.58,2026-04-24T07:23:39.658857+00:00
2026-04-01,Luján,4,direct,furnished,33,29,3784.95,5629.08,9297.25,2026-04-24T07:23:39.658857+00:00
2026-04-01,Martínez,0,all,all,22,18,535.02,579.61,772.66,2026-04-24T07:23:39.658857+00:00
2026-04-01,Martínez,0,direct,all,20,18,523.07,605.82,869.29,2026-04-24T03:15:38.386579+00:00
2026-04-01,Martínez,1,all,all,166,160,793.96,1132.50,1537.70,2026-04-24T07:23:39.658857+00:00
2026-04-01,Martínez,1,platform,all,61,59,858.00,1369.00,1984.00,2026-04-24T07:23:39.658857+00:00
2026-04-01,Martínez,1,platform,furnished,57,55,924.00,1413.00,1988.10,2026-04-24T07:23:39.658857+00:00
2026-04-01,Martínez,1,direct,all,105,105,749.58,1014.13,1298.60,2026-04-24T07:23:39.658857+00:00
2026-04-01,Martínez,1,direct,furnished,47,47,860.07,1145.60,1374.14,2026-04-24T07:23:39.658857+00:00
2026-04-01,Martínez,1,direct,unfurnished,57,57,706.56,956.16,1286.17,2026-04-24T07:23:39.658857+00:00
2026-04-01,Martínez,2,all,all,165,155,1139.16,1550.87,2257.38,2026-04-24T07:23:39.658857+00:00
2026-04-01,Martínez,2,platform,all,32,30,1536.50,1868.79,2743.50,2026-04-24T07:23:39.658857+00:00
2026-04-01,Martínez,2,platform,furnished,30,28,1533.50,1900.29,2790.50,2026-04-24T07:23:39.658857+00:00
2026-04-01,Martínez,2,direct,all,133,127,1082.46,1488.19,2199.44,2026-04-24T07:23:39.658857+00:00
2026-04-01,Martínez,2,direct,furnished,38,36,1097.50,1500.51,2379.63,2026-04-24T07:23:39.658857+00:00
2026-04-01,Martínez,2,direct,unfurnished,95,85,1068.74,1488.19,1875.75,2026-04-24T07:23:39.658857+00:00
2026-04-01,Martínez,3,all,all,81,75,2147.00,3610.86,4257.03,2026-04-24T07:23:39.658857+00:00
2026-04-01,Martínez,3,direct,all,72,68,1982.81,3427.20,4121.34,2026-04-24T07:23:39.658857+00:00
2026-04-01,Martínez,3,direct,furnished,23,23,3219.46,3798.97,5663.87,2026-04-24T07:23:39.658857+00:00
2026-04-01,Martínez,3,direct,unfurnished,49,46,1834.92,2844.72,3819.13,2026-04-24T07:23:39.658857+00:00
2026-04-01,Martínez,4,all,all,75,71,4231.38,7324.00,10783.90,2026-04-24T07:23:39.658857+00:00
2026-04-01,Martínez,4,direct,all,65,64,4137.09,7008.94,9369.22,2026-04-24T07:23:39.658857+00:00
2026-04-01,Martínez,4,direct,furnished,36,34,4075.22,6305.58,7919.89,2026-04-24T07:23:39.658857+00:00
2026-04-01,Martínez,4,direct,unfurnished,27,27,6305.58,7644.20,9445.83,2026-04-24T07:23:39.658857+00:00
2026-04-01,Mataderos,0,all,all,34,34,453.58,545.18,655.51,2026-04-24T07:23:39.658857+00:00
2026-04-01,Mataderos,0,direct,all,34,34,453.58,545.18,655.51,2026-04-24T07:23:39.658857+00:00
2026-04-01,Mataderos,0,direct,unfurnished,29,29,450.10,553.26,660.25,2026-04-24T07:23:39.658857+00:00
2026-04-01,Mataderos,1,all,all,117,115,618.23,743.76,1022.86,2026-04-24T07:23:39.658857+00:00
2026-04-01,Mataderos,1,direct,all,105,104,611.38,714.94,950.65,2026-04-24T07:23:39.658857+00:00
2026-04-01,Mataderos,1,direct,furnished,37,37,687.87,830.80,1035.10,2026-04-24T07:23:39.658857+00:00
2026-04-01,Mataderos,1,direct,unfurnished,68,67,572.91,671.63,906.61,2026-04-24T07:23:39.658857+00:00
2026-04-01,Mataderos,2,all,all,69,68,823.59,1072.46,1384.68,2026-04-24T07:23:39.658857+00:00
2026-04-01,Mataderos,2,direct,all,68,67,823.13,1059.54,1383.21,2026-04-24T07:23:39.658857+00:00
2026-04-01,Mataderos,2,direct,furnished,23,22,841.11,1119.13,1314.02,2026-04-24T03:15:38.386579+00:00
2026-04-01,Mataderos,2,direct,unfurnished,50,49,824.92,1036.10,1397.82,2026-04-24T07:23:39.658857+00:00
2026-04-01,Merlo,1,all,all,197,179,452.01,508.33,597.16,2026-04-24T07:23:39.658857+00:00
2026-04-01,Merlo,1,direct,all,197,179,452.01,508.33,597.16,2026-04-24T07:23:39.658857+00:00
2026-04-01,Merlo,1,direct,furnished,43,37,478.77,546.90,597.46,2026-04-24T07:23:39.658857+00:00
2026-04-01,Merlo,1,direct,unfurnished,154,139,449.79,505.96,596.55,2026-04-24T07:23:39.658857+00:00
2026-04-01,Merlo,2,all,all,104,94,661.79,778.15,956.29,2026-04-24T07:23:39.658857+00:00
2026-04-01,Merlo,2,direct,all,104,94,661.79,778.15,956.29,2026-04-24T07:23:39.658857+00:00
2026-04-01,Merlo,2,direct,furnished,28,27,663.64,812.15,995.88,2026-04-24T07:23:39.658857+00:00
2026-04-01,Merlo,2,direct,unfurnished,76,68,656.79,775.12,921.10,2026-04-24T07:23:39.658857+00:00
2026-04-01,Monserrat,0,all,all,394,350,688.76,949.81,1245.28,2026-04-24T07:23:39.658857+00:00
2026-04-01,Monserrat,0,platform,all,206,206,883.50,1025.00,1795.50,2026-04-24T07:23:39.658857+00:00
2026-04-01,Monserrat,0,platform,furnished,181,177,905.00,1026.00,1743.00,2026-04-24T07:23:39.658857+00:00
2026-04-01,Monserrat,0,direct,all,188,175,619.79,740.72,979.21,2026-04-24T07:23:39.658857+00:00
2026-04-01,Monserrat,0,direct,furnished,114,112,688.76,784.06,1090.48,2026-04-24T07:23:39.658857+00:00
2026-04-01,Monserrat,0,direct,unfurnished,74,67,560.08,679.68,841.85,2026-04-24T07:23:39.658857+00:00
2026-04-01,Monserrat,1,all,all,1441,1352,772.00,1031.00,1454.00,2026-04-24T07:23:39.658857+00:00
2026-04-01,Monserrat,1,platform,all,1005,949,894.00,1176.00,1632.00,2026-04-24T07:23:39.658857+00:00
2026-04-01,Monserrat,1,platform,furnished,942,889,895.00,1183.00,1644.25,2026-04-24T07:23:39.658857+00:00
2026-04-01,Monserrat,1,direct,all,436,398,674.34,809.10,1019.44,2026-04-24T07:23:39.658857+00:00
2026-04-01,Monserrat,1,direct,furnished,304,278,710.28,840.30,1058.74,2026-04-24T07:23:39.658857+00:00
2026-04-01,Monserrat,1,direct,unfurnished,128,113,596.11,730.25,896.16,2026-04-24T07:23:39.658857+00:00
2026-04-01,Monserrat,2,all,all,278,263,1026.53,1422.31,1948.00,2026-04-24T07:23:39.658857+00:00
2026-04-01,Monserrat,2,platform,all,147,136,1414.00,1785.00,2301.50,2026-04-24T07:23:39.658857+00:00
2026-04-01,Monserrat,2,platform,furnished,144,133,1416.50,1787.50,2318.00,2026-04-24T07:23:39.658857+00:00
2026-04-01,Monserrat,2,direct,all,131,123,873.21,1074.12,1404.42,2026-04-24T07:23:39.658857+00:00
2026-04-01,Monserrat,2,direct,furnished,70,66,950.42,1139.07,1481.35,2026-04-24T07:23:39.658857+00:00
2026-04-01,Monserrat,2,direct,unfurnished,61,56,772.59,957.00,1315.87,2026-04-24T07:23:39.658857+00:00
2026-04-01,Monserrat,3,all,all,46,43,1332.99,1915.97,3211.75,2026-04-24T07:23:39.658857+00:00
2026-04-01,Monserrat,3,platform,all,25,24,1944.00,3094.00,3916.00,2026-04-24T07:23:39.658857+00:00
2026-04-01,Monserrat,3,platform,furnished,23,22,1975.67,3251.00,4519.50,2026-04-24T07:23:39.658857+00:00
2026-04-01,Monserrat,3,direct,all,21,20,1110.85,1317.09,1521.03,2026-04-24T07:23:39.658857+00:00
2026-04-01,Monserrat,4,all,all,30,29,2316.78,4597.00,6212.45,2026-04-24T07:23:39.658857+00:00
2026-04-01,Monserrat,4,direct,all,20,20,2016.50,4739.91,10145.97,2026-04-24T07:23:39.658857+00:00
2026-04-01,Monte Castro,0,all,all,41,38,596.27,645.29,730.70,2026-04-24T07:23:39.658857+00:00
2026-04-01,Monte Castro,0,direct,all,41,38,596.27,645.29,730.70,2026-04-24T07:23:39.658857+00:00
2026-04-01,Monte Castro,0,direct,unfurnished,30,30,584.12,633.37,706.14,2026-04-24T07:23:39.658857+00:00
2026-04-01,Monte Castro,1,all,all,117,108,606.73,722.59,932.20,2026-04-24T07:23:39.658857+00:00
2026-04-01,Monte Castro,1,direct,all,102,98,600.70,710.86,915.40,2026-04-24T07:23:39.658857+00:00
2026-04-01,Monte Castro,1,direct,furnished,35,35,604.56,636.35,901.25,2026-04-24T07:23:39.658857+00:00
2026-04-01,Monte Castro,1,direct,unfurnished,66,62,603.61,718.70,915.40,2026-04-24T07:23:39.658857+00:00
2026-04-01,Monte Castro,2,all,all,34,34,894.11,1022.24,1279.25,2026-04-24T07:23:39.658857+00:00
2026-04-01,Monte Castro,2,direct,all,31,31,889.00,975.56,1240.05,2026-04-24T07:23:39.658857+00:00
2026-04-01,Monte Castro,2,direct,unfurnished,21,21,854.43,946.95,1164.63,2026-04-24T03:15:38.386579+00:00
2026-04-01,Moreno,0,all,all,51,43,445.43,524.62,818.43,2026-04-24T07:23:39.658857+00:00
2026-04-01,Moreno,0,direct,all,51,43,445.43,524.62,818.43,2026-04-24T07:23:39.658857+00:00
2026-04-01,Moreno,0,direct,unfurnished,43,36,446.65,531.95,1060.08,2026-04-24T07:23:39.658857+00:00
2026-04-01,Moreno,1,all,all,219,213,478.23,586.48,764.70,2026-04-24T07:23:39.658857+00:00
2026-04-01,Moreno,1,direct,all,219,213,478.23,586.48,764.70,2026-04-24T07:23:39.658857+00:00
2026-04-01,Moreno,1,direct,furnished,39,39,533.55,648.06,866.56,2026-04-24T07:23:39.658857+00:00
2026-04-01,Moreno,1,direct,unfurnished,180,174,473.07,580.74,753.06,2026-04-24T07:23:39.658857+00:00
2026-04-01,Moreno,2,all,all,158,142,714.00,914.93,1283.55,2026-04-24T07:23:39.658857+00:00
2026-04-01,Moreno,2,direct,all,158,142,714.00,914.93,1283.55,2026-04-24T07:23:39.658857+00:00
2026-04-01,Moreno,2,direct,furnished,34,33,848.25,1383.46,2030.65,2026-04-24T07:23:39.658857+00:00
2026-04-01,Moreno,2,direct,unfurnished,124,115,686.01,865.21,1136.00,2026-04-24T07:23:39.658857+00:00
2026-04-01,Moreno,3,all,all,41,33,2026.33,3446.24,4673.54,2026-04-24T07:23:39.658857+00:00
2026-04-01,Moreno,3,direct,all,41,33,2026.33,3446.24,4673.54,2026-04-24T07:23:39.658857+00:00
2026-04-01,Moreno,3,direct,furnished,22,20,2892.82,3686.73,15750.33,2026-04-24T07:23:39.658857+00:00
2026-04-01,Moreno,3,direct,unfurnished,20,18,1376.91,2405.55,4350.49,2026-04-24T03:15:38.386579+00:00
2026-04-01,Morón,0,all,all,283,261,420.17,467.81,554.35,2026-04-24T07:23:39.658857+00:00
2026-04-01,Morón,0,direct,all,282,260,419.73,467.60,552.67,2026-04-24T07:23:39.658857+00:00
2026-04-01,Morón,0,direct,furnished,52,51,430.15,493.24,576.52,2026-04-24T07:23:39.658857+00:00
2026-04-01,Morón,0,direct,unfurnished,230,210,415.46,466.63,543.44,2026-04-24T07:23:39.658857+00:00
2026-04-01,Morón,1,all,all,1495,1405,497.26,577.95,705.18,2026-04-24T07:23:39.658857+00:00
2026-04-01,Morón,1,platform,all,30,25,887.75,1074.00,1399.25,2026-04-24T07:23:39.658857+00:00
2026-04-01,Morón,1,platform,furnished,29,24,893.00,1133.00,1417.00,2026-04-24T07:23:39.658857+00:00
2026-04-01,Morón,1,direct,all,1465,1381,495.99,575.51,693.10,2026-04-24T07:23:39.658857+00:00
2026-04-01,Morón,1,direct,furnished,383,363,512.91,591.44,713.74,2026-04-24T07:23:39.658857+00:00
2026-04-01,Morón,1,direct,unfurnished,1042,982,492.40,569.33,689.52,2026-04-24T07:23:39.658857+00:00
2026-04-01,Morón,2,all,all,468,447,715.97,897.02,1186.82,2026-04-24T07:23:39.658857+00:00
2026-04-01,Morón,2,direct,all,466,445,715.62,899.30,1187.19,2026-04-24T07:23:39.658857+00:00
2026-04-01,Morón,2,direct,furnished,125,119,802.21,999.34,1311.66,2026-04-24T07:23:39.658857+00:00
2026-04-01,Morón,2,direct,unfurnished,336,317,691.55,879.06,1127.76,2026-04-24T07:23:39.658857+00:00
2026-04-01,Morón,3,all,all,148,143,945.33,1493.96,1954.54,2026-04-24T07:23:39.658857+00:00
2026-04-01,Morón,3,direct,all,147,142,939.08,1484.85,1942.22,2026-04-24T07:23:39.658857+00:00
2026-04-01,Morón,3,direct,furnished,64,60,1143.83,1739.18,2129.97,2026-04-24T07:23:39.658857+00:00
2026-04-01,Morón,3,direct,unfurnished,81,80,863.82,1269.34,1586.62,2026-04-24T07:23:39.658857+00:00
2026-04-01,Morón,4,all,all,37,35,1613.67,2000.29,4343.69,2026-04-24T07:23:39.658857+00:00
2026-04-01,Morón,4,direct,all,36,34,1608.34,1991.30,4134.26,2026-04-24T07:23:39.658857+00:00
2026-04-01,Munro,1,all,all,30,27,544.04,688.56,858.11,2026-04-24T07:23:39.658857+00:00
2026-04-01,Munro,1,direct,all,25,25,526.80,660.89,738.99,2026-04-24T07:23:39.658857+00:00
2026-04-01,Munro,2,all,all,22,21,1137.50,1754.34,2117.55,2026-04-24T03:15:38.386579+00:00
2026-04-01,Munro,2,direct,all,20,19,1103.90,1717.97,2009.54,2026-04-24T03:15:38.386579+00:00
2026-04-01,Nueva Pompeya,1,all,all,29,28,523.00,652.03,801.00,2026-04-24T07:23:39.658857+00:00
2026-04-01,Nueva Pompeya,1,direct,all,23,23,574.20,673.98,804.81,2026-04-24T03:15:38.386579+00:00
2026-04-01,Núñez,0,all,all,178,168,773.15,982.50,1311.28,2026-04-24T07:23:39.658857+00:00
2026-04-01,Núñez,0,platform,all,56,50,1086.25,1318.50,1674.25,2026-04-24T07:23:39.658857+00:00
2026-04-01,Núñez,0,platform,furnished,55,48,1094.00,1333.00,1674.50,2026-04-24T07:23:39.658857+00:00
2026-04-01,Núñez,0,direct,all,122,116,743.28,854.30,1107.09,2026-04-24T07:23:39.658857+00:00
2026-04-01,Núñez,0,direct,furnished,54,52,790.31,926.39,1244.90,2026-04-24T07:23:39.658857+00:00
2026-04-01,Núñez,0,direct,unfurnished,68,65,716.68,789.48,993.73,2026-04-24T07:23:39.658857+00:00
2026-04-01,Núñez,1,all,all,853,796,950.94,1241.00,1605.00,2026-04-24T07:23:39.658857+00:00
2026-04-01,Núñez,1,platform,all,325,296,1136.00,1387.00,1817.00,2026-04-24T07:23:39.658857+00:00
2026-04-01,Núñez,1,platform,furnished,313,284,1139.00,1391.00,1824.00,2026-04-24T07:23:39.658857+00:00
2026-04-01,Núñez,1,direct,all,528,496,865.12,1133.48,1441.21,2026-04-24T07:23:39.658857+00:00
2026-04-01,Núñez,1,direct,furnished,240,225,914.79,1196.10,1590.09,2026-04-24T07:23:39.658857+00:00
2026-04-01,Núñez,1,direct,unfurnished,287,265,838.68,1082.12,1351.66,2026-04-24T07:23:39.658857+00:00
2026-04-01,Núñez,2,all,all,305,289,1275.59,1874.00,2953.00,2026-04-24T07:23:39.658857+00:00
2026-04-01,Núñez,2,platform,all,78,72,1763.25,2478.50,3629.00,2026-04-24T07:23:39.658857+00:00
2026-04-01,Núñez,2,platform,furnished,74,69,1792.00,2507.50,3671.00,2026-04-24T07:23:39.658857+00:00
2026-04-01,Núñez,2,direct,all,227,215,1196.50,1592.68,2742.50,2026-04-24T07:23:39.658857+00:00
2026-04-01,Núñez,2,direct,furnished,99,94,1202.94,1911.66,2738.75,2026-04-24T07:23:39.658857+00:00
2026-04-01,Núñez,2,direct,unfurnished,126,121,1187.51,1486.33,2791.79,2026-04-24T07:23:39.658857+00:00
2026-04-01,Núñez,3,all,all,129,125,2459.04,4836.33,7525.97,2026-04-24T07:23:39.658857+00:00
2026-04-01,Núñez,3,direct,all,116,115,2357.53,5286.46,7722.15,2026-04-24T07:23:39.658857+00:00
2026-04-01,Núñez,3,direct,furnished,56,56,3261.33,6635.32,7736.70,2026-04-24T07:23:39.658857+00:00
2026-04-01,Núñez,3,direct,unfurnished,58,57,2031.98,3919.44,7738.17,2026-04-24T07:23:39.658857+00:00
2026-04-01,Núñez,4,all,all,37,37,4824.80,7457.25,10692.80,2026-04-24T07:23:39.658857+00:00
2026-04-01,Núñez,4,direct,all,36,36,4818.55,7457.25,10532.22,2026-04-24T07:23:39.658857+00:00
2026-04-01,Núñez,4,direct,furnished,20,20,6154.96,7457.25,12646.76,2026-04-24T07:23:39.658857+00:00
2026-04-01,Olivos,0,all,all,37,33,687.91,803.43,1508.46,2026-04-24T07:23:39.658857+00:00
2026-04-01,Olivos,0,direct,all,26,21,662.80,750.31,952.68,2026-04-24T07:23:39.658857+00:00
2026-04-01,Olivos,0,direct,unfurnished,20,18,634.83,750.31,799.12,2026-04-24T03:15:38.386579+00:00
2026-04-01,Olivos,1,all,all,237,224,815.58,1139.46,1743.79,2026-04-24T07:23:39.658857+00:00
2026-04-01,Olivos,1,platform,all,59,56,1264.50,1705.00,2102.00,2026-04-24T07:23:39.658857+00:00
2026-04-01,Olivos,1,platform,furnished,59,56,1264.50,1705.00,2102.00,2026-04-24T07:23:39.658857+00:00
2026-04-01,Olivos,1,direct,all,178,168,770.37,989.38,1565.30,2026-04-24T07:23:39.658857+00:00
2026-04-01,Olivos,1,direct,furnished,62,54,876.49,1486.60,1883.90,2026-04-24T07:23:39.658857+00:00
2026-04-01,Olivos,1,direct,unfurnished,115,110,713.76,917.14,1230.38,2026-04-24T07:23:39.658857+00:00
2026-04-01,Olivos,2,all,all,126,115,1254.11,1626.12,2036.68,2026-04-24T07:23:39.658857+00:00
2026-04-01,Olivos,2,direct,all,108,100,1241.37,1576.09,1978.06,2026-04-24T07:23:39.658857+00:00
2026-04-01,Olivos,2,direct,furnished,31,31,1520.41,1788.65,2331.73,2026-04-24T07:23:39.658857+00:00
2026-04-01,Olivos,2,direct,unfurnished,77,74,1187.76,1546.48,1820.25,2026-04-24T07:23:39.658857+00:00
2026-04-01,Olivos,3,all,all,55,54,2085.09,3342.69,4331.14,2026-04-24T07:23:39.658857+00:00
2026-04-01,Olivos,3,direct,all,50,49,2078.01,2889.49,4211.36,2026-04-24T07:23:39.658857+00:00
2026-04-01,Olivos,3,direct,furnished,21,21,2745.91,3704.33,4656.06,2026-04-24T07:23:39.658857+00:00
2026-04-01,Olivos,3,direct,unfurnished,29,28,2075.65,2624.27,3818.44,2026-04-24T07:23:39.658857+00:00
2026-04-01,Palermo,0,all,all,2564,2441,899.94,1191.00,1557.25,2026-04-24T07:23:39.658857+00:00
2026-04-01,Palermo,0,platform,all,1419,1326,1161.50,1394.00,1751.50,2026-04-24T07:23:39.658857+00:00
2026-04-01,Palermo,0,platform,furnished,1347,1262,1161.00,1387.00,1741.50,2026-04-24T07:23:39.658857+00:00
2026-04-01,Palermo,0,direct,all,1145,1059,744.80,912.22,1147.09,2026-04-24T07:23:39.658857+00:00
2026-04-01,Palermo,0,direct,furnished,676,630,836.36,1003.58,1290.54,2026-04-24T07:23:39.658857+00:00
2026-04-01,Palermo,0,direct,unfurnished,468,438,668.16,787.34,959.95,2026-04-24T07:23:39.658857+00:00
2026-04-01,Palermo,1,all,all,9290,8781,1003.61,1350.00,1856.73,2026-04-24T07:23:39.658857+00:00
2026-04-01,Palermo,1,platform,all,5833,5478,1154.00,1512.00,2015.00,2026-04-24T07:23:39.658857+00:00
2026-04-01,Palermo,1,platform,furnished,5534,5196,1160.00,1515.00,2015.75,2026-04-24T07:23:39.658857+00:00
2026-04-01,Palermo,1,direct,all,3457,3254,839.30,1090.30,1516.67,2026-04-24T07:23:39.658857+00:00
2026-04-01,Palermo,1,direct,furnished,2119,2003,905.27,1183.48,1646.29,2026-04-24T07:23:39.658857+00:00
2026-04-01,Palermo,1,direct,unfurnished,1320,1246,764.37,944.01,1292.68,2026-04-24T07:23:39.658857+00:00
2026-04-01,Palermo,2,all,all,2747,2597,1543.31,2152.00,3101.25,2026-04-24T07:23:39.658857+00:00
2026-04-01,Palermo,2,platform,all,1251,1174,1860.50,2495.00,3550.50,2026-04-24T07:23:39.658857+00:00
2026-04-01,Palermo,2,platform,furnished,1199,1128,1859.00,2488.00,3550.50,2026-04-24T07:23:39.658857+00:00
2026-04-01,Palermo,2,direct,all,1496,1427,1360.85,1836.70,2685.45,2026-04-24T07:23:39.658857+00:00
2026-04-01,Palermo,2,direct,furnished,871,834,1445.09,1938.37,2817.29,2026-04-24T07:23:39.658857+00:00
2026-04-01,Palermo,2,direct,unfurnished,619,576,1256.84,1682.95,2433.68,2026-04-24T07:23:39.658857+00:00
2026-04-01,Palermo,3,all,all,937,869,2194.61,3193.41,5089.00,2026-04-24T07:23:39.658857+00:00
2026-04-01,Palermo,3,platform,all,283,265,2729.50,3831.00,6209.50,2026-04-24T07:23:39.658857+00:00
2026-04-01,Palermo,3,platform,furnished,266,249,2691.00,3792.00,6172.50,2026-04-24T07:23:39.658857+00:00
2026-04-01,Palermo,3,direct,all,654,601,1996.58,2896.53,4628.45,2026-04-24T07:23:39.658857+00:00
2026-04-01,Palermo,3,direct,furnished,343,316,2108.26,2995.61,4746.45,2026-04-24T07:23:39.658857+00:00
2026-04-01,Palermo,3,direct,unfurnished,310,282,1942.67,2754.60,4483.09,2026-04-24T07:23:39.658857+00:00
2026-04-01,Palermo,4,all,all,282,270,3617.26,5411.00,10229.00,2026-04-24T07:23:39.658857+00:00
2026-04-01,Palermo,4,platform,all,124,119,5300.75,8677.00,12992.00,2026-04-24T07:23:39.658857+00:00
2026-04-01,Palermo,4,platform,furnished,116,111,5300.75,8443.50,13258.50,2026-04-24T07:23:39.658857+00:00
2026-04-01,Palermo,4,direct,all,158,140,2744.70,4335.02,5884.75,2026-04-24T07:23:39.658857+00:00
2026-04-01,Palermo,4,direct,furnished,74,66,2805.22,3918.57,6001.47,2026-04-24T07:23:39.658857+00:00
2026-04-01,Palermo,4,direct,unfurnished,83,73,2638.79,4842.82,5753.66,2026-04-24T07:23:39.658857+00:00
2026-04-01,Parque Avellaneda,1,all,all,55,51,576.05,706.48,924.10,2026-04-24T07:23:39.658857+00:00
2026-04-01,Parque Avellaneda,1,platform,all,21,18,671.00,846.00,1162.00,2026-04-24T07:23:39.658857+00:00
2026-04-01,Parque Avellaneda,1,direct,all,34,31,566.36,667.97,836.92,2026-04-24T07:23:39.658857+00:00
2026-04-01,Parque Avellaneda,1,direct,unfurnished,23,23,580.39,704.07,914.94,2026-04-24T07:23:39.658857+00:00
2026-04-01,Parque Avellaneda,2,all,all,23,22,796.89,898.28,1187.73,2026-04-24T07:23:39.658857+00:00
2026-04-01,Parque Avellaneda,2,direct,all,22,22,782.00,881.31,1223.26,2026-04-24T07:23:39.658857+00:00
2026-04-01,Parque Avellaneda,2,direct,unfurnished,20,20,763.15,936.39,1332.30,2026-04-23T03:05:15.491547+00:00
2026-04-01,Parque Chacabuco,0,all,all,44,42,583.55,664.83,818.21,2026-04-24T07:23:39.658857+00:00
2026-04-01,Parque Chacabuco,0,direct,all,42,41,582.21,658.04,793.37,2026-04-24T07:23:39.658857+00:00
2026-04-01,Parque Chacabuco,0,direct,unfurnished,25,23,581.54,639.49,694.07,2026-04-24T07:23:39.658857+00:00
2026-04-01,Parque Chacabuco,1,all,all,192,188,648.00,811.57,1067.02,2026-04-24T07:23:39.658857+00:00
2026-04-01,Parque Chacabuco,1,platform,all,42,39,934.25,1182.00,1341.25,2026-04-24T07:23:39.658857+00:00
2026-04-01,Parque Chacabuco,1,platform,furnished,41,38,933.00,1197.00,1345.00,2026-04-24T07:23:39.658857+00:00
2026-04-01,Parque Chacabuco,1,direct,all,150,148,641.48,769.05,967.91,2026-04-24T07:23:39.658857+00:00
2026-04-01,Parque Chacabuco,1,direct,furnished,43,41,715.50,799.67,973.53,2026-04-24T07:23:39.658857+00:00
2026-04-01,Parque Chacabuco,1,direct,unfurnished,105,104,632.96,759.97,961.80,2026-04-24T07:23:39.658857+00:00
2026-04-01,Parque Chacabuco,2,all,all,76,71,914.28,1115.44,1480.11,2026-04-24T07:23:39.658857+00:00
2026-04-01,Parque Chacabuco,2,direct,all,65,62,892.64,1007.56,1317.95,2026-04-24T07:23:39.658857+00:00
2026-04-01,Parque Chacabuco,2,direct,furnished,25,24,876.56,951.72,1194.99,2026-04-24T07:23:39.658857+00:00
2026-04-01,Parque Chacabuco,2,direct,unfurnished,40,38,921.36,1075.99,1420.84,2026-04-24T07:23:39.658857+00:00
2026-04-01,Parque Chacabuco,3,all,all,23,18,1248.43,1330.36,1728.44,2026-04-24T07:23:39.658857+00:00
2026-04-01,Parque Chacabuco,3,direct,all,22,16,1247.96,1316.83,1466.23,2026-04-24T07:23:39.658857+00:00
2026-04-01,Parque Chas,0,all,all,76,71,602.77,684.18,798.55,2026-04-24T07:23:39.658857+00:00
2026-04-01,Parque Chas,0,direct,all,68,64,606.66,684.18,770.42,2026-04-24T07:23:39.658857+00:00
2026-04-01,Parque Chas,0,direct,furnished,28,26,657.94,718.89,820.79,2026-04-24T07:23:39.658857+00:00
2026-04-01,Parque Chas,0,direct,unfurnished,40,38,596.66,656.36,728.21,2026-04-24T07:23:39.658857+00:00
2026-04-01,Parque Chas,1,all,all,121,114,709.06,805.37,1024.98,2026-04-24T07:23:39.658857+00:00
2026-04-01,Parque Chas,1,platform,all,32,31,862.75,1071.50,1375.44,2026-04-24T07:23:39.658857+00:00
2026-04-01,Parque Chas,1,platform,furnished,27,26,858.50,1051.00,1376.89,2026-04-24T07:23:39.658857+00:00
2026-04-01,Parque Chas,1,direct,all,89,85,677.69,768.28,893.67,2026-04-24T07:23:39.658857+00:00
2026-04-01,Parque Chas,1,direct,furnished,40,37,694.81,783.25,929.01,2026-04-24T07:23:39.658857+00:00
2026-04-01,Parque Chas,1,direct,unfurnished,48,47,675.06,768.17,862.76,2026-04-24T07:23:39.658857+00:00
2026-04-01,Parque Chas,2,all,all,24,21,1008.63,1142.70,1349.27,2026-04-24T07:23:39.658857+00:00
2026-04-01,Parque Chas,2,direct,all,25,25,1033.60,1142.70,1488.09,2026-04-24T03:15:38.386579+00:00
2026-04-01,Parque Chas,2,direct,unfurnished,22,21,1036.72,1142.70,1378.96,2026-04-23T03:05:15.491547+00:00
2026-04-01,Parque Patricios,0,all,all,28,27,549.36,746.75,881.22,2026-04-24T07:23:39.658857+00:00
2026-04-01,Parque Patricios,0,direct,all,23,23,538.46,639.99,871.97,2026-04-24T07:23:39.658857+00:00
2026-04-01,Parque Patricios,0,direct,unfurnished,22,22,524.95,599.59,795.29,2026-04-23T03:05:15.491547+00:00
2026-04-01,Parque Patricios,1,all,all,141,135,622.03,806.00,1100.78,2026-04-24T07:23:39.658857+00:00
2026-04-01,Parque Patricios,1,platform,all,54,50,796.75,1114.50,1355.75,2026-04-24T07:23:39.658857+00:00
2026-04-01,Parque Patricios,1,platform,furnished,47,43,814.50,1155.00,1351.50,2026-04-24T07:23:39.658857+00:00
2026-04-01,Parque Patricios,1,direct,all,87,82,608.27,720.00,874.06,2026-04-24T07:23:39.658857+00:00
2026-04-01,Parque Patricios,1,direct,furnished,38,35,693.21,835.15,952.54,2026-04-24T07:23:39.658857+00:00
2026-04-01,Parque Patricios,1,direct,unfurnished,48,46,591.48,662.49,788.24,2026-04-24T07:23:39.658857+00:00
2026-04-01,Parque Patricios,2,all,all,41,38,757.43,863.61,1032.30,2026-04-24T07:23:39.658857+00:00
2026-04-01,Parque Patricios,2,direct,all,37,34,739.84,845.99,953.78,2026-04-24T07:23:39.658857+00:00
2026-04-01,Parque Patricios,2,direct,unfurnished,26,23,705.51,853.02,962.68,2026-04-24T07:23:39.658857+00:00
2026-04-01,Pilar,0,all,all,94,90,589.14,739.56,882.01,2026-04-24T07:23:39.658857+00:00
2026-04-01,Pilar,0,direct,all,94,90,589.14,739.56,882.01,2026-04-24T07:23:39.658857+00:00
2026-04-01,Pilar,0,direct,furnished,54,50,683.97,814.15,985.87,2026-04-24T07:23:39.658857+00:00
2026-04-01,Pilar,0,direct,unfurnished,40,39,535.22,604.13,792.64,2026-04-24T07:23:39.658857+00:00
2026-04-01,Pilar,1,all,all,344,326,644.49,814.42,1025.58,2026-04-24T07:23:39.658857+00:00
2026-04-01,Pilar,1,direct,all,344,326,644.49,814.42,1025.58,2026-04-24T07:23:39.658857+00:00
2026-04-01,Pilar,1,direct,furnished,130,120,699.49,867.10,1079.80,2026-04-24T07:23:39.658857+00:00
2026-04-01,Pilar,1,direct,unfurnished,214,204,604.59,790.79,967.61,2026-04-24T07:23:39.658857+00:00
2026-04-01,Pilar,2,all,all,193,178,976.52,1176.99,1461.62,2026-04-24T07:23:39.658857+00:00
2026-04-01,Pilar,2,direct,all,193,178,976.52,1176.99,1461.62,2026-04-24T07:23:39.658857+00:00
2026-04-01,Pilar,2,direct,furnished,67,61,1080.76,1270.72,1599.70,2026-04-24T07:23:39.658857+00:00
2026-04-01,Pilar,2,direct,unfurnished,126,118,931.64,1131.58,1380.09,2026-04-24T07:23:39.658857+00:00
2026-04-01,Pilar,3,all,all,241,231,1970.30,2697.28,4135.79,2026-04-24T07:23:39.658857+00:00
2026-04-01,Pilar,3,direct,all,241,231,1970.30,2697.28,4135.79,2026-04-24T07:23:39.658857+00:00
2026-04-01,Pilar,3,direct,furnished,150,143,2043.83,2775.07,4148.78,2026-04-24T07:23:39.658857+00:00
2026-04-01,Pilar,3,direct,unfurnished,91,88,1868.44,2563.60,3923.40,2026-04-24T07:23:39.658857+00:00
2026-04-01,Pilar,4,all,all,147,138,3105.59,4480.54,6579.68,2026-04-24T07:23:39.658857+00:00
2026-04-01,Pilar,4,direct,all,147,138,3105.59,4480.54,6579.68,2026-04-24T07:23:39.658857+00:00
2026-04-01,Pilar,4,direct,furnished,114,104,2895.62,4195.05,6012.72,2026-04-24T07:23:39.658857+00:00
2026-04-01,Pilar,4,direct,unfurnished,33,32,4189.93,6109.47,7605.74,2026-04-24T07:23:39.658857+00:00
2026-04-01,Presidente Perón,3,all,all,89,85,2191.37,2882.38,3762.33,2026-04-24T07:23:39.658857+00:00
2026-04-01,Presidente Perón,3,direct,all,89,85,2191.37,2882.38,3762.33,2026-04-24T07:23:39.658857+00:00
2026-04-01,Presidente Perón,3,direct,furnished,66,64,2216.62,2902.55,3808.91,2026-04-24T07:23:39.658857+00:00
2026-04-01,Presidente Perón,3,direct,unfurnished,22,20,2169.51,2939.48,3468.90,2026-04-24T07:23:39.658857+00:00
2026-04-01,Presidente Perón,4,all,all,70,63,2705.56,3821.98,5022.84,2026-04-24T07:23:39.658857+00:00
2026-04-01,Presidente Perón,4,direct,all,70,63,2705.56,3821.98,5022.84,2026-04-24T07:23:39.658857+00:00
2026-04-01,Presidente Perón,4,direct,furnished,45,41,3135.58,4505.64,6492.50,2026-04-24T07:23:39.658857+00:00
2026-04-01,Presidente Perón,4,direct,unfurnished,25,22,2616.10,2726.76,3692.84,2026-04-24T07:23:39.658857+00:00
2026-04-01,Puerto Madero,0,all,all,197,188,1374.38,1638.62,2125.00,2026-04-24T07:23:39.658857+00:00
2026-04-01,Puerto Madero,0,platform,all,33,29,2021.00,2125.00,2290.00,2026-04-24T07:23:39.658857+00:00
2026-04-01,Puerto Madero,0,platform,furnished,29,26,2021.00,2125.00,2290.00,2026-04-24T07:23:39.658857+00:00
2026-04-01,Puerto Madero,0,direct,all,164,156,1306.12,1533.80,1972.42,2026-04-24T07:23:39.658857+00:00
2026-04-01,Puerto Madero,0,direct,furnished,88,82,1296.54,1505.16,2006.77,2026-04-24T07:23:39.658857+00:00
2026-04-01,Puerto Madero,0,direct,unfurnished,76,74,1309.29,1614.00,1941.93,2026-04-24T07:23:39.658857+00:00
2026-04-01,Puerto Madero,1,all,all,1122,1066,1847.26,2517.00,3690.31,2026-04-24T07:23:39.658857+00:00
2026-04-01,Puerto Madero,1,platform,all,281,267,2290.00,3239.00,4352.00,2026-04-24T07:23:39.658857+00:00
2026-04-01,Puerto Madero,1,platform,furnished,268,254,2284.25,3049.00,4267.50,2026-04-24T07:23:39.658857+00:00
2026-04-01,Puerto Madero,1,direct,all,841,788,1739.87,2334.16,3390.98,2026-04-24T07:23:39.658857+00:00
2026-04-01,Puerto Madero,1,direct,furnished,569,530,1930.18,2583.80,3565.50,2026-04-24T07:23:39.658857+00:00
2026-04-01,Puerto Madero,1,direct,unfurnished,272,249,1568.62,1898.26,2705.05,2026-04-24T07:23:39.658857+00:00
2026-04-01,Puerto Madero,2,all,all,531,512,3101.16,4103.00,5634.48,2026-04-24T07:23:39.658857+00:00
2026-04-01,Puerto Madero,2,platform,all,91,85,3202.50,3893.00,5507.40,2026-04-24T07:23:39.658857+00:00
2026-04-01,Puerto Madero,2,platform,furnished,88,82,3208.75,3870.50,5377.45,2026-04-24T07:23:39.658857+00:00
2026-04-01,Puerto Madero,2,direct,all,440,429,3082.52,4191.00,5713.19,2026-04-24T07:23:39.658857+00:00
2026-04-01,Puerto Madero,2,direct,furnished,274,267,3131.99,4315.34,6076.70,2026-04-24T07:23:39.658857+00:00
2026-04-01,Puerto Madero,2,direct,unfurnished,166,160,3040.76,3958.33,5371.40,2026-04-24T07:23:39.658857+00:00
2026-04-01,Puerto Madero,3,all,all,138,129,4644.30,6343.86,8500.00,2026-04-24T07:23:39.658857+00:00
2026-04-01,Puerto Madero,3,direct,all,123,114,4231.56,6151.67,8464.00,2026-04-24T07:23:39.658857+00:00
2026-04-01,Puerto Madero,3,direct,furnished,73,71,4119.54,6114.80,10461.87,2026-04-24T07:23:39.658857+00:00
2026-04-01,Puerto Madero,3,direct,unfurnished,50,48,4334.93,6229.19,8118.28,2026-04-24T07:23:39.658857+00:00
2026-04-01,Puerto Madero,4,all,all,24,24,8939.73,11665.45,22364.84,2026-04-24T07:23:39.658857+00:00
2026-04-01,Puerto Madero,4,direct,all,24,24,8939.73,11665.45,22364.84,2026-04-24T07:23:39.658857+00:00
2026-04-01,Puerto Madero,4,direct,furnished,30,30,8992.80,14446.61,21522.83,2026-04-24T03:15:38.386579+00:00
2026-04-01,Quilmes,0,all,all,74,67,435.65,547.86,648.44,2026-04-24T07:23:39.658857+00:00
2026-04-01,Quilmes,0,direct,all,74,67,435.65,547.86,648.44,2026-04-24T07:23:39.658857+00:00
2026-04-01,Quilmes,0,direct,furnished,26,25,445.73,606.32,837.81,2026-04-24T07:23:39.658857+00:00
2026-04-01,Quilmes,0,direct,unfurnished,48,44,434.48,525.05,631.65,2026-04-24T07:23:39.658857+00:00
2026-04-01,Quilmes,1,all,all,876,834,528.75,649.28,790.10,2026-04-24T07:23:39.658857+00:00
2026-04-01,Quilmes,1,direct,all,876,834,528.75,649.28,790.10,2026-04-24T07:23:39.658857+00:00
2026-04-01,Quilmes,1,direct,furnished,250,229,575.95,706.67,834.08,2026-04-24T07:23:39.658857+00:00
2026-04-01,Quilmes,1,direct,unfurnished,611,587,505.89,625.53,772.94,2026-04-24T07:23:39.658857+00:00
2026-04-01,Quilmes,2,all,all,656,605,672.76,838.89,1083.12,2026-04-24T07:23:39.658857+00:00
2026-04-01,Quilmes,2,direct,all,656,605,672.76,838.89,1083.12,2026-04-24T07:23:39.658857+00:00
2026-04-01,Quilmes,2,direct,furnished,188,177,747.90,907.31,1273.70,2026-04-24T07:23:39.658857+00:00
2026-04-01,Quilmes,2,direct,unfurnished,459,434,657.61,810.97,1065.41,2026-04-24T07:23:39.658857+00:00
2026-04-01,Quilmes,3,all,all,209,204,1120.54,1556.44,2297.58,2026-04-24T07:23:39.658857+00:00
2026-04-01,Quilmes,3,direct,all,209,204,1120.54,1556.44,2297.58,2026-04-24T07:23:39.658857+00:00
2026-04-01,Quilmes,3,direct,furnished,89,85,1187.09,1821.13,2533.10,2026-04-24T07:23:39.658857+00:00
2026-04-01,Quilmes,3,direct,unfurnished,116,114,1116.41,1380.95,2202.09,2026-04-24T07:23:39.658857+00:00
2026-04-01,Quilmes,4,all,all,68,63,1571.73,2587.14,4421.00,2026-04-24T07:23:39.658857+00:00
2026-04-01,Quilmes,4,direct,all,68,63,1571.73,2587.14,4421.00,2026-04-24T07:23:39.658857+00:00
2026-04-01,Quilmes,4,direct,furnished,26,26,2187.83,4279.87,6584.39,2026-04-24T07:23:39.658857+00:00
2026-04-01,Quilmes,4,direct,unfurnished,40,36,1310.65,2017.29,2740.47,2026-04-24T07:23:39.658857+00:00
2026-04-01,Recoleta,0,all,all,1014,944,731.87,987.75,1330.00,2026-04-24T07:23:39.658857+00:00
2026-04-01,Recoleta,0,platform,all,479,439,1001.00,1233.00,1705.50,2026-04-24T07:23:39.658857+00:00
2026-04-01,Recoleta,0,platform,furnished,448,411,1001.50,1234.00,1713.00,2026-04-24T07:23:39.658857+00:00
2026-04-01,Recoleta,0,direct,all,535,506,634.30,786.13,1003.66,2026-04-24T07:23:39.658857+00:00
2026-04-01,Recoleta,0,direct,furnished,323,300,684.55,821.31,1060.75,2026-04-24T07:23:39.658857+00:00
2026-04-01,Recoleta,0,direct,unfurnished,212,197,579.11,702.62,898.93,2026-04-24T07:23:39.658857+00:00
2026-04-01,Recoleta,1,all,all,3982,3781,885.27,1169.54,1626.00,2026-04-24T07:23:39.658857+00:00
2026-04-01,Recoleta,1,platform,all,2390,2245,1071.50,1363.50,1817.00,2026-04-24T07:23:39.658857+00:00
2026-04-01,Recoleta,1,platform,furnished,2286,2146,1071.50,1366.50,1819.00,2026-04-24T07:23:39.658857+00:00
2026-04-01,Recoleta,1,direct,all,1592,1475,741.96,907.88,1191.19,2026-04-24T07:23:39.658857+00:00
2026-04-01,Recoleta,1,direct,furnished,964,903,781.98,976.16,1300.75,2026-04-24T07:23:39.658857+00:00
2026-04-01,Recoleta,1,direct,unfurnished,620,570,689.48,831.99,1034.13,2026-04-24T07:23:39.658857+00:00
2026-04-01,Recoleta,2,all,all,1381,1315,1451.00,1963.10,2796.38,2026-04-24T07:23:39.658857+00:00
2026-04-01,Recoleta,2,platform,all,607,577,1757.50,2306.00,3090.00,2026-04-24T07:23:39.658857+00:00
2026-04-01,Recoleta,2,platform,furnished,579,549,1752.50,2301.00,3057.50,2026-04-24T07:23:39.658857+00:00
2026-04-01,Recoleta,2,direct,all,774,728,1272.49,1687.04,2416.69,2026-04-24T07:23:39.658857+00:00
2026-04-01,Recoleta,2,direct,furnished,410,388,1388.01,1864.84,2708.28,2026-04-24T07:23:39.658857+00:00
2026-04-01,Recoleta,2,direct,unfurnished,361,338,1175.06,1533.37,2126.80,2026-04-24T07:23:39.658857+00:00
2026-04-01,Recoleta,3,all,all,680,633,1998.49,2709.48,3700.49,2026-04-24T07:23:39.658857+00:00
2026-04-01,Recoleta,3,platform,all,195,180,2537.00,3246.00,4415.00,2026-04-24T07:23:39.658857+00:00
2026-04-01,Recoleta,3,platform,furnished,189,174,2532.00,3246.00,4426.00,2026-04-24T07:23:39.658857+00:00
2026-04-01,Recoleta,3,direct,all,485,450,1866.71,2483.49,3385.22,2026-04-24T07:23:39.658857+00:00
2026-04-01,Recoleta,3,direct,furnished,270,252,1973.48,2558.07,3402.91,2026-04-24T07:23:39.658857+00:00
2026-04-01,Recoleta,3,direct,unfurnished,215,197,1832.33,2436.16,3350.57,2026-04-24T07:23:39.658857+00:00
2026-04-01,Recoleta,4,all,all,152,145,3278.32,4712.12,7507.96,2026-04-24T07:23:39.658857+00:00
2026-04-01,Recoleta,4,platform,all,45,43,3952.00,5666.00,8160.00,2026-04-24T07:23:39.658857+00:00
2026-04-01,Recoleta,4,platform,furnished,42,40,3973.75,5663.50,8176.50,2026-04-24T07:23:39.658857+00:00
2026-04-01,Recoleta,4,direct,all,107,102,2814.01,4233.55,7037.90,2026-04-24T07:23:39.658857+00:00
2026-04-01,Recoleta,4,direct,furnished,62,56,3104.54,4183.13,5882.36,2026-04-24T07:23:39.658857+00:00
2026-04-01,Recoleta,4,direct,unfurnished,45,43,2631.85,4402.94,8503.91,2026-04-24T07:23:39.658857+00:00
2026-04-01,Retiro,0,all,all,330,309,717.43,935.19,1317.55,2026-04-24T07:23:39.658857+00:00
2026-04-01,Retiro,0,platform,all,148,144,945.50,1192.50,1676.97,2026-04-24T07:23:39.658857+00:00
2026-04-01,Retiro,0,platform,furnished,140,137,945.50,1183.00,1694.50,2026-04-24T07:23:39.658857+00:00
2026-04-01,Retiro,0,direct,all,182,168,639.61,750.00,996.16,2026-04-24T07:23:39.658857+00:00
2026-04-01,Retiro,0,direct,furnished,138,125,643.13,750.47,1004.29,2026-04-24T07:23:39.658857+00:00
2026-04-01,Retiro,0,direct,unfurnished,44,43,607.59,724.28,939.78,2026-04-24T07:23:39.658857+00:00
2026-04-01,Retiro,1,all,all,1448,1338,867.22,1112.61,1596.88,2026-04-24T07:23:39.658857+00:00
2026-04-01,Retiro,1,platform,all,907,823,973.50,1303.00,1801.50,2026-04-24T07:23:39.658857+00:00
2026-04-01,Retiro,1,platform,furnished,875,793,976.50,1303.00,1797.50,2026-04-24T07:23:39.658857+00:00
2026-04-01,Retiro,1,direct,all,541,507,730.00,900.95,1140.55,2026-04-24T07:23:39.658857+00:00
2026-04-01,Retiro,1,direct,furnished,387,358,730.00,886.89,1118.09,2026-04-24T07:23:39.658857+00:00
2026-04-01,Retiro,1,direct,unfurnished,153,147,735.96,942.92,1201.14,2026-04-24T07:23:39.658857+00:00
2026-04-01,Retiro,2,all,all,480,450,1382.13,1916.50,2875.25,2026-04-24T07:23:39.658857+00:00
2026-04-01,Retiro,2,platform,all,208,191,1553.00,2151.00,3085.75,2026-04-24T07:23:39.658857+00:00
2026-04-01,Retiro,2,platform,furnished,200,183,1562.75,2168.50,3118.52,2026-04-24T07:23:39.658857+00:00
2026-04-01,Retiro,2,direct,all,272,251,1199.01,1679.42,2568.11,2026-04-24T07:23:39.658857+00:00
2026-04-01,Retiro,2,direct,furnished,163,150,1198.60,1678.99,2609.54,2026-04-24T07:23:39.658857+00:00
2026-04-01,Retiro,2,direct,unfurnished,109,101,1203.53,1679.84,2455.61,2026-04-24T07:23:39.658857+00:00
2026-04-01,Retiro,3,all,all,241,228,2199.00,3182.00,4900.66,2026-04-24T07:23:39.658857+00:00
2026-04-01,Retiro,3,platform,all,77,69,2437.00,3098.00,4760.00,2026-04-24T07:23:39.658857+00:00
2026-04-01,Retiro,3,platform,furnished,75,67,2454.00,3106.00,4762.50,2026-04-24T07:23:39.658857+00:00
2026-04-01,Retiro,3,direct,all,164,159,1953.85,3245.09,5011.00,2026-04-24T07:23:39.658857+00:00
2026-04-01,Retiro,3,direct,furnished,83,80,1934.26,2946.90,4552.24,2026-04-24T07:23:39.658857+00:00
2026-04-01,Retiro,3,direct,unfurnished,80,78,2118.05,3887.15,5745.77,2026-04-24T07:23:39.658857+00:00
2026-04-01,Retiro,4,all,all,97,93,3177.56,4368.67,6128.17,2026-04-24T07:23:39.658857+00:00
2026-04-01,Retiro,4,platform,all,28,27,3840.00,6587.50,8636.50,2026-04-24T07:23:39.658857+00:00
2026-04-01,Retiro,4,platform,furnished,26,25,3762.00,6587.50,9557.50,2026-04-24T07:23:39.658857+00:00
2026-04-01,Retiro,4,direct,all,69,66,2786.87,4253.25,4772.15,2026-04-24T07:23:39.658857+00:00
2026-04-01,Retiro,4,direct,furnished,33,33,3083.43,4253.25,4772.15,2026-04-24T07:23:39.658857+00:00
2026-04-01,Retiro,4,direct,unfurnished,36,33,2184.44,4206.77,4712.25,2026-04-24T07:23:39.658857+00:00
2026-04-01,Saavedra,0,all,all,102,90,702.86,807.88,1007.23,2026-04-24T07:23:39.658857+00:00
2026-04-01,Saavedra,0,platform,all,20,20,1027.93,1432.00,1792.50,2026-04-23T03:05:15.491547+00:00
2026-04-01,Saavedra,0,direct,all,83,76,686.40,780.61,907.09,2026-04-24T07:23:39.658857+00:00
2026-04-01,Saavedra,0,direct,furnished,32,28,784.64,881.64,965.55,2026-04-24T07:23:39.658857+00:00
2026-04-01,Saavedra,0,direct,unfurnished,51,48,658.11,713.66,811.58,2026-04-24T07:23:39.658857+00:00
2026-04-01,Saavedra,1,all,all,329,309,795.75,980.83,1284.00,2026-04-24T07:23:39.658857+00:00
2026-04-01,Saavedra,1,platform,all,131,122,884.00,1133.00,1619.00,2026-04-24T07:23:39.658857+00:00
2026-04-01,Saavedra,1,platform,furnished,120,111,884.00,1132.00,1617.50,2026-04-24T07:23:39.658857+00:00
2026-04-01,Saavedra,1,direct,all,198,187,761.81,911.28,1139.13,2026-04-24T07:23:39.658857+00:00
2026-04-01,Saavedra,1,direct,furnished,73,65,836.61,975.00,1153.35,2026-04-24T07:23:39.658857+00:00
2026-04-01,Saavedra,1,direct,unfurnished,124,118,722.76,883.28,1116.63,2026-04-24T07:23:39.658857+00:00
2026-04-01,Saavedra,2,all,all,88,79,1078.56,1582.58,1932.88,2026-04-24T07:23:39.658857+00:00
2026-04-01,Saavedra,2,direct,all,72,66,1033.30,1460.36,1834.05,2026-04-24T07:23:39.658857+00:00
2026-04-01,Saavedra,2,direct,furnished,26,25,1160.00,1500.49,1794.30,2026-04-24T07:23:39.658857+00:00
2026-04-01,Saavedra,2,direct,unfurnished,45,42,950.42,1450.59,1946.55,2026-04-24T07:23:39.658857+00:00
2026-04-01,Saavedra,3,all,all,36,33,1361.45,2410.11,3188.92,2026-04-24T07:23:39.658857+00:00
2026-04-01,Saavedra,3,direct,all,30,29,1294.10,2282.55,2872.50,2026-04-24T07:23:39.658857+00:00
2026-04-01,San Cristóbal,0,all,all,85,83,589.33,696.96,953.00,2026-04-24T07:23:39.658857+00:00
2026-04-01,San Cristóbal,0,platform,all,20,20,955.25,1050.00,1204.50,2026-04-24T07:23:39.658857+00:00
2026-04-01,San Cristóbal,0,direct,all,65,59,581.49,640.98,761.09,2026-04-24T07:23:39.658857+00:00
2026-04-01,San Cristóbal,0,direct,furnished,20,16,584.90,642.90,698.74,2026-04-24T07:23:39.658857+00:00
2026-04-01,San Cristóbal,0,direct,unfurnished,44,43,578.14,642.52,849.76,2026-04-24T07:23:39.658857+00:00
2026-04-01,San Cristóbal,1,all,all,292,276,618.11,789.87,1037.31,2026-04-24T07:23:39.658857+00:00
2026-04-01,San Cristóbal,1,platform,all,119,116,803.00,1035.00,1365.26,2026-04-24T07:23:39.658857+00:00
2026-04-01,San Cristóbal,1,platform,furnished,113,110,811.00,1043.00,1386.00,2026-04-24T07:23:39.658857+00:00
2026-04-01,San Cristóbal,1,direct,all,173,166,574.07,675.34,837.35,2026-04-24T07:23:39.658857+00:00
2026-04-01,San Cristóbal,1,direct,furnished,69,66,618.46,714.15,877.07,2026-04-24T07:23:39.658857+00:00
2026-04-01,San Cristóbal,1,direct,unfurnished,100,96,563.94,654.82,808.04,2026-04-24T07:23:39.658857+00:00
2026-04-01,San Cristóbal,2,all,all,90,88,832.33,1136.59,1398.21,2026-04-24T07:23:39.658857+00:00
2026-04-01,San Cristóbal,2,platform,all,22,21,1341.00,1646.50,2009.75,2026-04-24T07:23:39.658857+00:00
2026-04-01,San Cristóbal,2,platform,furnished,21,20,1341.00,1689.00,2063.00,2026-04-24T07:23:39.658857+00:00
2026-04-01,San Cristóbal,2,direct,all,68,63,803.50,995.08,1190.18,2026-04-24T07:23:39.658857+00:00
2026-04-01,San Cristóbal,2,direct,furnished,28,24,875.67,1137.17,1197.42,2026-04-24T07:23:39.658857+00:00
2026-04-01,San Cristóbal,2,direct,unfurnished,40,38,741.16,929.91,1163.15,2026-04-24T07:23:39.658857+00:00
2026-04-01,San Fernando,0,all,all,27,24,466.96,644.96,805.85,2026-04-24T07:23:39.658857+00:00
2026-04-01,San Fernando,0,direct,all,24,23,457.47,585.62,737.44,2026-04-24T07:23:39.658857+00:00
2026-04-01,San Fernando,1,all,all,273,246,682.13,777.27,1001.91,2026-04-24T07:23:39.658857+00:00
2026-04-01,San Fernando,1,platform,all,28,25,1275.00,1787.77,3145.75,2026-04-24T07:23:39.658857+00:00
2026-04-01,San Fernando,1,platform,furnished,27,24,1275.00,1689.53,3298.50,2026-04-24T07:23:39.658857+00:00
2026-04-01,San Fernando,1,direct,all,245,230,676.38,755.93,916.60,2026-04-24T07:23:39.658857+00:00
2026-04-01,San Fernando,1,direct,furnished,81,73,680.28,764.89,953.70,2026-04-24T07:23:39.658857+00:00
2026-04-01,San Fernando,1,direct,unfurnished,162,157,673.74,749.30,898.68,2026-04-24T07:23:39.658857+00:00
2026-04-01,San Fernando,2,all,all,98,94,847.12,991.71,1518.31,2026-04-24T07:23:39.658857+00:00
2026-04-01,San Fernando,2,direct,all,96,92,841.16,981.74,1499.89,2026-04-24T07:23:39.658857+00:00
2026-04-01,San Fernando,2,direct,furnished,27,25,904.85,1483.66,1733.57,2026-04-24T07:23:39.658857+00:00
2026-04-01,San Fernando,2,direct,unfurnished,69,66,815.17,926.62,1297.97,2026-04-24T07:23:39.658857+00:00
2026-04-01,San Fernando,3,all,all,33,32,2043.83,4670.83,5076.65,2026-04-24T07:23:39.658857+00:00
2026-04-01,San Fernando,3,direct,all,29,29,2012.20,4670.83,5076.65,2026-04-24T07:23:39.658857+00:00
2026-04-01,San Fernando,4,all,all,34,32,4666.11,5845.83,7477.36,2026-04-24T07:23:39.658857+00:00
2026-04-01,San Fernando,4,direct,all,32,30,4666.11,5848.03,7553.36,2026-04-24T07:23:39.658857+00:00
2026-04-01,San Fernando,4,direct,furnished,23,23,5433.36,5884.30,7451.86,2026-04-24T07:23:39.658857+00:00
2026-04-01,San Isidro,0,all,all,34,33,611.74,804.38,1289.83,2026-04-24T07:23:39.658857+00:00
2026-04-01,San Isidro,0,direct,all,24,22,580.12,665.07,827.51,2026-04-24T07:23:39.658857+00:00
2026-04-01,San Isidro,0,direct,unfurnished,20,19,563.41,649.05,780.17,2026-04-24T07:23:39.658857+00:00
2026-04-01,San Isidro,1,all,all,366,338,941.76,1251.97,1742.74,2026-04-24T07:23:39.658857+00:00
2026-04-01,San Isidro,1,platform,all,135,119,1360.00,1729.00,2696.50,2026-04-24T07:23:39.658857+00:00
2026-04-01,San Isidro,1,platform,furnished,126,111,1276.50,1726.00,2659.25,2026-04-24T07:23:39.658857+00:00
2026-04-01,San Isidro,1,direct,all,231,225,845.76,1045.54,1408.28,2026-04-24T07:23:39.658857+00:00
2026-04-01,San Isidro,1,direct,furnished,81,77,956.17,1244.47,1524.56,2026-04-24T07:23:39.658857+00:00
2026-04-01,San Isidro,1,direct,unfurnished,150,143,817.61,1003.99,1252.18,2026-04-24T07:23:39.658857+00:00
2026-04-01,San Isidro,2,all,all,194,184,1181.05,1617.66,2427.50,2026-04-24T07:23:39.658857+00:00
2026-04-01,San Isidro,2,platform,all,34,31,2066.50,2519.50,4402.75,2026-04-24T07:23:39.658857+00:00
2026-04-01,San Isidro,2,platform,furnished,31,28,2234.00,2527.00,4244.50,2026-04-24T07:23:39.658857+00:00
2026-04-01,San Isidro,2,direct,all,160,149,1107.74,1449.14,2027.80,2026-04-24T07:23:39.658857+00:00
2026-04-01,San Isidro,2,direct,furnished,54,53,1160.37,1683.20,2574.44,2026-04-24T07:23:39.658857+00:00
2026-04-01,San Isidro,2,direct,unfurnished,106,100,1043.86,1361.02,1820.81,2026-04-24T07:23:39.658857+00:00
2026-04-01,San Isidro,3,all,all,117,113,2528.18,3908.50,5023.50,2026-04-24T07:23:39.658857+00:00
2026-04-01,San Isidro,3,platform,all,27,25,3873.00,5891.00,6953.00,2026-04-24T07:23:39.658857+00:00
2026-04-01,San Isidro,3,platform,furnished,25,23,3844.00,5837.00,6970.00,2026-04-24T07:23:39.658857+00:00
2026-04-01,San Isidro,3,direct,all,90,89,2399.68,3753.08,4121.41,2026-04-24T07:23:39.658857+00:00
2026-04-01,San Isidro,3,direct,furnished,44,44,2897.37,3922.29,5242.98,2026-04-24T07:23:39.658857+00:00
2026-04-01,San Isidro,3,direct,unfurnished,46,46,2243.42,3575.08,3982.86,2026-04-24T07:23:39.658857+00:00
2026-04-01,San Isidro,4,all,all,66,58,4231.02,5697.26,12170.81,2026-04-24T07:23:39.658857+00:00
2026-04-01,San Isidro,4,platform,all,23,22,4615.00,5973.00,11579.00,2026-04-24T07:23:39.658857+00:00
2026-04-01,San Isidro,4,platform,furnished,23,22,4615.00,5973.00,11579.00,2026-04-24T07:23:39.658857+00:00
2026-04-01,San Isidro,4,direct,all,43,37,3603.41,5655.21,12232.72,2026-04-24T07:23:39.658857+00:00
2026-04-01,San Isidro,4,direct,furnished,29,23,4056.32,5749.28,10180.07,2026-04-24T07:23:39.658857+00:00
2026-04-01,San Miguel,0,all,all,110,106,459.74,507.16,583.69,2026-04-24T07:23:39.658857+00:00
2026-04-01,San Miguel,0,direct,all,110,106,459.74,507.16,583.69,2026-04-24T07:23:39.658857+00:00
2026-04-01,San Miguel,0,direct,furnished,23,21,451.07,524.36,591.67,2026-04-24T03:15:38.386579+00:00
2026-04-01,San Miguel,0,direct,unfurnished,91,89,448.80,503.65,576.90,2026-04-24T07:23:39.658857+00:00
2026-04-01,San Miguel,1,all,all,434,415,571.93,666.08,800.51,2026-04-24T07:23:39.658857+00:00
2026-04-01,San Miguel,1,direct,all,434,415,571.93,666.08,800.51,2026-04-24T07:23:39.658857+00:00
2026-04-01,San Miguel,1,direct,furnished,80,74,573.25,672.90,759.37,2026-04-24T07:23:39.658857+00:00
2026-04-01,San Miguel,1,direct,unfurnished,354,339,571.90,663.78,812.38,2026-04-24T07:23:39.658857+00:00
2026-04-01,San Miguel,2,all,all,247,236,742.70,904.48,1160.67,2026-04-24T07:23:39.658857+00:00
2026-04-01,San Miguel,2,direct,all,247,236,742.70,904.48,1160.67,2026-04-24T07:23:39.658857+00:00
2026-04-01,San Miguel,2,direct,furnished,50,47,741.80,913.33,1211.77,2026-04-24T07:23:39.658857+00:00
2026-04-01,San Miguel,2,direct,unfurnished,197,188,749.65,894.45,1139.92,2026-04-24T07:23:39.658857+00:00
2026-04-01,San Miguel,3,all,all,57,51,928.96,1044.05,1723.69,2026-04-24T07:23:39.658857+00:00
2026-04-01,San Miguel,3,direct,all,57,51,928.96,1044.05,1723.69,2026-04-24T07:23:39.658857+00:00
2026-04-01,San Miguel,3,direct,unfurnished,45,39,917.26,1036.41,1781.43,2026-04-24T07:23:39.658857+00:00
2026-04-01,San Nicolás,0,all,all,478,445,700.66,947.50,1226.07,2026-04-24T07:23:39.658857+00:00
2026-04-01,San Nicolás,0,platform,all,268,243,951.75,1145.00,1449.50,2026-04-24T07:23:39.658857+00:00
2026-04-01,San Nicolás,0,platform,furnished,253,230,962.00,1154.00,1500.00,2026-04-24T07:23:39.658857+00:00
2026-04-01,San Nicolás,0,direct,all,210,198,583.83,709.18,871.12,2026-04-24T07:23:39.658857+00:00
2026-04-01,San Nicolás,0,direct,furnished,137,130,629.61,749.87,893.86,2026-04-24T07:23:39.658857+00:00
2026-04-01,San Nicolás,0,direct,unfurnished,73,64,538.32,600.81,769.00,2026-04-24T07:23:39.658857+00:00
2026-04-01,San Nicolás,1,all,all,2015,1910,810.33,1074.00,1454.00,2026-04-24T07:23:39.658857+00:00
2026-04-01,San Nicolás,1,platform,all,1394,1309,972.25,1221.00,1590.00,2026-04-24T07:23:39.658857+00:00
2026-04-01,San Nicolás,1,platform,furnished,1322,1240,972.50,1221.00,1594.75,2026-04-24T07:23:39.658857+00:00
2026-04-01,San Nicolás,1,direct,all,621,579,650.58,774.67,973.63,2026-04-24T07:23:39.658857+00:00
2026-04-01,San Nicolás,1,direct,furnished,407,376,686.57,828.36,1021.57,2026-04-24T07:23:39.658857+00:00
2026-04-01,San Nicolás,1,direct,unfurnished,213,204,581.71,703.59,877.22,2026-04-24T07:23:39.658857+00:00
2026-04-01,San Nicolás,2,all,all,562,547,1120.86,1591.00,2234.50,2026-04-24T07:23:39.658857+00:00
2026-04-01,San Nicolás,2,platform,all,347,333,1537.00,1969.00,2497.00,2026-04-24T07:23:39.658857+00:00
2026-04-01,San Nicolás,2,platform,furnished,333,319,1533.00,1969.00,2491.00,2026-04-24T07:23:39.658857+00:00
2026-04-01,San Nicolás,2,direct,all,215,197,886.52,1065.63,1372.81,2026-04-24T07:23:39.658857+00:00
2026-04-01,San Nicolás,2,direct,furnished,150,137,893.28,1061.65,1399.05,2026-04-24T07:23:39.658857+00:00
2026-04-01,San Nicolás,2,direct,unfurnished,64,61,874.98,1077.85,1363.41,2026-04-24T07:23:39.658857+00:00
2026-04-01,San Nicolás,3,all,all,160,155,1438.39,2044.75,2880.00,2026-04-24T07:23:39.658857+00:00
2026-04-01,San Nicolás,3,platform,all,81,79,2194.00,2739.00,3446.00,2026-04-24T07:23:39.658857+00:00
2026-04-01,San Nicolás,3,platform,furnished,78,76,2287.75,2765.00,3537.50,2026-04-24T07:23:39.658857+00:00
2026-04-01,San Nicolás,3,direct,all,79,74,1119.93,1446.29,1872.44,2026-04-24T07:23:39.658857+00:00
2026-04-01,San Nicolás,3,direct,furnished,44,40,1348.16,1624.88,1939.98,2026-04-24T07:23:39.658857+00:00
2026-04-01,San Nicolás,3,direct,unfurnished,34,32,1024.31,1204.39,1614.67,2026-04-24T07:23:39.658857+00:00
2026-04-01,San Nicolás,4,all,all,91,81,2447.19,3675.00,7865.02,2026-04-24T07:23:39.658857+00:00
2026-04-01,San Nicolás,4,platform,all,51,49,3240.00,5968.00,7877.00,2026-04-24T07:23:39.658857+00:00
2026-04-01,San Nicolás,4,platform,furnished,51,49,3240.00,5968.00,7877.00,2026-04-24T07:23:39.658857+00:00
2026-04-01,San Nicolás,4,direct,all,40,31,2088.83,2532.60,7816.00,2026-04-24T07:23:39.658857+00:00
2026-04-01,San Nicolás,4,direct,furnished,21,21,2296.57,3675.00,30621.57,2026-04-24T07:23:39.658857+00:00
2026-04-01,San Telmo,0,all,all,148,142,743.52,962.00,1358.41,2026-04-24T07:23:39.658857+00:00
2026-04-01,San Telmo,0,platform,all,59,53,915.50,1074.00,1547.00,2026-04-24T07:23:39.658857+00:00
2026-04-01,San Telmo,0,platform,furnished,54,49,913.75,1081.00,1448.00,2026-04-24T07:23:39.658857+00:00
2026-04-01,San Telmo,0,direct,all,89,89,667.50,873.32,1201.50,2026-04-24T07:23:39.658857+00:00
2026-04-01,San Telmo,0,direct,furnished,59,59,737.04,924.51,1281.33,2026-04-24T07:23:39.658857+00:00
2026-04-01,San Telmo,0,direct,unfurnished,30,29,621.50,811.69,1003.19,2026-04-24T07:23:39.658857+00:00
2026-04-01,San Telmo,1,all,all,845,813,799.38,1123.00,1623.00,2026-04-24T07:23:39.658857+00:00
2026-04-01,San Telmo,1,platform,all,561,542,882.00,1247.00,1784.00,2026-04-24T07:23:39.658857+00:00
2026-04-01,San Telmo,1,platform,furnished,521,502,883.00,1247.00,1774.00,2026-04-24T07:23:39.658857+00:00
2026-04-01,San Telmo,1,direct,all,284,275,689.87,880.12,1276.26,2026-04-24T07:23:39.658857+00:00
2026-04-01,San Telmo,1,direct,furnished,199,191,731.72,949.83,1327.56,2026-04-24T07:23:39.658857+00:00
2026-04-01,San Telmo,1,direct,unfurnished,82,79,638.73,726.86,1139.85,2026-04-24T07:23:39.658857+00:00
2026-04-01,San Telmo,2,all,all,236,219,1022.28,1419.16,2038.26,2026-04-24T07:23:39.658857+00:00
2026-04-01,San Telmo,2,platform,all,119,112,1322.00,1641.00,2427.00,2026-04-24T07:23:39.658857+00:00
2026-04-01,San Telmo,2,platform,furnished,114,107,1291.25,1625.00,2463.00,2026-04-24T07:23:39.658857+00:00
2026-04-01,San Telmo,2,direct,all,117,105,903.15,1132.86,1478.52,2026-04-24T07:23:39.658857+00:00
2026-04-01,San Telmo,2,direct,furnished,57,51,937.14,1135.47,1489.38,2026-04-24T07:23:39.658857+00:00
2026-04-01,San Telmo,2,direct,unfurnished,59,53,884.74,1082.51,1467.94,2026-04-24T07:23:39.658857+00:00
2026-04-01,San Telmo,3,all,all,40,38,1526.41,1997.29,3792.75,2026-04-24T07:23:39.658857+00:00
2026-04-01,San Telmo,3,platform,all,23,23,1603.50,2652.00,4256.50,2026-04-24T07:23:39.658857+00:00
2026-04-01,San Telmo,3,platform,furnished,21,21,1584.00,2157.00,4189.00,2026-04-24T07:23:39.658857+00:00
2026-04-01,San Telmo,4,all,all,20,18,1465.62,3506.23,6600.50,2026-04-24T03:15:38.386579+00:00
2026-04-01,Tigre,0,all,all,229,209,789.81,1052.91,1456.09,2026-04-24T07:23:39.658857+00:00
2026-04-01,Tigre,0,direct,all,214,188,780.56,1017.89,1346.58,2026-04-24T07:23:39.658857+00:00
2026-04-01,Tigre,0,direct,furnished,122,116,886.88,1089.25,1636.13,2026-04-24T07:23:39.658857+00:00
2026-04-01,Tigre,0,direct,unfurnished,92,87,662.87,855.72,1175.73,2026-04-24T07:23:39.658857+00:00
2026-04-01,Tigre,1,all,all,2132,1988,940.16,1206.40,1646.35,2026-04-24T07:23:39.658857+00:00
2026-04-01,Tigre,1,platform,all,157,152,1414.00,1795.00,2428.00,2026-04-24T07:23:39.658857+00:00
2026-04-01,Tigre,1,platform,furnished,148,143,1445.00,1904.50,2531.00,2026-04-24T07:23:39.658857+00:00
2026-04-01,Tigre,1,direct,all,1975,1843,920.51,1179.46,1574.34,2026-04-24T07:23:39.658857+00:00
2026-04-01,Tigre,1,direct,furnished,1013,922,1067.83,1324.52,1742.48,2026-04-24T07:23:39.658857+00:00
2026-04-01,Tigre,1,direct,unfurnished,958,897,838.44,1049.81,1312.09,2026-04-24T07:23:39.658857+00:00
2026-04-01,Tigre,2,all,all,891,832,1406.61,1859.51,2521.30,2026-04-24T07:23:39.658857+00:00
2026-04-01,Tigre,2,platform,all,50,48,1802.50,2339.50,3047.87,2026-04-24T07:23:39.658857+00:00
2026-04-01,Tigre,2,platform,furnished,49,47,1870.00,2343.00,3066.49,2026-04-24T07:23:39.658857+00:00
2026-04-01,Tigre,2,direct,all,841,773,1390.95,1832.30,2449.29,2026-04-24T07:23:39.658857+00:00
2026-04-01,Tigre,2,direct,furnished,405,366,1570.13,1963.36,2742.00,2026-04-24T07:23:39.658857+00:00
2026-04-01,Tigre,2,direct,unfurnished,433,401,1290.33,1662.67,2238.57,2026-04-24T07:23:39.658857+00:00
2026-04-01,Tigre,3,all,all,889,853,2914.97,4475.71,6053.45,2026-04-24T07:23:39.658857+00:00
2026-04-01,Tigre,3,direct,all,880,845,2913.87,4480.78,6067.08,2026-04-24T07:23:39.658857+00:00
2026-04-01,Tigre,3,direct,furnished,484,458,3388.94,5134.06,7070.11,2026-04-24T07:23:39.658857+00:00
2026-04-01,Tigre,3,direct,unfurnished,396,391,2328.92,3865.92,5318.74,2026-04-24T07:23:39.658857+00:00
2026-04-01,Tigre,4,all,all,1110,1073,5562.73,7761.65,11662.98,2026-04-24T07:23:39.658857+00:00
2026-04-01,Tigre,4,direct,all,1103,1067,5570.42,7793.46,11768.50,2026-04-24T07:23:39.658857+00:00
2026-04-01,Tigre,4,direct,furnished,724,673,5522.52,7357.53,10353.14,2026-04-24T07:23:39.658857+00:00
2026-04-01,Tigre,4,direct,unfurnished,379,377,5692.09,8743.92,15129.97,2026-04-24T07:23:39.658857+00:00
2026-04-01,Tres de Febrero,0,all,all,221,209,435.95,505.24,590.06,2026-04-24T07:23:39.658857+00:00
2026-04-01,Tres de Febrero,0,direct,all,218,209,435.91,503.00,585.36,2026-04-24T07:23:39.658857+00:00
2026-04-01,Tres de Febrero,0,direct,furnished,36,36,496.28,529.20,655.72,2026-04-24T07:23:39.658857+00:00
2026-04-01,Tres de Febrero,0,direct,unfurnished,181,172,423.40,487.63,570.14,2026-04-24T07:23:39.658857+00:00
2026-04-01,Tres de Febrero,1,all,all,1125,1070,504.18,595.50,704.14,2026-04-24T07:23:39.658857+00:00
2026-04-01,Tres de Febrero,1,platform,all,44,36,774.75,930.50,1131.00,2026-04-24T07:23:39.658857+00:00
2026-04-01,Tres de Febrero,1,platform,furnished,42,36,796.25,940.00,1201.00,2026-04-24T07:23:39.658857+00:00
2026-04-01,Tres de Febrero,1,direct,all,1081,1037,502.80,590.50,692.05,2026-04-24T07:23:39.658857+00:00
2026-04-01,Tres de Febrero,1,direct,furnished,275,261,518.60,609.05,725.82,2026-04-24T07:23:39.658857+00:00
2026-04-01,Tres de Febrero,1,direct,unfurnished,775,748,499.84,582.62,683.97,2026-04-24T07:23:39.658857+00:00
2026-04-01,Tres de Febrero,2,all,all,398,381,721.90,861.79,1073.10,2026-04-24T07:23:39.658857+00:00
2026-04-01,Tres de Febrero,2,direct,all,392,377,720.36,856.38,1063.75,2026-04-24T07:23:39.658857+00:00
2026-04-01,Tres de Febrero,2,direct,furnished,102,95,764.73,893.28,1077.86,2026-04-24T07:23:39.658857+00:00
2026-04-01,Tres de Febrero,2,direct,unfurnished,284,274,714.08,847.94,1054.53,2026-04-24T07:23:39.658857+00:00
2026-04-01,Tres de Febrero,3,all,all,73,70,962.95,1136.41,1457.90,2026-04-24T07:23:39.658857+00:00
2026-04-01,Tres de Febrero,3,direct,all,73,70,962.95,1136.41,1457.90,2026-04-24T07:23:39.658857+00:00
2026-04-01,Tres de Febrero,3,direct,unfurnished,55,51,968.74,1136.41,1358.41,2026-04-24T07:23:39.658857+00:00
2026-04-01,Vélez Sarsfield,0,all,all,23,22,559.07,595.70,651.87,2026-04-24T03:15:38.386579+00:00
2026-04-01,Vélez Sarsfield,0,direct,all,23,22,559.07,595.70,651.87,2026-04-24T03:15:38.386579+00:00
2026-04-01,Vélez Sarsfield,1,all,all,111,105,566.35,658.04,825.35,2026-04-24T07:23:39.658857+00:00
2026-04-01,Vélez Sarsfield,1,direct,all,99,95,569.56,658.04,808.31,2026-04-24T07:23:39.658857+00:00
2026-04-01,Vélez Sarsfield,1,direct,furnished,26,25,607.79,675.75,884.98,2026-04-24T07:23:39.658857+00:00
2026-04-01,Vélez Sarsfield,1,direct,unfurnished,73,70,565.43,648.85,783.14,2026-04-24T07:23:39.658857+00:00
2026-04-01,Vélez Sarsfield,2,all,all,30,29,854.08,1013.87,1735.95,2026-04-24T07:23:39.658857+00:00
2026-04-01,Vélez Sarsfield,2,direct,all,24,23,828.98,960.40,1444.98,2026-04-24T07:23:39.658857+00:00
2026-04-01,Versalles,1,all,all,30,27,652.60,810.93,1001.44,2026-04-24T07:23:39.658857+00:00
2026-04-01,Versalles,1,direct,all,27,25,644.60,794.05,903.46,2026-04-24T07:23:39.658857+00:00
2026-04-01,Vicente López,0,all,all,88,82,570.31,721.04,934.75,2026-04-24T07:23:39.658857+00:00
2026-04-01,Vicente López,0,direct,all,75,72,555.88,657.26,849.54,2026-04-24T07:23:39.658857+00:00
2026-04-01,Vicente López,0,direct,furnished,24,21,685.39,878.14,1039.17,2026-04-24T03:15:38.386579+00:00
2026-04-01,Vicente López,0,direct,unfurnished,53,48,560.79,648.94,758.66,2026-04-24T07:23:39.658857+00:00
2026-04-01,Vicente López,1,all,all,854,813,767.50,1036.00,1526.70,2026-04-24T07:23:39.658857+00:00
2026-04-01,Vicente López,1,platform,all,206,200,1169.50,1557.00,2151.50,2026-04-24T07:23:39.658857+00:00
2026-04-01,Vicente López,1,platform,furnished,193,187,1165.00,1557.00,2157.00,2026-04-24T07:23:39.658857+00:00
2026-04-01,Vicente López,1,direct,all,648,601,726.71,919.77,1270.80,2026-04-24T07:23:39.658857+00:00
2026-04-01,Vicente López,1,direct,furnished,214,193,795.17,1031.32,1485.10,2026-04-24T07:23:39.658857+00:00
2026-04-01,Vicente López,1,direct,unfurnished,425,400,700.99,859.01,1173.00,2026-04-24T07:23:39.658857+00:00
2026-04-01,Vicente López,2,all,all,525,495,1110.65,1528.78,2228.90,2026-04-24T07:23:39.658857+00:00
2026-04-01,Vicente López,2,platform,all,51,50,1654.50,2255.00,2879.00,2026-04-24T07:23:39.658857+00:00
2026-04-01,Vicente López,2,platform,furnished,50,49,1680.25,2258.50,2886.50,2026-04-24T07:23:39.658857+00:00
2026-04-01,Vicente López,2,direct,all,474,446,1083.15,1470.35,2126.82,2026-04-24T07:23:39.658857+00:00
2026-04-01,Vicente López,2,direct,furnished,172,163,1200.20,1833.89,2512.45,2026-04-24T07:23:39.658857+00:00
2026-04-01,Vicente López,2,direct,unfurnished,297,274,1039.59,1351.18,1795.21,2026-04-24T07:23:39.658857+00:00
2026-04-01,Vicente López,3,all,all,208,192,2015.84,3699.26,4796.94,2026-04-24T07:23:39.658857+00:00
2026-04-01,Vicente López,3,direct,all,195,184,2013.10,3405.13,4752.58,2026-04-24T07:23:39.658857+00:00
2026-04-01,Vicente López,3,direct,furnished,73,68,3065.83,4173.97,4806.99,2026-04-24T07:23:39.658857+00:00
2026-04-01,Vicente López,3,direct,unfurnished,121,113,1794.47,2464.06,4350.11,2026-04-24T07:23:39.658857+00:00
2026-04-01,Vicente López,4,all,all,105,101,3758.77,6172.22,8371.12,2026-04-24T07:23:39.658857+00:00
2026-04-01,Vicente López,4,direct,all,100,96,3742.18,5866.49,8353.01,2026-04-24T07:23:39.658857+00:00
2026-04-01,Vicente López,4,direct,furnished,42,38,4009.05,7014.26,8738.90,2026-04-24T07:23:39.658857+00:00
2026-04-01,Vicente López,4,direct,unfurnished,58,58,3452.15,4357.19,8098.81,2026-04-24T07:23:39.658857+00:00
2026-04-01,Victoria,0,all,all,21,19,968.57,1485.65,2174.38,2026-04-23T03:05:15.491547+00:00
2026-04-01,Victoria,1,all,all,111,108,759.66,1088.00,1697.27,2026-04-24T07:23:39.658857+00:00
2026-04-01,Victoria,1,platform,all,26,26,1141.75,1779.50,2080.60,2026-04-24T07:23:39.658857+00:00
2026-04-01,Victoria,1,platform,furnished,23,23,1190.00,1791.00,2108.07,2026-04-24T07:23:39.658857+00:00
2026-04-01,Victoria,1,direct,all,85,79,723.77,976.60,1408.48,2026-04-24T07:23:39.658857+00:00
2026-04-01,Victoria,1,direct,furnished,26,23,810.46,1084.92,1460.80,2026-04-24T07:23:39.658857+00:00
2026-04-01,Victoria,1,direct,unfurnished,59,57,691.41,869.18,1397.84,2026-04-24T07:23:39.658857+00:00
2026-04-01,Victoria,2,all,all,53,48,1167.31,2282.09,3022.01,2026-04-24T07:23:39.658857+00:00
2026-04-01,Victoria,2,direct,all,45,44,1054.26,2050.00,2839.65,2026-04-24T07:23:39.658857+00:00
2026-04-01,Victoria,2,direct,furnished,21,21,1385.33,2161.07,2838.91,2026-04-24T07:23:39.658857+00:00
2026-04-01,Victoria,2,direct,unfurnished,24,23,893.35,2035.75,2894.90,2026-04-24T07:23:39.658857+00:00
2026-04-01,Victoria,3,all,all,48,43,3337.57,4517.77,6128.67,2026-04-24T07:23:39.658857+00:00
2026-04-01,Victoria,3,direct,all,41,39,3337.57,4445.89,5654.01,2026-04-24T07:23:39.658857+00:00
2026-04-01,Victoria,3,direct,furnished,21,20,3328.25,3888.43,4794.91,2026-04-23T03:05:15.491547+00:00
2026-04-01,Victoria,3,direct,unfurnished,30,28,2735.95,4454.51,5648.26,2026-04-24T07:23:39.658857+00:00
2026-04-01,Victoria,4,all,all,23,21,5316.57,6174.83,9540.10,2026-04-24T03:15:38.386579+00:00
2026-04-01,Victoria,4,direct,all,25,24,5089.32,5631.83,7329.02,2026-04-23T03:05:15.491547+00:00
2026-04-01,Villa Adelina,1,all,all,32,30,598.19,741.68,990.68,2026-04-24T07:23:39.658857+00:00
2026-04-01,Villa Adelina,1,direct,all,26,25,608.90,741.68,957.64,2026-04-24T07:23:39.658857+00:00
2026-04-01,Villa Adelina,2,all,all,35,33,873.19,969.53,1319.00,2026-04-24T07:23:39.658857+00:00
2026-04-01,Villa Adelina,2,direct,all,34,32,869.66,968.26,1291.39,2026-04-24T07:23:39.658857+00:00
2026-04-01,Villa Adelina,2,direct,unfurnished,20,18,937.38,971.55,1284.55,2026-04-24T07:23:39.658857+00:00
2026-04-01,Villa Crespo,0,all,all,329,314,715.46,878.23,1156.00,2026-04-24T07:23:39.658857+00:00
2026-04-01,Villa Crespo,0,platform,all,110,105,935.25,1142.00,1380.50,2026-04-24T07:23:39.658857+00:00
2026-04-01,Villa Crespo,0,platform,furnished,100,91,977.50,1142.00,1389.25,2026-04-24T07:23:39.658857+00:00
2026-04-01,Villa Crespo,0,direct,all,219,202,671.75,773.72,944.94,2026-04-24T07:23:39.658857+00:00
2026-04-01,Villa Crespo,0,direct,furnished,76,69,762.03,909.13,1115.74,2026-04-24T07:23:39.658857+00:00
2026-04-01,Villa Crespo,0,direct,unfurnished,143,132,638.62,737.69,828.94,2026-04-24T07:23:39.658857+00:00
2026-04-01,Villa Crespo,1,all,all,1273,1179,805.87,1058.00,1367.00,2026-04-24T07:23:39.658857+00:00
2026-04-01,Villa Crespo,1,platform,all,717,659,935.00,1190.00,1564.00,2026-04-24T07:23:39.658857+00:00
2026-04-01,Villa Crespo,1,platform,furnished,680,625,935.00,1213.00,1570.25,2026-04-24T07:23:39.658857+00:00
2026-04-01,Villa Crespo,1,direct,all,556,527,727.48,891.45,1148.95,2026-04-24T07:23:39.658857+00:00
2026-04-01,Villa Crespo,1,direct,furnished,247,226,826.10,1015.50,1229.10,2026-04-24T07:23:39.658857+00:00
2026-04-01,Villa Crespo,1,direct,unfurnished,307,293,690.44,817.08,1015.26,2026-04-24T07:23:39.658857+00:00
2026-04-01,Villa Crespo,2,all,all,274,253,1134.53,1464.53,2071.10,2026-04-24T07:23:39.658857+00:00
2026-04-01,Villa Crespo,2,platform,all,119,114,1489.00,2087.00,2982.50,2026-04-24T07:23:39.658857+00:00
2026-04-01,Villa Crespo,2,platform,furnished,114,109,1483.00,2059.50,3020.25,2026-04-24T07:23:39.658857+00:00
2026-04-01,Villa Crespo,2,direct,all,155,151,1048.33,1232.16,1537.71,2026-04-24T07:23:39.658857+00:00
2026-04-01,Villa Crespo,2,direct,furnished,94,91,1091.97,1282.02,1695.99,2026-04-24T07:23:39.658857+00:00
2026-04-01,Villa Crespo,2,direct,unfurnished,59,59,976.73,1190.85,1451.63,2026-04-24T07:23:39.658857+00:00
2026-04-01,Villa Crespo,3,all,all,77,67,1368.40,1868.60,2312.00,2026-04-24T07:23:39.658857+00:00
2026-04-01,Villa Crespo,3,platform,all,20,20,2285.00,2694.00,4846.50,2026-04-24T07:23:39.658857+00:00
2026-04-01,Villa Crespo,3,direct,all,57,56,1237.54,1526.96,2068.76,2026-04-24T07:23:39.658857+00:00
2026-04-01,Villa Crespo,3,direct,furnished,24,20,1110.69,1785.39,2391.69,2026-04-24T03:15:38.386579+00:00
2026-04-01,Villa Crespo,3,direct,unfurnished,42,42,1241.97,1524.79,2016.88,2026-04-24T07:23:39.658857+00:00
2026-04-01,Villa Crespo,4,all,all,35,32,3897.45,5497.00,7359.00,2026-04-24T07:23:39.658857+00:00
2026-04-01,Villa Crespo,4,direct,all,25,24,3557.64,3971.33,6443.20,2026-04-24T07:23:39.658857+00:00
2026-04-01,Villa del Parque,0,all,all,104,102,604.46,699.19,1001.00,2026-04-24T07:23:39.658857+00:00
2026-04-01,Villa del Parque,0,direct,all,86,79,570.65,670.78,771.98,2026-04-24T07:23:39.658857+00:00
2026-04-01,Villa del Parque,0,direct,furnished,25,23,685.01,741.80,900.00,2026-04-24T07:23:39.658857+00:00
2026-04-01,Villa del Parque,0,direct,unfurnished,61,55,541.20,639.70,710.32,2026-04-24T07:23:39.658857+00:00
2026-04-01,Villa del Parque,1,all,all,314,296,624.29,743.29,995.00,2026-04-24T07:23:39.658857+00:00
2026-04-01,Villa del Parque,1,platform,all,66,61,762.75,1046.00,1340.21,2026-04-24T07:23:39.658857+00:00
2026-04-01,Villa del Parque,1,platform,furnished,61,55,760.00,1045.00,1306.00,2026-04-24T07:23:39.658857+00:00
2026-04-01,Villa del Parque,1,direct,all,248,235,612.19,700.35,899.93,2026-04-24T07:23:39.658857+00:00
2026-04-01,Villa del Parque,1,direct,furnished,79,77,608.22,725.20,1010.03,2026-04-24T07:23:39.658857+00:00
2026-04-01,Villa del Parque,1,direct,unfurnished,166,156,612.06,680.01,863.25,2026-04-24T07:23:39.658857+00:00
2026-04-01,Villa del Parque,2,all,all,74,67,996.13,1185.98,1548.66,2026-04-24T07:23:39.658857+00:00
2026-04-01,Villa del Parque,2,direct,all,66,57,983.66,1155.06,1315.85,2026-04-24T07:23:39.658857+00:00
2026-04-01,Villa del Parque,2,direct,furnished,20,20,1029.16,1218.60,1366.35,2026-04-24T03:15:38.386579+00:00
2026-04-01,Villa del Parque,2,direct,unfurnished,53,44,968.46,1134.93,1318.74,2026-04-24T07:23:39.658857+00:00
2026-04-01,Villa del Parque,3,all,all,30,29,1660.12,1896.92,3118.17,2026-04-24T07:23:39.658857+00:00
2026-04-01,Villa del Parque,3,direct,all,27,26,1620.32,1837.88,2945.67,2026-04-24T07:23:39.658857+00:00
2026-04-01,Villa Devoto,0,all,all,99,92,616.02,733.93,868.01,2026-04-24T07:23:39.658857+00:00
2026-04-01,Villa Devoto,0,direct,all,91,82,603.27,729.15,806.73,2026-04-24T07:23:39.658857+00:00
2026-04-01,Villa Devoto,0,direct,furnished,27,26,636.59,762.60,895.12,2026-04-24T07:23:39.658857+00:00
2026-04-01,Villa Devoto,0,direct,unfurnished,64,58,586.86,699.80,801.74,2026-04-24T07:23:39.658857+00:00
2026-04-01,Villa Devoto,1,all,all,372,341,712.96,868.19,1199.47,2026-04-24T07:23:39.658857+00:00
2026-04-01,Villa Devoto,1,platform,all,77,77,1045.00,1382.00,2841.00,2026-04-24T07:23:39.658857+00:00
2026-04-01,Villa Devoto,1,platform,furnished,71,71,982.50,1382.00,2930.00,2026-04-24T07:23:39.658857+00:00
2026-04-01,Villa Devoto,1,direct,all,295,278,693.04,805.46,1034.71,2026-04-24T07:23:39.658857+00:00
2026-04-01,Villa Devoto,1,direct,furnished,83,78,739.47,889.75,1047.05,2026-04-24T07:23:39.658857+00:00
2026-04-01,Villa Devoto,1,direct,unfurnished,208,196,684.02,793.55,1032.37,2026-04-24T07:23:39.658857+00:00
2026-04-01,Villa Devoto,2,all,all,164,155,1096.09,1520.68,2094.89,2026-04-24T07:23:39.658857+00:00
2026-04-01,Villa Devoto,2,direct,all,149,143,1073.93,1429.57,1962.88,2026-04-24T07:23:39.658857+00:00
2026-04-01,Villa Devoto,2,direct,furnished,39,37,1131.54,1550.58,2422.86,2026-04-24T07:23:39.658857+00:00
2026-04-01,Villa Devoto,2,direct,unfurnished,107,105,1062.20,1410.95,1851.76,2026-04-24T07:23:39.658857+00:00
2026-04-01,Villa Devoto,3,all,all,86,78,2059.14,2442.61,3192.39,2026-04-24T07:23:39.658857+00:00
2026-04-01,Villa Devoto,3,direct,all,81,74,2080.84,2447.66,3135.66,2026-04-24T07:23:39.658857+00:00
2026-04-01,Villa Devoto,3,direct,furnished,28,25,1989.67,2990.87,3799.62,2026-04-24T07:23:39.658857+00:00
2026-04-01,Villa Devoto,3,direct,unfurnished,51,46,2108.92,2359.57,3008.55,2026-04-24T07:23:39.658857+00:00
2026-04-01,Villa Devoto,4,all,all,34,34,3416.78,4347.28,6496.20,2026-04-24T07:23:39.658857+00:00
2026-04-01,Villa Devoto,4,direct,all,34,34,3416.78,4347.28,6496.20,2026-04-24T07:23:39.658857+00:00
2026-04-01,Villa Devoto,4,direct,unfurnished,21,21,3417.44,4106.55,6683.14,2026-04-24T07:23:39.658857+00:00
2026-04-01,Villa General Mitre,0,all,all,25,25,586.50,691.61,994.00,2026-04-24T07:23:39.658857+00:00
2026-04-01,Villa General Mitre,0,direct,all,25,22,578.33,657.49,799.31,2026-04-24T03:15:38.386579+00:00
2026-04-01,Villa General Mitre,1,all,all,104,99,665.23,820.59,1085.61,2026-04-24T07:23:39.658857+00:00
2026-04-01,Villa General Mitre,1,platform,all,37,35,849.00,1086.00,1377.00,2026-04-24T07:23:39.658857+00:00
2026-04-01,Villa General Mitre,1,platform,furnished,34,32,893.25,1089.50,1372.75,2026-04-24T07:23:39.658857+00:00
2026-04-01,Villa General Mitre,1,direct,all,67,64,641.01,705.17,857.79,2026-04-24T07:23:39.658857+00:00
2026-04-01,Villa General Mitre,1,direct,furnished,28,27,667.78,787.86,941.42,2026-04-24T07:23:39.658857+00:00
2026-04-01,Villa General Mitre,1,direct,unfurnished,39,36,616.66,671.21,820.59,2026-04-24T07:23:39.658857+00:00
2026-04-01,Villa General Mitre,2,all,all,52,49,746.52,867.15,1230.43,2026-04-24T07:23:39.658857+00:00
2026-04-01,Villa General Mitre,2,direct,all,48,46,731.41,837.00,1142.41,2026-04-24T07:23:39.658857+00:00
2026-04-01,Villa General Mitre,2,direct,unfurnished,35,34,783.63,850.03,1151.17,2026-04-24T07:23:39.658857+00:00
2026-04-01,Villa Lugano,1,all,all,40,34,558.78,624.14,667.53,2026-04-24T07:23:39.658857+00:00
2026-04-01,Villa Lugano,1,direct,all,37,31,560.36,622.48,656.98,2026-04-24T07:23:39.658857+00:00
2026-04-01,Villa Lugano,1,direct,unfurnished,25,22,565.15,622.48,648.17,2026-04-24T07:23:39.658857+00:00
2026-04-01,Villa Lugano,2,all,all,81,71,604.63,718.47,915.11,2026-04-24T07:23:39.658857+00:00
2026-04-01,Villa Lugano,2,direct,all,79,70,606.24,718.47,905.10,2026-04-24T07:23:39.658857+00:00
2026-04-01,Villa Lugano,2,direct,furnished,22,18,656.83,783.11,966.56,2026-04-24T07:23:39.658857+00:00
2026-04-01,Villa Lugano,2,direct,unfurnished,55,48,598.27,692.15,850.41,2026-04-24T07:23:39.658857+00:00
2026-04-01,Villa Luro,0,all,all,29,26,543.66,639.14,751.14,2026-04-24T07:23:39.658857+00:00
2026-04-01,Villa Luro,0,direct,all,26,24,569.61,647.85,749.91,2026-04-24T07:23:39.658857+00:00
2026-04-01,Villa Luro,0,direct,unfurnished,21,19,581.85,639.14,751.14,2026-04-24T07:23:39.658857+00:00
2026-04-01,Villa Luro,1,all,all,159,153,618.70,843.08,1086.31,2026-04-24T07:23:39.658857+00:00
2026-04-01,Villa Luro,1,platform,all,23,23,897.00,1175.00,1616.50,2026-04-24T07:23:39.658857+00:00
2026-04-01,Villa Luro,1,platform,furnished,20,20,918.00,1192.00,1608.75,2026-04-24T07:23:39.658857+00:00
2026-04-01,Villa Luro,1,direct,all,136,131,614.39,779.63,998.92,2026-04-24T07:23:39.658857+00:00
2026-04-01,Villa Luro,1,direct,furnished,34,34,659.09,863.51,1074.47,2026-04-24T07:23:39.658857+00:00
2026-04-01,Villa Luro,1,direct,unfurnished,100,95,594.44,752.46,990.97,2026-04-24T07:23:39.658857+00:00
2026-04-01,Villa Luro,2,all,all,51,51,826.29,1010.79,1337.46,2026-04-24T07:23:39.658857+00:00
2026-04-01,Villa Luro,2,direct,all,48,47,831.51,1010.79,1309.75,2026-04-24T07:23:39.658857+00:00
2026-04-01,Villa Luro,2,direct,unfurnished,39,38,809.69,1010.79,1311.79,2026-04-24T07:23:39.658857+00:00
2026-04-01,Villa Luro,3,all,all,26,25,1161.15,1741.19,2338.51,2026-04-24T07:23:39.658857+00:00
2026-04-01,Villa Luro,3,direct,all,25,24,1141.39,1742.61,2344.03,2026-04-24T07:23:39.658857+00:00
2026-04-01,Villa Luro,3,direct,unfurnished,21,20,1116.00,1742.61,2321.95,2026-04-24T03:15:38.386579+00:00
2026-04-01,Villa Martelli,0,all,all,20,18,730.59,806.88,889.57,2026-04-24T07:23:39.658857+00:00
2026-04-01,Villa Martelli,0,direct,all,20,18,730.59,806.88,889.57,2026-04-24T07:23:39.658857+00:00
2026-04-01,Villa Martelli,1,all,all,50,49,710.30,865.88,1129.20,2026-04-24T07:23:39.658857+00:00
2026-04-01,Villa Martelli,1,direct,all,48,47,715.39,865.88,1120.72,2026-04-24T07:23:39.658857+00:00
2026-04-01,Villa Martelli,1,direct,unfurnished,44,43,715.39,856.37,1115.62,2026-04-24T07:23:39.658857+00:00
2026-04-01,Villa Martelli,2,all,all,28,28,932.09,1011.22,1367.12,2026-04-24T07:23:39.658857+00:00
2026-04-01,Villa Martelli,2,direct,all,28,28,932.09,1011.22,1367.12,2026-04-24T07:23:39.658857+00:00
2026-04-01,Villa Martelli,2,direct,unfurnished,22,18,928.30,1006.17,1072.64,2026-04-24T07:23:39.658857+00:00
2026-04-01,Villa Ortúzar,0,all,all,50,47,640.00,751.18,965.50,2026-04-24T07:23:39.658857+00:00
2026-04-01,Villa Ortúzar,0,direct,all,45,42,634.60,742.17,907.35,2026-04-24T07:23:39.658857+00:00
2026-04-01,Villa Ortúzar,0,direct,furnished,25,23,681.46,752.01,861.32,2026-04-24T07:23:39.658857+00:00
2026-04-01,Villa Ortúzar,0,direct,unfurnished,20,18,613.70,697.41,1005.48,2026-04-24T07:23:39.658857+00:00
2026-04-01,Villa Ortúzar,1,all,all,191,175,679.00,811.00,1111.58,2026-04-24T07:23:39.658857+00:00
2026-04-01,Villa Ortúzar,1,platform,all,82,75,787.00,1032.00,1323.75,2026-04-24T07:23:39.658857+00:00
2026-04-01,Villa Ortúzar,1,platform,furnished,77,70,784.00,1016.00,1275.00,2026-04-24T07:23:39.658857+00:00
2026-04-01,Villa Ortúzar,1,direct,all,109,95,643.08,744.30,868.67,2026-04-24T07:23:39.658857+00:00
2026-04-01,Villa Ortúzar,1,direct,furnished,49,46,689.47,836.80,1085.00,2026-04-24T07:23:39.658857+00:00
2026-04-01,Villa Ortúzar,1,direct,unfurnished,60,57,608.96,685.69,786.26,2026-04-24T07:23:39.658857+00:00
2026-04-01,Villa Ortúzar,2,all,all,43,38,1200.65,1471.00,1989.17,2026-04-24T07:23:39.658857+00:00
2026-04-01,Villa Ortúzar,2,direct,all,37,33,1168.70,1438.88,2027.34,2026-04-24T07:23:39.658857+00:00
2026-04-01,Villa Ortúzar,2,direct,furnished,22,22,1417.13,1938.00,4206.03,2026-04-24T03:15:38.386579+00:00
2026-04-01,Villa Ortúzar,2,direct,unfurnished,21,20,1008.50,1367.28,1755.45,2026-04-24T07:23:39.658857+00:00
2026-04-01,Villa Pueyrredón,0,all,all,63,57,634.78,724.03,795.14,2026-04-24T07:23:39.658857+00:00
2026-04-01,Villa Pueyrredón,0,direct,all,59,56,630.90,703.01,784.08,2026-04-24T07:23:39.658857+00:00
2026-04-01,Villa Pueyrredón,0,direct,furnished,20,19,701.70,758.35,847.13,2026-04-23T03:05:15.491547+00:00
2026-04-01,Villa Pueyrredón,0,direct,unfurnished,42,40,605.45,658.57,764.47,2026-04-24T07:23:39.658857+00:00
2026-04-01,Villa Pueyrredón,1,all,all,160,143,701.23,829.84,977.70,2026-04-24T07:23:39.658857+00:00
2026-04-01,Villa Pueyrredón,1,platform,all,21,21,899.00,1115.09,1628.70,2026-04-24T07:23:39.658857+00:00
2026-04-01,Villa Pueyrredón,1,platform,furnished,21,21,899.00,1115.09,1628.70,2026-04-24T07:23:39.658857+00:00
2026-04-01,Villa Pueyrredón,1,direct,all,139,127,692.06,814.13,924.62,2026-04-24T07:23:39.658857+00:00
2026-04-01,Villa Pueyrredón,1,direct,furnished,55,49,662.07,817.43,940.62,2026-04-24T07:23:39.658857+00:00
2026-04-01,Villa Pueyrredón,1,direct,unfurnished,82,75,701.48,813.24,921.43,2026-04-24T07:23:39.658857+00:00
2026-04-01,Villa Pueyrredón,2,all,all,42,42,956.11,1183.47,1488.42,2026-04-24T07:23:39.658857+00:00
2026-04-01,Villa Pueyrredón,2,direct,all,37,36,945.98,1167.53,1393.67,2026-04-24T07:23:39.658857+00:00
2026-04-01,Villa Pueyrredón,2,direct,unfurnished,23,22,880.34,1167.53,1298.06,2026-04-24T07:23:39.658857+00:00
2026-04-01,Villa Pueyrredón,3,all,all,26,23,1196.34,1665.52,2487.00,2026-04-24T07:23:39.658857+00:00
2026-04-01,Villa Pueyrredón,3,direct,all,25,22,1182.83,1542.03,2538.07,2026-04-24T07:23:39.658857+00:00
2026-04-01,Villa Real,1,all,all,23,22,541.41,668.98,916.29,2026-04-24T03:15:38.386579+00:00
2026-04-01,Villa Real,1,direct,all,21,20,560.14,668.98,891.13,2026-04-24T03:15:38.386579+00:00
2026-04-01,Villa Riachuelo,1,all,all,23,22,628.36,722.41,869.12,2026-04-24T03:15:38.386579+00:00
2026-04-01,Villa Riachuelo,1,direct,all,22,22,620.12,707.92,844.58,2026-04-24T03:15:38.386579+00:00
2026-04-01,Villa Santa Rita,0,all,all,27,24,663.23,739.97,842.19,2026-04-24T07:23:39.658857+00:00
2026-04-01,Villa Santa Rita,0,direct,all,27,24,663.23,739.97,842.19,2026-04-24T07:23:39.658857+00:00
2026-04-01,Villa Santa Rita,0,direct,unfurnished,20,18,622.76,732.38,778.60,2026-04-24T07:23:39.658857+00:00
2026-04-01,Villa Santa Rita,1,all,all,110,103,666.95,771.17,932.13,2026-04-24T07:23:39.658857+00:00
2026-04-01,Villa Santa Rita,1,direct,all,92,88,652.06,739.89,892.31,2026-04-24T07:23:39.658857+00:00
2026-04-01,Villa Santa Rita,1,direct,furnished,27,27,668.30,726.96,890.82,2026-04-24T07:23:39.658857+00:00
2026-04-01,Villa Santa Rita,1,direct,unfurnished,65,61,645.50,748.07,892.07,2026-04-24T07:23:39.658857+00:00
2026-04-01,Villa Santa Rita,2,all,all,37,35,848.82,932.72,1289.10,2026-04-24T07:23:39.658857+00:00
2026-04-01,Villa Santa Rita,2,direct,all,34,32,831.22,936.90,1306.08,2026-04-24T07:23:39.658857+00:00
2026-04-01,Villa Santa Rita,2,direct,unfurnished,26,26,790.19,930.79,1302.02,2026-04-24T07:23:39.658857+00:00
2026-04-01,Villa Urquiza,0,all,all,358,332,666.42,772.85,913.03,2026-04-24T07:23:39.658857+00:00
2026-04-01,Villa Urquiza,0,platform,all,34,29,993.25,1129.50,1337.50,2026-04-24T07:23:39.658857+00:00
2026-04-01,Villa Urquiza,0,platform,furnished,30,28,968.00,1089.00,1319.50,2026-04-24T07:23:39.658857+00:00
2026-04-01,Villa Urquiza,0,direct,all,324,307,655.98,740.98,876.63,2026-04-24T07:23:39.658857+00:00
2026-04-01,Villa Urquiza,0,direct,furnished,148,142,682.78,773.15,886.50,2026-04-24T07:23:39.658857+00:00
2026-04-01,Villa Urquiza,0,direct,unfurnished,175,162,636.91,721.10,843.78,2026-04-24T07:23:39.658857+00:00
2026-04-01,Villa Urquiza,1,all,all,1028,974,759.38,943.74,1219.07,2026-04-24T07:23:39.658857+00:00
2026-04-01,Villa Urquiza,1,platform,all,230,212,1033.25,1309.00,1620.95,2026-04-24T07:23:39.658857+00:00
2026-04-01,Villa Urquiza,1,platform,furnished,217,200,1032.00,1304.00,1618.00,2026-04-24T07:23:39.658857+00:00
2026-04-01,Villa Urquiza,1,direct,all,798,766,722.27,876.41,1098.86,2026-04-24T07:23:39.658857+00:00
2026-04-01,Villa Urquiza,1,direct,furnished,320,304,767.86,931.55,1133.27,2026-04-24T07:23:39.658857+00:00
2026-04-01,Villa Urquiza,1,direct,unfurnished,469,450,695.26,840.51,1053.74,2026-04-24T07:23:39.658857+00:00
2026-04-01,Villa Urquiza,2,all,all,291,280,1121.38,1379.10,1804.26,2026-04-24T07:23:39.658857+00:00
2026-04-01,Villa Urquiza,2,platform,all,32,32,1608.25,1908.50,2748.75,2026-04-24T07:23:39.658857+00:00
2026-04-01,Villa Urquiza,2,platform,furnished,31,30,1593.50,1890.00,2581.50,2026-04-24T07:23:39.658857+00:00
2026-04-01,Villa Urquiza,2,direct,all,259,251,1068.81,1310.25,1659.53,2026-04-24T07:23:39.658857+00:00
2026-04-01,Villa Urquiza,2,direct,furnished,102,96,1193.77,1401.79,1811.25,2026-04-24T07:23:39.658857+00:00
2026-04-01,Villa Urquiza,2,direct,unfurnished,154,153,1018.15,1263.56,1630.65,2026-04-24T07:23:39.658857+00:00
2026-04-01,Villa Urquiza,3,all,all,79,79,1603.30,2035.92,2681.28,2026-04-24T07:23:39.658857+00:00
2026-04-01,Villa Urquiza,3,direct,all,73,72,1613.45,2031.19,2609.30,2026-04-24T07:23:39.658857+00:00
2026-04-01,Villa Urquiza,3,direct,furnished,31,31,1658.12,2074.46,2944.22,2026-04-24T07:23:39.658857+00:00
2026-04-01,Villa Urquiza,3,direct,unfurnished,42,37,1556.66,2030.55,2374.80,2026-04-24T07:23:39.658857+00:00
2026-04-01,Villa Urquiza,4,all,all,29,24,2613.79,3081.75,4359.66,2026-04-24T07:23:39.658857+00:00
2026-04-01,Villa Urquiza,4,direct,all,26,21,2635.58,3060.48,3668.69,2026-04-24T07:23:39.658857+00:00
2026-04-01,Virreyes,1,all,all,26,22,517.96,564.85,841.12,2026-04-24T07:23:39.658857+00:00
2026-04-01,Virreyes,1,direct,all,26,22,517.96,564.85,841.12,2026-04-24T07:23:39.658857+00:00
2026-04-01,Virreyes,1,direct,unfurnished,21,17,533.17,566.63,846.54,2026-04-24T07:23:39.658857+00:00
2026-04-01,Zárate,2,all,all,26,25,770.15,879.03,1049.55,2026-04-24T03:15:38.386579+00:00
2026-04-01,Zárate,2,direct,all,26,25,770.15,879.03,1049.55,2026-04-24T03:15:38.386579+00:00
2026-04-01,Zárate,2,direct,furnished,21,20,775.53,887.49,1076.80,2026-04-24T03:15:38.386579+00:00
