snapshot_date,barrio,bedroom_bucket,channel,furnished,n_total,n_fenced,p25,p50,p75,computed_at,methodology_version
2026-06-01,Acassuso,0,all,all,22,21,652.63,775.65,2720.75,2026-06-22T03:33:33.115608+00:00,v0-unversioned
2026-06-01,Acassuso,1,all,all,78,77,779.64,1395.29,1854.75,2026-06-30T03:19:34.403959+00:00,v0-unversioned
2026-06-01,Acassuso,1,platform,all,47,45,1389.50,1730.00,2094.00,2026-06-30T03:19:34.403959+00:00,v0-unversioned
2026-06-01,Acassuso,1,platform,furnished,38,37,1416.75,1722.50,2186.25,2026-06-30T03:19:34.403959+00:00,v0-unversioned
2026-06-01,Acassuso,1,direct,all,31,26,739.59,779.05,974.66,2026-06-30T03:19:34.403959+00:00,v0-unversioned
2026-06-01,Acassuso,1,direct,unfurnished,20,18,740.00,779.05,970.86,2026-06-30T03:19:34.403959+00:00,v0-unversioned
2026-06-01,Acassuso,2,all,all,63,63,1047.42,1515.48,2076.13,2026-06-30T03:19:34.403959+00:00,v0-unversioned
2026-06-01,Acassuso,2,direct,all,55,52,1034.92,1414.90,1669.82,2026-06-30T03:19:34.403959+00:00,v0-unversioned
2026-06-01,Acassuso,2,direct,furnished,26,25,1116.49,1422.18,1723.76,2026-06-15T03:44:35.588311+00:00,v0-unversioned
2026-06-01,Acassuso,2,direct,unfurnished,33,30,1021.09,1301.72,1598.49,2026-06-30T03:19:34.403959+00:00,v0-unversioned
2026-06-01,Acassuso,3,all,all,51,51,2482.16,4219.65,5978.02,2026-06-30T03:19:34.403959+00:00,v0-unversioned
2026-06-01,Acassuso,3,direct,all,46,46,2190.02,4053.69,5912.49,2026-06-30T03:19:34.403959+00:00,v0-unversioned
2026-06-01,Acassuso,3,direct,furnished,20,19,2829.27,4219.65,5384.80,2026-06-15T03:44:35.588311+00:00,v0-unversioned
2026-06-01,Acassuso,3,direct,unfurnished,24,24,2001.76,2880.32,5948.90,2026-06-30T03:19:34.403959+00:00,v0-unversioned
2026-06-01,Acassuso,4,all,all,36,32,4101.90,5126.51,7587.24,2026-06-30T03:19:34.403959+00:00,v0-unversioned
2026-06-01,Acassuso,4,direct,all,33,29,4031.87,5126.51,7491.78,2026-06-30T03:19:34.403959+00:00,v0-unversioned
2026-06-01,Agronomía,0,all,all,31,29,546.54,639.25,814.32,2026-06-30T03:19:34.403959+00:00,v0-unversioned
2026-06-01,Agronomía,0,direct,all,26,25,533.34,572.39,684.15,2026-06-30T03:19:34.403959+00:00,v0-unversioned
2026-06-01,Agronomía,1,all,all,70,69,676.66,857.25,1191.81,2026-06-30T03:19:34.403959+00:00,v0-unversioned
2026-06-01,Agronomía,1,platform,all,32,32,769.25,1097.00,1317.75,2026-06-30T03:19:34.403959+00:00,v0-unversioned
2026-06-01,Agronomía,1,platform,furnished,28,28,769.25,1097.50,1317.75,2026-06-30T03:19:34.403959+00:00,v0-unversioned
2026-06-01,Agronomía,1,direct,all,38,36,663.27,795.80,935.81,2026-06-30T03:19:34.403959+00:00,v0-unversioned
2026-06-01,Agronomía,1,direct,unfurnished,29,27,656.14,803.31,888.07,2026-06-30T03:19:34.403959+00:00,v0-unversioned
2026-06-01,Agronomía,2,all,all,20,19,989.96,1336.73,1811.84,2026-06-30T03:19:34.403959+00:00,v0-unversioned
2026-06-01,Almagro,0,all,all,641,622,643.05,779.19,1073.00,2026-06-30T03:19:34.403959+00:00,v0-unversioned
2026-06-01,Almagro,0,platform,all,137,133,1007.00,1158.00,1440.00,2026-06-30T03:19:34.403959+00:00,v0-unversioned
2026-06-01,Almagro,0,platform,furnished,120,117,1014.50,1159.00,1511.00,2026-06-30T03:19:34.403959+00:00,v0-unversioned
2026-06-01,Almagro,0,direct,all,504,476,610.27,718.26,900.81,2026-06-30T03:19:34.403959+00:00,v0-unversioned
2026-06-01,Almagro,0,direct,furnished,189,189,789.13,932.16,1170.93,2026-06-30T03:19:34.403959+00:00,v0-unversioned
2026-06-01,Almagro,0,direct,unfurnished,238,235,563.14,640.45,727.29,2026-06-30T03:19:34.403959+00:00,v0-unversioned
2026-06-01,Almagro,1,all,all,1899,1840,714.73,900.00,1206.50,2026-06-30T03:19:34.403959+00:00,v0-unversioned
2026-06-01,Almagro,1,platform,all,779,747,900.00,1148.00,1449.00,2026-06-30T03:19:34.403959+00:00,v0-unversioned
2026-06-01,Almagro,1,platform,furnished,632,605,906.75,1153.00,1444.25,2026-06-30T03:19:34.403959+00:00,v0-unversioned
2026-06-01,Almagro,1,direct,all,1120,1073,675.71,784.77,969.68,2026-06-30T03:19:34.403959+00:00,v0-unversioned
2026-06-01,Almagro,1,direct,furnished,429,423,776.67,914.76,1137.82,2026-06-30T03:19:34.403959+00:00,v0-unversioned
2026-06-01,Almagro,1,direct,unfurnished,562,523,629.83,716.36,825.03,2026-06-30T03:19:34.403959+00:00,v0-unversioned
2026-06-01,Almagro,2,all,all,464,432,976.65,1194.29,1576.59,2026-06-30T03:19:34.403959+00:00,v0-unversioned
2026-06-01,Almagro,2,platform,all,131,125,1232.00,1706.00,2294.00,2026-06-30T03:19:34.403959+00:00,v0-unversioned
2026-06-01,Almagro,2,platform,furnished,110,104,1209.00,1676.00,2259.75,2026-06-30T03:19:34.403959+00:00,v0-unversioned
2026-06-01,Almagro,2,direct,all,333,326,924.10,1117.89,1405.23,2026-06-30T03:19:34.403959+00:00,v0-unversioned
2026-06-01,Almagro,2,direct,furnished,99,95,1107.74,1277.27,1590.72,2026-06-30T03:19:34.403959+00:00,v0-unversioned
2026-06-01,Almagro,2,direct,unfurnished,180,177,848.03,990.76,1260.70,2026-06-30T03:19:34.403959+00:00,v0-unversioned
2026-06-01,Almagro,3,all,all,106,94,1262.09,1525.21,1864.78,2026-06-30T03:19:34.403959+00:00,v0-unversioned
2026-06-01,Almagro,3,platform,all,20,18,1603.75,1982.00,3010.75,2026-06-30T03:19:34.403959+00:00,v0-unversioned
2026-06-01,Almagro,3,direct,all,86,79,1223.05,1494.67,1763.26,2026-06-30T03:19:34.403959+00:00,v0-unversioned
2026-06-01,Almagro,3,direct,furnished,25,24,1546.62,1707.71,2256.00,2026-06-15T03:44:35.588311+00:00,v0-unversioned
2026-06-01,Almagro,3,direct,unfurnished,62,57,1154.56,1443.86,1715.94,2026-06-30T03:19:34.403959+00:00,v0-unversioned
2026-06-01,Almagro,4,all,all,41,38,2062.67,3360.83,4370.18,2026-06-30T03:19:34.403959+00:00,v0-unversioned
2026-06-01,Almagro,4,direct,all,31,29,1989.88,3145.82,4370.18,2026-06-30T03:19:34.403959+00:00,v0-unversioned
2026-06-01,Almagro,4,direct,unfurnished,21,20,1780.44,2320.18,4370.18,2026-06-18T03:18:17.697306+00:00,v0-unversioned
2026-06-01,Almirante Brown,0,all,all,37,34,419.03,470.17,547.26,2026-06-30T03:19:34.403959+00:00,v0-unversioned
2026-06-01,Almirante Brown,0,direct,all,37,34,419.03,470.17,547.26,2026-06-30T03:19:34.403959+00:00,v0-unversioned
2026-06-01,Almirante Brown,0,direct,unfurnished,30,26,431.62,475.09,552.01,2026-06-30T03:19:34.403959+00:00,v0-unversioned
2026-06-01,Almirante Brown,1,all,all,240,232,411.86,493.50,647.84,2026-06-30T03:19:34.403959+00:00,v0-unversioned
2026-06-01,Almirante Brown,1,direct,all,240,232,411.86,493.50,647.84,2026-06-30T03:19:34.403959+00:00,v0-unversioned
2026-06-01,Almirante Brown,1,direct,furnished,39,38,493.25,673.40,811.41,2026-06-15T03:44:35.588311+00:00,v0-unversioned
2026-06-01,Almirante Brown,1,direct,unfurnished,194,191,410.73,483.66,617.63,2026-06-30T03:19:34.403959+00:00,v0-unversioned
2026-06-01,Almirante Brown,2,all,all,222,217,631.19,791.45,1058.37,2026-06-30T03:19:34.403959+00:00,v0-unversioned
2026-06-01,Almirante Brown,2,direct,all,222,217,631.19,791.45,1058.37,2026-06-30T03:19:34.403959+00:00,v0-unversioned
2026-06-01,Almirante Brown,2,direct,furnished,50,50,692.27,844.43,1208.65,2026-06-15T03:44:35.588311+00:00,v0-unversioned
2026-06-01,Almirante Brown,2,direct,unfurnished,171,167,623.04,785.46,1002.80,2026-06-30T03:19:34.403959+00:00,v0-unversioned
2026-06-01,Almirante Brown,3,all,all,51,49,1015.81,1364.53,1951.96,2026-06-30T03:19:34.403959+00:00,v0-unversioned
2026-06-01,Almirante Brown,3,direct,all,51,49,1015.81,1364.53,1951.96,2026-06-30T03:19:34.403959+00:00,v0-unversioned
2026-06-01,Almirante Brown,3,direct,unfurnished,32,32,990.17,1294.28,1951.61,2026-06-30T03:19:34.403959+00:00,v0-unversioned
2026-06-01,Almirante Brown,4,all,all,25,21,1490.69,1766.09,4108.66,2026-06-30T03:19:34.403959+00:00,v0-unversioned
2026-06-01,Almirante Brown,4,direct,all,25,21,1490.69,1766.09,4108.66,2026-06-30T03:19:34.403959+00:00,v0-unversioned
2026-06-01,Avellaneda,0,all,all,150,144,413.82,473.44,534.73,2026-06-30T03:19:34.403959+00:00,v0-unversioned
2026-06-01,Avellaneda,0,direct,all,148,144,413.03,472.26,533.21,2026-06-30T03:19:34.403959+00:00,v0-unversioned
2026-06-01,Avellaneda,0,direct,furnished,31,30,475.38,572.30,682.39,2026-06-15T03:44:35.588311+00:00,v0-unversioned
2026-06-01,Avellaneda,0,direct,unfurnished,120,117,405.24,461.54,522.51,2026-06-30T03:19:34.403959+00:00,v0-unversioned
2026-06-01,Avellaneda,1,all,all,800,777,491.02,563.26,675.50,2026-06-30T03:19:34.403959+00:00,v0-unversioned
2026-06-01,Avellaneda,1,platform,all,21,21,468.00,940.00,1518.00,2026-06-30T03:19:34.403959+00:00,v0-unversioned
2026-06-01,Avellaneda,1,direct,all,779,764,491.44,562.08,668.06,2026-06-30T03:19:34.403959+00:00,v0-unversioned
2026-06-01,Avellaneda,1,direct,furnished,33,31,513.74,599.64,772.29,2026-06-30T03:19:34.403959+00:00,v0-unversioned
2026-06-01,Avellaneda,1,direct,unfurnished,633,625,484.17,556.36,663.55,2026-06-30T03:19:34.403959+00:00,v0-unversioned
2026-06-01,Avellaneda,2,all,all,480,458,625.15,737.50,862.89,2026-06-30T03:19:34.403959+00:00,v0-unversioned
2026-06-01,Avellaneda,2,direct,all,477,457,625.08,736.84,862.23,2026-06-30T03:19:34.403959+00:00,v0-unversioned
2026-06-01,Avellaneda,2,direct,furnished,84,80,665.82,784.12,912.82,2026-06-15T03:44:35.588311+00:00,v0-unversioned
2026-06-01,Avellaneda,2,direct,unfurnished,381,366,624.71,729.99,856.52,2026-06-30T03:19:34.403959+00:00,v0-unversioned
2026-06-01,Avellaneda,3,all,all,89,84,777.49,940.91,1211.59,2026-06-30T03:19:34.403959+00:00,v0-unversioned
2026-06-01,Avellaneda,3,direct,all,89,84,777.49,940.91,1211.59,2026-06-30T03:19:34.403959+00:00,v0-unversioned
2026-06-01,Avellaneda,3,direct,furnished,20,19,688.40,978.07,1643.78,2026-06-15T03:44:35.588311+00:00,v0-unversioned
2026-06-01,Avellaneda,3,direct,unfurnished,61,59,774.46,927.19,1102.65,2026-06-30T03:19:34.403959+00:00,v0-unversioned
2026-06-01,Balvanera,0,all,all,572,522,554.36,669.76,874.13,2026-06-30T03:19:34.403959+00:00,v0-unversioned
2026-06-01,Balvanera,0,platform,all,119,115,861.32,1061.00,1448.50,2026-06-30T03:19:34.403959+00:00,v0-unversioned
2026-06-01,Balvanera,0,platform,furnished,106,102,860.47,1037.00,1436.50,2026-06-30T03:19:34.403959+00:00,v0-unversioned
2026-06-01,Balvanera,0,direct,all,453,423,534.37,623.38,729.29,2026-06-30T03:19:34.403959+00:00,v0-unversioned
2026-06-01,Balvanera,0,direct,furnished,130,118,615.33,706.73,880.75,2026-06-30T03:19:34.403959+00:00,v0-unversioned
2026-06-01,Balvanera,0,direct,unfurnished,242,234,496.12,574.68,671.73,2026-06-30T03:19:34.403959+00:00,v0-unversioned
2026-06-01,Balvanera,1,all,all,1699,1597,649.28,827.00,1134.00,2026-06-30T03:19:34.403959+00:00,v0-unversioned
2026-06-01,Balvanera,1,platform,all,822,762,810.25,1066.50,1410.75,2026-06-30T03:19:34.403959+00:00,v0-unversioned
2026-06-01,Balvanera,1,platform,furnished,667,614,816.50,1070.00,1431.00,2026-06-30T03:19:34.403959+00:00,v0-unversioned
2026-06-01,Balvanera,1,direct,all,877,832,613.94,707.82,857.15,2026-06-30T03:19:34.403959+00:00,v0-unversioned
2026-06-01,Balvanera,1,direct,furnished,335,320,698.27,830.25,1007.24,2026-06-30T03:19:34.403959+00:00,v0-unversioned
2026-06-01,Balvanera,1,direct,unfurnished,387,374,576.80,654.73,748.08,2026-06-30T03:19:34.403959+00:00,v0-unversioned
2026-06-01,Balvanera,2,all,all,512,491,900.31,1099.27,1480.71,2026-06-30T03:19:34.403959+00:00,v0-unversioned
2026-06-01,Balvanera,2,platform,all,127,117,1272.50,1532.00,1968.00,2026-06-30T03:19:34.403959+00:00,v0-unversioned
2026-06-01,Balvanera,2,platform,furnished,105,95,1275.00,1545.00,1982.00,2026-06-30T03:19:34.403959+00:00,v0-unversioned
2026-06-01,Balvanera,2,direct,all,385,378,869.07,997.25,1301.88,2026-06-30T03:19:34.403959+00:00,v0-unversioned
2026-06-01,Balvanera,2,direct,furnished,131,128,1033.47,1273.04,1483.39,2026-06-30T03:19:34.403959+00:00,v0-unversioned
2026-06-01,Balvanera,2,direct,unfurnished,185,167,805.66,930.00,1069.48,2026-06-30T03:19:34.403959+00:00,v0-unversioned
2026-06-01,Balvanera,3,all,all,131,116,1190.41,1391.02,2060.00,2026-06-30T03:19:34.403959+00:00,v0-unversioned
2026-06-01,Balvanera,3,platform,all,42,37,1886.89,2393.00,3288.50,2026-06-30T03:19:34.403959+00:00,v0-unversioned
2026-06-01,Balvanera,3,platform,furnished,38,33,1870.25,2393.00,3288.50,2026-06-30T03:19:34.403959+00:00,v0-unversioned
2026-06-01,Balvanera,3,direct,all,89,81,1151.10,1234.00,1461.84,2026-06-30T03:19:34.403959+00:00,v0-unversioned
2026-06-01,Balvanera,3,direct,furnished,20,17,1211.99,1430.67,1526.07,2026-06-21T03:33:14.372456+00:00,v0-unversioned
2026-06-01,Balvanera,3,direct,unfurnished,52,48,1060.97,1183.88,1325.31,2026-06-30T03:19:34.403959+00:00,v0-unversioned
2026-06-01,Balvanera,4,all,all,40,36,1470.29,3247.81,5152.25,2026-06-30T03:19:34.403959+00:00,v0-unversioned
2026-06-01,Balvanera,4,direct,all,31,27,1360.98,2179.41,3497.50,2026-06-30T03:19:34.403959+00:00,v0-unversioned
2026-06-01,Balvanera,4,direct,unfurnished,23,20,1276.86,2159.95,3913.03,2026-06-30T03:19:34.403959+00:00,v0-unversioned
2026-06-01,Barracas,0,all,all,76,70,585.27,715.00,925.86,2026-06-30T03:19:34.403959+00:00,v0-unversioned
2026-06-01,Barracas,0,direct,all,67,65,563.13,690.45,852.46,2026-06-30T03:19:34.403959+00:00,v0-unversioned
2026-06-01,Barracas,0,direct,furnished,20,18,701.26,823.08,1330.25,2026-06-08T03:43:39.261583+00:00,v0-unversioned
2026-06-01,Barracas,0,direct,unfurnished,41,40,511.14,606.16,705.08,2026-06-30T03:19:34.403959+00:00,v0-unversioned
2026-06-01,Barracas,1,all,all,309,298,672.10,858.08,1270.00,2026-06-30T03:19:34.403959+00:00,v0-unversioned
2026-06-01,Barracas,1,platform,all,140,135,744.00,1140.50,1631.25,2026-06-30T03:19:34.403959+00:00,v0-unversioned
2026-06-01,Barracas,1,platform,furnished,115,110,766.50,1157.00,1633.50,2026-06-30T03:19:34.403959+00:00,v0-unversioned
2026-06-01,Barracas,1,direct,all,169,154,639.23,761.00,910.27,2026-06-30T03:19:34.403959+00:00,v0-unversioned
2026-06-01,Barracas,1,direct,furnished,41,41,859.73,1025.94,1365.51,2026-06-30T03:19:34.403959+00:00,v0-unversioned
2026-06-01,Barracas,1,direct,unfurnished,102,97,616.81,706.26,817.17,2026-06-30T03:19:34.403959+00:00,v0-unversioned
2026-06-01,Barracas,2,all,all,167,156,864.74,1122.05,1403.06,2026-06-30T03:19:34.403959+00:00,v0-unversioned
2026-06-01,Barracas,2,platform,all,22,21,1581.75,1886.50,2916.25,2026-06-30T03:19:34.403959+00:00,v0-unversioned
2026-06-01,Barracas,2,platform,furnished,21,20,1677.00,1916.00,2993.00,2026-06-22T03:33:33.115608+00:00,v0-unversioned
2026-06-01,Barracas,2,direct,all,145,141,845.11,1057.40,1319.61,2026-06-30T03:19:34.403959+00:00,v0-unversioned
2026-06-01,Barracas,2,direct,furnished,25,24,1122.05,1306.07,1409.11,2026-06-30T03:19:34.403959+00:00,v0-unversioned
2026-06-01,Barracas,2,direct,unfurnished,94,88,807.11,966.01,1251.88,2026-06-30T03:19:34.403959+00:00,v0-unversioned
2026-06-01,Barracas,3,all,all,27,25,937.17,1098.94,2118.47,2026-06-30T03:19:34.403959+00:00,v0-unversioned
2026-06-01,Barracas,3,direct,all,24,20,917.66,1056.10,1576.42,2026-06-30T03:19:34.403959+00:00,v0-unversioned
2026-06-01,Beccar,1,all,all,161,154,696.74,991.67,1649.03,2026-06-30T03:19:34.403959+00:00,v0-unversioned
2026-06-01,Beccar,1,platform,all,55,52,1061.50,1777.00,2398.44,2026-06-30T03:19:34.403959+00:00,v0-unversioned
2026-06-01,Beccar,1,platform,furnished,49,47,1250.00,1789.00,2405.88,2026-06-30T03:19:34.403959+00:00,v0-unversioned
2026-06-01,Beccar,1,direct,all,106,104,625.38,801.00,1112.26,2026-06-30T03:19:34.403959+00:00,v0-unversioned
2026-06-01,Beccar,1,direct,furnished,29,23,991.67,1078.35,1193.96,2026-06-15T03:44:35.588311+00:00,v0-unversioned
2026-06-01,Beccar,1,direct,unfurnished,76,69,613.32,693.79,951.18,2026-06-30T03:19:34.403959+00:00,v0-unversioned
2026-06-01,Beccar,2,all,all,117,113,1119.33,1355.57,2147.00,2026-06-30T03:19:34.403959+00:00,v0-unversioned
2026-06-01,Beccar,2,direct,all,102,96,1100.24,1309.06,1901.25,2026-06-30T03:19:34.403959+00:00,v0-unversioned
2026-06-01,Beccar,2,direct,furnished,40,39,1239.24,1468.37,2168.58,2026-06-15T03:44:35.588311+00:00,v0-unversioned
2026-06-01,Beccar,2,direct,unfurnished,59,53,1093.81,1253.75,1674.15,2026-06-30T03:19:34.403959+00:00,v0-unversioned
2026-06-01,Beccar,3,all,all,99,94,2649.02,4065.60,5114.00,2026-06-30T03:19:34.403959+00:00,v0-unversioned
2026-06-01,Beccar,3,platform,all,24,21,5073.75,6318.00,8127.75,2026-06-30T03:19:34.403959+00:00,v0-unversioned
2026-06-01,Beccar,3,platform,furnished,20,17,5121.00,6448.50,8127.75,2026-06-30T03:19:34.403959+00:00,v0-unversioned
2026-06-01,Beccar,3,direct,all,75,73,2457.48,3456.57,4495.56,2026-06-30T03:19:34.403959+00:00,v0-unversioned
2026-06-01,Beccar,3,direct,furnished,39,37,3218.54,4386.67,4903.65,2026-06-15T03:44:35.588311+00:00,v0-unversioned
2026-06-01,Beccar,3,direct,unfurnished,35,34,2457.48,3246.05,4314.99,2026-06-30T03:19:34.403959+00:00,v0-unversioned
2026-06-01,Beccar,4,all,all,74,69,4642.19,7006.50,9174.83,2026-06-30T03:19:34.403959+00:00,v0-unversioned
2026-06-01,Beccar,4,platform,all,31,29,5354.50,7456.00,9690.00,2026-06-30T03:19:34.403959+00:00,v0-unversioned
2026-06-01,Beccar,4,platform,furnished,22,21,5312.25,7006.50,9900.25,2026-06-30T03:19:34.403959+00:00,v0-unversioned
2026-06-01,Beccar,4,direct,all,43,40,4187.14,5759.32,8853.40,2026-06-30T03:19:34.403959+00:00,v0-unversioned
2026-06-01,Beccar,4,direct,furnished,20,18,4152.61,7272.12,10138.80,2026-06-30T03:19:34.403959+00:00,v0-unversioned
2026-06-01,Belgrano,0,all,all,711,675,749.93,914.80,1192.37,2026-06-30T03:19:34.403959+00:00,v0-unversioned
2026-06-01,Belgrano,0,platform,all,169,156,1105.00,1301.00,1653.00,2026-06-30T03:19:34.403959+00:00,v0-unversioned
2026-06-01,Belgrano,0,platform,furnished,144,131,1106.50,1326.00,1657.25,2026-06-30T03:19:34.403959+00:00,v0-unversioned
2026-06-01,Belgrano,0,direct,all,542,517,724.26,830.73,1014.17,2026-06-30T03:19:34.403959+00:00,v0-unversioned
2026-06-01,Belgrano,0,direct,furnished,218,214,846.39,1006.60,1222.66,2026-06-30T03:19:34.403959+00:00,v0-unversioned
2026-06-01,Belgrano,0,direct,unfurnished,228,217,662.07,740.61,839.83,2026-06-30T03:19:34.403959+00:00,v0-unversioned
2026-06-01,Belgrano,1,all,all,2137,2045,888.00,1160.37,1563.00,2026-06-30T03:19:34.403959+00:00,v0-unversioned
2026-06-01,Belgrano,1,platform,all,888,837,1155.50,1465.00,1873.75,2026-06-30T03:19:34.403959+00:00,v0-unversioned
2026-06-01,Belgrano,1,platform,furnished,757,712,1157.00,1479.00,1893.70,2026-06-30T03:19:34.403959+00:00,v0-unversioned
2026-06-01,Belgrano,1,direct,all,1249,1191,806.65,999.79,1268.23,2026-06-30T03:19:34.403959+00:00,v0-unversioned
2026-06-01,Belgrano,1,direct,furnished,486,467,889.61,1066.40,1397.21,2026-06-30T03:19:34.403959+00:00,v0-unversioned
2026-06-01,Belgrano,1,direct,unfurnished,592,566,739.48,887.72,1154.48,2026-06-30T03:19:34.403959+00:00,v0-unversioned
2026-06-01,Belgrano,2,all,all,800,758,1315.09,1707.33,2421.75,2026-06-30T03:19:34.403959+00:00,v0-unversioned
2026-06-01,Belgrano,2,platform,all,194,185,1735.00,2341.00,3209.57,2026-06-30T03:19:34.403959+00:00,v0-unversioned
2026-06-01,Belgrano,2,platform,furnished,162,154,1763.78,2359.00,3200.75,2026-06-30T03:19:34.403959+00:00,v0-unversioned
2026-06-01,Belgrano,2,direct,all,606,568,1224.62,1587.75,2155.44,2026-06-30T03:19:34.403959+00:00,v0-unversioned
2026-06-01,Belgrano,2,direct,furnished,231,214,1422.95,1730.58,2264.87,2026-06-30T03:19:34.403959+00:00,v0-unversioned
2026-06-01,Belgrano,2,direct,unfurnished,295,270,1088.82,1392.22,1898.33,2026-06-30T03:19:34.403959+00:00,v0-unversioned
2026-06-01,Belgrano,3,all,all,425,406,1960.64,3041.03,4629.50,2026-06-30T03:19:34.403959+00:00,v0-unversioned
2026-06-01,Belgrano,3,platform,all,54,48,2522.50,3198.00,5047.00,2026-06-30T03:19:34.403959+00:00,v0-unversioned
2026-06-01,Belgrano,3,platform,furnished,47,42,2432.50,3225.00,5008.00,2026-06-30T03:19:34.403959+00:00,v0-unversioned
2026-06-01,Belgrano,3,direct,all,371,358,1917.63,2994.27,4516.50,2026-06-30T03:19:34.403959+00:00,v0-unversioned
2026-06-01,Belgrano,3,direct,furnished,96,94,2155.57,3612.23,4862.91,2026-06-30T03:19:34.403959+00:00,v0-unversioned
2026-06-01,Belgrano,3,direct,unfurnished,191,185,1809.45,2668.63,4512.27,2026-06-30T03:19:34.403959+00:00,v0-unversioned
2026-06-01,Belgrano,4,all,all,102,95,3239.34,4582.37,7970.88,2026-06-30T03:19:34.403959+00:00,v0-unversioned
2026-06-01,Belgrano,4,direct,all,92,85,3187.45,4512.06,6893.88,2026-06-30T03:19:34.403959+00:00,v0-unversioned
2026-06-01,Belgrano,4,direct,furnished,25,25,5519.43,6581.91,11579.07,2026-06-30T03:19:34.403959+00:00,v0-unversioned
2026-06-01,Belgrano,4,direct,unfurnished,47,46,2249.57,3805.45,5874.28,2026-06-30T03:19:34.403959+00:00,v0-unversioned
2026-06-01,Bemowo,0,all,all,20,16,844.99,881.83,913.52,2026-06-15T03:44:35.588311+00:00,v0-unversioned
2026-06-01,Bemowo,0,direct,all,20,16,844.99,881.83,913.52,2026-06-15T03:44:35.588311+00:00,v0-unversioned
2026-06-01,Bemowo,0,direct,furnished,20,16,844.99,881.83,913.52,2026-06-15T03:44:35.588311+00:00,v0-unversioned
2026-06-01,Bemowo,1,all,all,57,51,1070.55,1126.54,1181.25,2026-06-30T03:19:34.403959+00:00,v0-unversioned
2026-06-01,Bemowo,1,direct,all,57,51,1070.55,1126.54,1181.25,2026-06-30T03:19:34.403959+00:00,v0-unversioned
2026-06-01,Bemowo,1,direct,furnished,56,51,1064.37,1126.31,1185.46,2026-06-30T03:19:34.403959+00:00,v0-unversioned
2026-06-01,Bemowo,2,all,all,22,21,1234.91,1485.31,1661.08,2026-06-30T03:19:34.403959+00:00,v0-unversioned
2026-06-01,Bemowo,2,direct,all,22,21,1234.91,1485.31,1661.08,2026-06-30T03:19:34.403959+00:00,v0-unversioned
2026-06-01,Bemowo,2,direct,furnished,22,21,1234.91,1485.31,1661.08,2026-06-30T03:19:34.403959+00:00,v0-unversioned
2026-06-01,Berazategui,0,all,all,22,19,391.77,438.86,562.06,2026-06-30T03:19:34.403959+00:00,v0-unversioned
2026-06-01,Berazategui,0,direct,all,22,19,391.77,438.86,562.06,2026-06-30T03:19:34.403959+00:00,v0-unversioned
2026-06-01,Berazategui,0,direct,unfurnished,20,17,390.67,431.54,535.24,2026-06-30T03:19:34.403959+00:00,v0-unversioned
2026-06-01,Berazategui,1,all,all,145,139,427.99,527.63,636.25,2026-06-30T03:19:34.403959+00:00,v0-unversioned
2026-06-01,Berazategui,1,direct,all,145,139,427.99,527.63,636.25,2026-06-30T03:19:34.403959+00:00,v0-unversioned
2026-06-01,Berazategui,1,direct,furnished,30,30,535.61,609.45,757.93,2026-06-15T03:44:35.588311+00:00,v0-unversioned
2026-06-01,Berazategui,1,direct,unfurnished,112,107,427.89,512.03,610.96,2026-06-30T03:19:34.403959+00:00,v0-unversioned
2026-06-01,Berazategui,2,all,all,80,76,681.49,839.40,961.83,2026-06-30T03:19:34.403959+00:00,v0-unversioned
2026-06-01,Berazategui,2,direct,all,80,76,681.49,839.40,961.83,2026-06-30T03:19:34.403959+00:00,v0-unversioned
2026-06-01,Berazategui,2,direct,unfurnished,69,66,691.64,818.92,961.61,2026-06-30T03:19:34.403959+00:00,v0-unversioned
2026-06-01,Berazategui,3,all,all,25,25,1424.08,3502.48,4551.44,2026-06-30T03:19:34.403959+00:00,v0-unversioned
2026-06-01,Berazategui,3,direct,all,25,25,1424.08,3502.48,4551.44,2026-06-30T03:19:34.403959+00:00,v0-unversioned
2026-06-01,Berisso,1,all,all,33,32,433.37,458.99,532.15,2026-06-30T03:19:34.403959+00:00,v0-unversioned
2026-06-01,Berisso,1,direct,all,33,32,433.37,458.99,532.15,2026-06-30T03:19:34.403959+00:00,v0-unversioned
2026-06-01,Berisso,1,direct,unfurnished,27,27,416.52,455.98,535.65,2026-06-30T03:19:34.403959+00:00,v0-unversioned
2026-06-01,Białołęka,0,all,all,20,17,829.28,856.32,890.36,2026-06-15T03:44:35.588311+00:00,v0-unversioned
2026-06-01,Białołęka,0,direct,all,20,17,829.28,856.32,890.36,2026-06-15T03:44:35.588311+00:00,v0-unversioned
2026-06-01,Białołęka,0,direct,furnished,20,17,829.28,856.32,890.36,2026-06-15T03:44:35.588311+00:00,v0-unversioned
2026-06-01,Białołęka,1,all,all,43,42,987.01,1073.36,1147.30,2026-06-30T03:19:34.403959+00:00,v0-unversioned
2026-06-01,Białołęka,1,direct,all,43,42,987.01,1073.36,1147.30,2026-06-30T03:19:34.403959+00:00,v0-unversioned
2026-06-01,Białołęka,1,direct,furnished,42,41,982.47,1069.02,1140.15,2026-06-30T03:19:34.403959+00:00,v0-unversioned
2026-06-01,Białołęka,2,all,all,22,20,1297.84,1390.17,1534.83,2026-06-22T03:33:33.115608+00:00,v0-unversioned
2026-06-01,Białołęka,2,direct,all,22,20,1297.84,1390.17,1534.83,2026-06-22T03:33:33.115608+00:00,v0-unversioned
2026-06-01,Białołęka,2,direct,furnished,21,19,1294.28,1368.23,1545.92,2026-06-22T03:33:33.115608+00:00,v0-unversioned
2026-06-01,Bielany,0,all,all,22,21,810.34,863.84,924.63,2026-06-27T08:47:44.439337+00:00,v0-unversioned
2026-06-01,Bielany,0,direct,all,22,21,810.34,863.84,924.63,2026-06-27T08:47:44.439337+00:00,v0-unversioned
2026-06-01,Bielany,0,direct,furnished,21,20,801.92,856.12,924.63,2026-06-27T08:47:44.439337+00:00,v0-unversioned
2026-06-01,Bielany,1,all,all,40,40,953.57,1111.79,1223.87,2026-06-30T03:19:34.403959+00:00,v0-unversioned
2026-06-01,Bielany,1,direct,all,40,40,953.57,1111.79,1223.87,2026-06-30T03:19:34.403959+00:00,v0-unversioned
2026-06-01,Bielany,1,direct,furnished,39,39,949.75,1119.62,1227.16,2026-06-30T03:19:34.403959+00:00,v0-unversioned
2026-06-01,Bielany,2,all,all,22,21,1435.14,1578.89,1849.60,2026-06-22T03:33:33.115608+00:00,v0-unversioned
2026-06-01,Bielany,2,direct,all,22,21,1435.14,1578.89,1849.60,2026-06-22T03:33:33.115608+00:00,v0-unversioned
2026-06-01,Bielany,2,direct,furnished,22,21,1435.14,1578.89,1849.60,2026-06-22T03:33:33.115608+00:00,v0-unversioned
2026-06-01,Boedo,0,all,all,104,99,600.44,677.85,791.95,2026-06-30T03:19:34.403959+00:00,v0-unversioned
2026-06-01,Boedo,0,direct,all,89,84,586.98,646.38,721.94,2026-06-30T03:19:34.403959+00:00,v0-unversioned
2026-06-01,Boedo,0,direct,furnished,26,24,619.79,684.99,750.06,2026-06-15T03:44:35.588311+00:00,v0-unversioned
2026-06-01,Boedo,0,direct,unfurnished,56,56,564.30,624.63,709.08,2026-06-30T03:19:34.403959+00:00,v0-unversioned
2026-06-01,Boedo,1,all,all,239,232,589.05,693.48,854.10,2026-06-30T03:19:34.403959+00:00,v0-unversioned
2026-06-01,Boedo,1,platform,all,57,57,565.00,879.00,1108.00,2026-06-30T03:19:34.403959+00:00,v0-unversioned
2026-06-01,Boedo,1,platform,furnished,44,44,565.00,877.50,1110.75,2026-06-30T03:19:34.403959+00:00,v0-unversioned
2026-06-01,Boedo,1,direct,all,182,175,591.28,664.01,787.39,2026-06-30T03:19:34.403959+00:00,v0-unversioned
2026-06-01,Boedo,1,direct,furnished,26,26,643.59,767.42,923.68,2026-06-30T03:19:34.403959+00:00,v0-unversioned
2026-06-01,Boedo,1,direct,unfurnished,137,132,585.92,649.94,765.62,2026-06-30T03:19:34.403959+00:00,v0-unversioned
2026-06-01,Boedo,2,all,all,58,50,936.49,1155.51,1262.68,2026-06-30T03:19:34.403959+00:00,v0-unversioned
2026-06-01,Boedo,2,direct,all,47,46,898.63,1126.23,1191.54,2026-06-30T03:19:34.403959+00:00,v0-unversioned
2026-06-01,Boedo,2,direct,unfurnished,29,28,883.08,1004.78,1149.30,2026-06-30T03:19:34.403959+00:00,v0-unversioned
2026-06-01,Boedo,3,all,all,20,20,1214.87,1489.29,2036.22,2026-06-26T06:27:53.628821+00:00,v0-unversioned
2026-06-01,Boulogne,1,all,all,78,72,617.37,699.31,947.88,2026-06-30T03:19:34.403959+00:00,v0-unversioned
2026-06-01,Boulogne,1,direct,all,64,55,595.99,664.82,743.75,2026-06-30T03:19:34.403959+00:00,v0-unversioned
2026-06-01,Boulogne,1,direct,unfurnished,55,47,578.38,653.83,725.02,2026-06-30T03:19:34.403959+00:00,v0-unversioned
2026-06-01,Boulogne,2,all,all,100,85,768.05,918.80,1204.84,2026-06-30T03:19:34.403959+00:00,v0-unversioned
2026-06-01,Boulogne,2,direct,all,94,83,760.70,866.95,1112.09,2026-06-30T03:19:34.403959+00:00,v0-unversioned
2026-06-01,Boulogne,2,direct,unfurnished,75,68,733.78,819.12,1065.48,2026-06-30T03:19:34.403959+00:00,v0-unversioned
2026-06-01,Boulogne,3,all,all,45,45,1823.94,3689.72,6665.33,2026-06-30T03:19:34.403959+00:00,v0-unversioned
2026-06-01,Boulogne,3,direct,all,30,30,1700.68,2392.76,5808.28,2026-06-30T03:19:34.403959+00:00,v0-unversioned
2026-06-01,Boulogne,3,direct,unfurnished,21,19,1249.05,1798.94,3365.46,2026-06-22T03:33:33.115608+00:00,v0-unversioned
2026-06-01,Boulogne,4,all,all,71,71,3539.58,6340.96,8634.78,2026-06-30T03:19:34.403959+00:00,v0-unversioned
2026-06-01,Boulogne,4,direct,all,64,64,3468.77,6516.37,8691.21,2026-06-30T03:19:34.403959+00:00,v0-unversioned
2026-06-01,Boulogne,4,direct,furnished,25,25,5042.25,8022.92,8691.21,2026-06-15T03:44:35.588311+00:00,v0-unversioned
2026-06-01,Boulogne,4,direct,unfurnished,32,32,3443.04,6632.50,8559.60,2026-06-30T03:19:34.403959+00:00,v0-unversioned
2026-06-01,Caballito,0,all,all,408,378,597.16,692.89,823.67,2026-06-30T03:19:34.403959+00:00,v0-unversioned
2026-06-01,Caballito,0,platform,all,52,50,956.50,1140.50,1408.75,2026-06-30T03:19:34.403959+00:00,v0-unversioned
2026-06-01,Caballito,0,platform,furnished,45,43,931.00,1129.00,1338.00,2026-06-30T03:19:34.403959+00:00,v0-unversioned
2026-06-01,Caballito,0,direct,all,356,347,565.91,672.85,764.84,2026-06-30T03:19:34.403959+00:00,v0-unversioned
2026-06-01,Caballito,0,direct,furnished,66,65,688.75,809.30,890.65,2026-06-30T03:19:34.403959+00:00,v0-unversioned
2026-06-01,Caballito,0,direct,unfurnished,222,215,540.85,642.84,715.22,2026-06-30T03:19:34.403959+00:00,v0-unversioned
2026-06-01,Caballito,1,all,all,1577,1479,668.89,803.02,985.18,2026-06-30T03:19:34.403959+00:00,v0-unversioned
2026-06-01,Caballito,1,platform,all,295,277,920.50,1138.00,1483.50,2026-06-30T03:19:34.403959+00:00,v0-unversioned
2026-06-01,Caballito,1,platform,furnished,250,235,915.25,1114.00,1474.75,2026-06-30T03:19:34.403959+00:00,v0-unversioned
2026-06-01,Caballito,1,direct,all,1282,1241,656.87,760.21,901.25,2026-06-30T03:19:34.403959+00:00,v0-unversioned
2026-06-01,Caballito,1,direct,furnished,198,180,800.19,905.88,1050.99,2026-06-30T03:19:34.403959+00:00,v0-unversioned
2026-06-01,Caballito,1,direct,unfurnished,893,870,637.56,724.32,858.92,2026-06-30T03:19:34.403959+00:00,v0-unversioned
2026-06-01,Caballito,2,all,all,568,542,964.05,1183.74,1482.70,2026-06-30T03:19:34.403959+00:00,v0-unversioned
2026-06-01,Caballito,2,platform,all,51,49,1297.00,1700.00,2254.00,2026-06-30T03:19:34.403959+00:00,v0-unversioned
2026-06-01,Caballito,2,platform,furnished,43,41,1239.50,1751.00,2305.50,2026-06-30T03:19:34.403959+00:00,v0-unversioned
2026-06-01,Caballito,2,direct,all,517,501,946.80,1142.73,1426.42,2026-06-30T03:19:34.403959+00:00,v0-unversioned
2026-06-01,Caballito,2,direct,furnished,86,84,1155.61,1362.41,1799.47,2026-06-30T03:19:34.403959+00:00,v0-unversioned
2026-06-01,Caballito,2,direct,unfurnished,344,335,914.86,1105.33,1328.62,2026-06-30T03:19:34.403959+00:00,v0-unversioned
2026-06-01,Caballito,3,all,all,243,229,1338.10,1742.06,2633.72,2026-06-30T03:19:34.403959+00:00,v0-unversioned
2026-06-01,Caballito,3,direct,all,233,222,1328.46,1700.68,2685.82,2026-06-30T03:19:34.403959+00:00,v0-unversioned
2026-06-01,Caballito,3,direct,furnished,34,34,1713.66,2356.99,3990.93,2026-06-30T03:19:34.403959+00:00,v0-unversioned
2026-06-01,Caballito,3,direct,unfurnished,144,142,1284.80,1603.24,2479.42,2026-06-30T03:19:34.403959+00:00,v0-unversioned
2026-06-01,Caballito,4,all,all,70,64,1864.80,2795.87,3915.81,2026-06-30T03:19:34.403959+00:00,v0-unversioned
2026-06-01,Caballito,4,direct,all,66,61,1790.31,2790.15,3787.00,2026-06-30T03:19:34.403959+00:00,v0-unversioned
2026-06-01,Caballito,4,direct,furnished,23,21,2246.24,2798.43,3793.20,2026-06-15T03:44:35.588311+00:00,v0-unversioned
2026-06-01,Caballito,4,direct,unfurnished,42,39,1766.67,2759.95,4236.98,2026-06-30T03:19:34.403959+00:00,v0-unversioned
2026-06-01,Campana,1,all,all,41,35,578.96,617.67,813.52,2026-06-30T03:19:34.403959+00:00,v0-unversioned
2026-06-01,Campana,1,direct,all,41,35,578.96,617.67,813.52,2026-06-30T03:19:34.403959+00:00,v0-unversioned
2026-06-01,Campana,1,direct,furnished,20,20,623.50,826.25,1072.38,2026-06-15T03:44:35.588311+00:00,v0-unversioned
2026-06-01,Campana,1,direct,unfurnished,23,22,563.58,597.03,724.14,2026-06-30T03:19:34.403959+00:00,v0-unversioned
2026-06-01,Campana,2,all,all,48,44,703.71,895.53,1304.88,2026-06-30T03:19:34.403959+00:00,v0-unversioned
2026-06-01,Campana,2,direct,all,48,44,703.71,895.53,1304.88,2026-06-30T03:19:34.403959+00:00,v0-unversioned
2026-06-01,Campana,2,direct,unfurnished,27,24,690.66,786.57,1208.68,2026-06-30T03:19:34.403959+00:00,v0-unversioned
2026-06-01,Campana,3,all,all,59,58,1557.32,2614.52,3940.57,2026-06-30T03:19:34.403959+00:00,v0-unversioned
2026-06-01,Campana,3,direct,all,59,58,1557.32,2614.52,3940.57,2026-06-30T03:19:34.403959+00:00,v0-unversioned
2026-06-01,Campana,3,direct,furnished,23,23,2130.45,2788.35,3975.07,2026-06-30T03:19:34.403959+00:00,v0-unversioned
2026-06-01,Campana,4,all,all,39,35,2109.16,3410.43,4820.60,2026-06-30T03:19:34.403959+00:00,v0-unversioned
2026-06-01,Campana,4,direct,all,39,35,2109.16,3410.43,4820.60,2026-06-30T03:19:34.403959+00:00,v0-unversioned
2026-06-01,Campana,4,direct,furnished,33,29,2356.65,3609.08,4876.45,2026-06-15T03:44:35.588311+00:00,v0-unversioned
2026-06-01,Cañuelas,4,all,all,22,19,1969.50,3360.49,8312.92,2026-06-18T03:18:17.697306+00:00,v0-unversioned
2026-06-01,Cañuelas,4,direct,all,22,19,1969.50,3360.49,8312.92,2026-06-18T03:18:17.697306+00:00,v0-unversioned
2026-06-01,Chacarita,0,all,all,250,243,700.81,876.92,1099.64,2026-06-30T03:19:34.403959+00:00,v0-unversioned
2026-06-01,Chacarita,0,platform,all,59,58,1035.00,1135.00,1390.50,2026-06-30T03:19:34.403959+00:00,v0-unversioned
2026-06-01,Chacarita,0,platform,furnished,40,40,1045.50,1176.00,1407.25,2026-06-30T03:19:34.403959+00:00,v0-unversioned
2026-06-01,Chacarita,0,direct,all,191,179,681.96,825.66,952.58,2026-06-30T03:19:34.403959+00:00,v0-unversioned
2026-06-01,Chacarita,0,direct,furnished,85,80,822.37,884.66,1042.83,2026-06-30T03:19:34.403959+00:00,v0-unversioned
2026-06-01,Chacarita,0,direct,unfurnished,75,71,619.85,697.25,853.04,2026-06-30T03:19:34.403959+00:00,v0-unversioned
2026-06-01,Chacarita,1,all,all,549,529,829.00,1051.00,1400.00,2026-06-30T03:19:34.403959+00:00,v0-unversioned
2026-06-01,Chacarita,1,platform,all,315,301,949.50,1245.00,1551.50,2026-06-30T03:19:34.403959+00:00,v0-unversioned
2026-06-01,Chacarita,1,platform,furnished,248,236,968.50,1257.50,1558.50,2026-06-30T03:19:34.403959+00:00,v0-unversioned
2026-06-01,Chacarita,1,direct,all,234,230,752.19,889.24,1106.00,2026-06-30T03:19:34.403959+00:00,v0-unversioned
2026-06-01,Chacarita,1,direct,furnished,77,76,841.83,987.63,1335.00,2026-06-30T03:19:34.403959+00:00,v0-unversioned
2026-06-01,Chacarita,1,direct,unfurnished,119,116,706.23,837.75,979.63,2026-06-30T03:19:34.403959+00:00,v0-unversioned
2026-06-01,Chacarita,2,all,all,96,90,1273.30,1762.09,2472.99,2026-06-30T03:19:34.403959+00:00,v0-unversioned
2026-06-01,Chacarita,2,platform,all,41,38,1862.00,2331.00,2937.00,2026-06-30T03:19:34.403959+00:00,v0-unversioned
2026-06-01,Chacarita,2,platform,furnished,31,28,1850.50,2272.00,2693.50,2026-06-30T03:19:34.403959+00:00,v0-unversioned
2026-06-01,Chacarita,2,direct,all,55,53,1099.58,1328.16,1803.17,2026-06-30T03:19:34.403959+00:00,v0-unversioned
2026-06-01,Chacarita,2,direct,furnished,24,22,1125.91,1378.53,2395.45,2026-06-15T03:44:35.588311+00:00,v0-unversioned
2026-06-01,Chacarita,2,direct,unfurnished,28,28,1092.01,1301.69,1690.43,2026-06-30T03:19:34.403959+00:00,v0-unversioned
2026-06-01,Chacarita,3,all,all,26,24,1894.96,2386.18,3705.26,2026-06-30T03:19:34.403959+00:00,v0-unversioned
2026-06-01,Chacarita,3,direct,all,20,20,1614.51,2205.28,2768.18,2026-06-30T03:19:34.403959+00:00,v0-unversioned
2026-06-01,Coghlan,0,all,all,111,105,717.18,846.97,1022.22,2026-06-30T03:19:34.403959+00:00,v0-unversioned
2026-06-01,Coghlan,0,direct,all,95,94,698.92,803.18,959.60,2026-06-30T03:19:34.403959+00:00,v0-unversioned
2026-06-01,Coghlan,0,direct,furnished,31,29,908.32,979.15,1047.39,2026-06-30T03:19:34.403959+00:00,v0-unversioned
2026-06-01,Coghlan,0,direct,unfurnished,49,48,625.48,716.42,818.72,2026-06-30T03:19:34.403959+00:00,v0-unversioned
2026-06-01,Coghlan,1,all,all,173,166,755.00,935.05,1192.00,2026-06-30T03:19:34.403959+00:00,v0-unversioned
2026-06-01,Coghlan,1,platform,all,72,68,914.75,1118.50,1495.50,2026-06-30T03:19:34.403959+00:00,v0-unversioned
2026-06-01,Coghlan,1,platform,furnished,59,56,913.50,1120.00,1485.50,2026-06-30T03:19:34.403959+00:00,v0-unversioned
2026-06-01,Coghlan,1,direct,all,101,98,710.50,837.54,1000.00,2026-06-30T03:19:34.403959+00:00,v0-unversioned
2026-06-01,Coghlan,1,direct,furnished,21,21,836.76,963.47,1211.18,2026-06-18T03:18:17.697306+00:00,v0-unversioned
2026-06-01,Coghlan,1,direct,unfurnished,69,67,702.97,817.50,993.96,2026-06-30T03:19:34.403959+00:00,v0-unversioned
2026-06-01,Coghlan,2,all,all,74,69,1146.95,1325.75,1695.33,2026-06-30T03:19:34.403959+00:00,v0-unversioned
2026-06-01,Coghlan,2,direct,all,62,60,1094.28,1285.88,1604.18,2026-06-30T03:19:34.403959+00:00,v0-unversioned
2026-06-01,Coghlan,2,direct,furnished,25,24,1166.67,1291.88,1666.67,2026-06-30T03:19:34.403959+00:00,v0-unversioned
2026-06-01,Coghlan,2,direct,unfurnished,28,28,981.42,1164.05,1448.06,2026-06-30T03:19:34.403959+00:00,v0-unversioned
2026-06-01,Colegiales,0,all,all,332,317,760.06,972.43,1291.36,2026-06-30T03:19:34.403959+00:00,v0-unversioned
2026-06-01,Colegiales,0,platform,all,90,85,1121.25,1292.68,1605.25,2026-06-30T03:19:34.403959+00:00,v0-unversioned
2026-06-01,Colegiales,0,platform,furnished,76,73,1055.04,1291.36,1554.25,2026-06-30T03:19:34.403959+00:00,v0-unversioned
2026-06-01,Colegiales,0,direct,all,242,223,714.23,854.73,1064.79,2026-06-30T03:19:34.403959+00:00,v0-unversioned
2026-06-01,Colegiales,0,direct,furnished,99,91,875.00,1026.16,1138.33,2026-06-30T03:19:34.403959+00:00,v0-unversioned
2026-06-01,Colegiales,0,direct,unfurnished,109,94,674.55,762.85,919.01,2026-06-30T03:19:34.403959+00:00,v0-unversioned
2026-06-01,Colegiales,1,all,all,1097,1042,915.10,1291.00,1925.00,2026-06-30T03:19:34.403959+00:00,v0-unversioned
2026-06-01,Colegiales,1,platform,all,460,442,1224.00,1550.00,2295.25,2026-06-30T03:19:34.403959+00:00,v0-unversioned
2026-06-01,Colegiales,1,platform,furnished,356,345,1211.50,1556.50,2318.50,2026-06-30T03:19:34.403959+00:00,v0-unversioned
2026-06-01,Colegiales,1,direct,all,637,599,829.68,1104.86,1602.07,2026-06-30T03:19:34.403959+00:00,v0-unversioned
2026-06-01,Colegiales,1,direct,furnished,298,293,1026.25,1369.07,2300.96,2026-06-30T03:19:34.403959+00:00,v0-unversioned
2026-06-01,Colegiales,1,direct,unfurnished,259,239,718.92,842.35,1116.84,2026-06-30T03:19:34.403959+00:00,v0-unversioned
2026-06-01,Colegiales,2,all,all,314,277,1261.94,1670.98,2329.87,2026-06-30T03:19:34.403959+00:00,v0-unversioned
2026-06-01,Colegiales,2,platform,all,99,90,1719.50,2214.00,3657.50,2026-06-30T03:19:34.403959+00:00,v0-unversioned
2026-06-01,Colegiales,2,platform,furnished,77,72,1635.00,2091.00,3874.00,2026-06-30T03:19:34.403959+00:00,v0-unversioned
2026-06-01,Colegiales,2,direct,all,215,197,1155.72,1462.13,2079.24,2026-06-30T03:19:34.403959+00:00,v0-unversioned
2026-06-01,Colegiales,2,direct,furnished,102,88,1510.35,1865.75,2606.80,2026-06-30T03:19:34.403959+00:00,v0-unversioned
2026-06-01,Colegiales,2,direct,unfurnished,82,72,987.25,1208.28,1393.32,2026-06-30T03:19:34.403959+00:00,v0-unversioned
2026-06-01,Colegiales,3,all,all,115,108,1570.06,1898.31,2722.94,2026-06-30T03:19:34.403959+00:00,v0-unversioned
2026-06-01,Colegiales,3,direct,all,98,96,1562.53,1889.13,2681.67,2026-06-30T03:19:34.403959+00:00,v0-unversioned
2026-06-01,Colegiales,3,direct,furnished,34,33,1656.69,1917.32,2728.73,2026-06-30T03:19:34.403959+00:00,v0-unversioned
2026-06-01,Colegiales,3,direct,unfurnished,47,45,1553.22,1799.79,2468.51,2026-06-30T03:19:34.403959+00:00,v0-unversioned
2026-06-01,Colegiales,4,all,all,55,49,2310.93,3482.90,4633.19,2026-06-30T03:19:34.403959+00:00,v0-unversioned
2026-06-01,Colegiales,4,direct,all,47,43,2181.41,3178.78,4450.64,2026-06-30T03:19:34.403959+00:00,v0-unversioned
2026-06-01,Colegiales,4,direct,furnished,21,17,2655.78,3096.92,3830.45,2026-06-09T03:38:17.706176+00:00,v0-unversioned
2026-06-01,Colegiales,4,direct,unfurnished,21,20,2049.55,2427.18,3541.19,2026-06-30T03:19:34.403959+00:00,v0-unversioned
2026-06-01,Constitución,0,all,all,226,216,596.29,700.63,875.87,2026-06-30T03:19:34.403959+00:00,v0-unversioned
2026-06-01,Constitución,0,platform,all,42,41,732.57,967.00,1245.50,2026-06-30T03:19:34.403959+00:00,v0-unversioned
2026-06-01,Constitución,0,platform,furnished,37,37,680.00,966.00,1247.00,2026-06-30T03:19:34.403959+00:00,v0-unversioned
2026-06-01,Constitución,0,direct,all,184,179,594.78,662.27,786.27,2026-06-30T03:19:34.403959+00:00,v0-unversioned
2026-06-01,Constitución,0,direct,furnished,53,50,744.73,792.65,926.77,2026-06-30T03:19:34.403959+00:00,v0-unversioned
2026-06-01,Constitución,0,direct,unfurnished,95,92,558.72,615.92,683.18,2026-06-30T03:19:34.403959+00:00,v0-unversioned
2026-06-01,Constitución,1,all,all,519,495,649.65,831.96,1167.00,2026-06-30T03:19:34.403959+00:00,v0-unversioned
2026-06-01,Constitución,1,platform,all,270,251,810.50,1056.00,1424.75,2026-06-30T03:19:34.403959+00:00,v0-unversioned
2026-06-01,Constitución,1,platform,furnished,218,202,802.25,1029.00,1408.75,2026-06-30T03:19:34.403959+00:00,v0-unversioned
2026-06-01,Constitución,1,direct,all,249,237,587.90,712.89,835.61,2026-06-30T03:19:34.403959+00:00,v0-unversioned
2026-06-01,Constitución,1,direct,furnished,106,95,701.79,800.97,895.98,2026-06-30T03:19:34.403959+00:00,v0-unversioned
2026-06-01,Constitución,1,direct,unfurnished,112,109,557.64,613.08,730.74,2026-06-30T03:19:34.403959+00:00,v0-unversioned
2026-06-01,Constitución,2,all,all,112,103,752.26,891.57,1120.37,2026-06-30T03:19:34.403959+00:00,v0-unversioned
2026-06-01,Constitución,2,platform,all,20,20,1199.00,1554.00,2256.00,2026-06-05T03:32:33.779023+00:00,v0-unversioned
2026-06-01,Constitución,2,platform,furnished,20,20,1273.00,1734.00,2256.00,2026-06-01T03:49:28.964554+00:00,v0-unversioned
2026-06-01,Constitución,2,direct,all,94,94,733.41,864.59,1045.92,2026-06-30T03:19:34.403959+00:00,v0-unversioned
2026-06-01,Constitución,2,direct,furnished,20,20,956.41,1023.94,1081.62,2026-06-18T03:18:17.697306+00:00,v0-unversioned
2026-06-01,Constitución,2,direct,unfurnished,56,56,709.31,819.04,954.09,2026-06-30T03:19:34.403959+00:00,v0-unversioned
2026-06-01,Constitución,3,all,all,22,22,1032.81,1099.50,1369.08,2026-06-30T03:19:34.403959+00:00,v0-unversioned
2026-06-01,Constitución,3,direct,all,21,19,1054.33,1105.34,1270.04,2026-06-22T03:33:33.115608+00:00,v0-unversioned
2026-06-01,Escobar,0,all,all,38,33,472.12,538.59,607.13,2026-06-30T03:19:34.403959+00:00,v0-unversioned
2026-06-01,Escobar,0,direct,all,38,33,472.12,538.59,607.13,2026-06-30T03:19:34.403959+00:00,v0-unversioned
2026-06-01,Escobar,0,direct,furnished,20,18,543.74,634.95,1324.38,2026-06-15T03:44:35.588311+00:00,v0-unversioned
2026-06-01,Escobar,0,direct,unfurnished,24,23,423.77,485.53,558.19,2026-06-30T03:19:34.403959+00:00,v0-unversioned
2026-06-01,Escobar,1,all,all,259,237,538.78,604.68,714.53,2026-06-30T03:19:34.403959+00:00,v0-unversioned
2026-06-01,Escobar,1,direct,all,259,237,538.78,604.68,714.53,2026-06-30T03:19:34.403959+00:00,v0-unversioned
2026-06-01,Escobar,1,direct,furnished,47,44,674.22,798.44,996.69,2026-06-30T03:19:34.403959+00:00,v0-unversioned
2026-06-01,Escobar,1,direct,unfurnished,180,166,530.41,582.76,652.10,2026-06-30T03:19:34.403959+00:00,v0-unversioned
2026-06-01,Escobar,2,all,all,190,160,818.95,1016.97,1154.75,2026-06-30T03:19:34.403959+00:00,v0-unversioned
2026-06-01,Escobar,2,direct,all,190,160,818.95,1016.97,1154.75,2026-06-30T03:19:34.403959+00:00,v0-unversioned
2026-06-01,Escobar,2,direct,furnished,21,19,1391.23,2264.44,2650.18,2026-06-30T03:19:34.403959+00:00,v0-unversioned
2026-06-01,Escobar,2,direct,unfurnished,129,116,779.15,960.15,1108.72,2026-06-30T03:19:34.403959+00:00,v0-unversioned
2026-06-01,Escobar,3,all,all,297,289,2210.07,3047.77,4029.82,2026-06-30T03:19:34.403959+00:00,v0-unversioned
2026-06-01,Escobar,3,direct,all,297,289,2210.07,3047.77,4029.82,2026-06-30T03:19:34.403959+00:00,v0-unversioned
2026-06-01,Escobar,3,direct,furnished,85,84,2516.34,3586.64,4589.49,2026-06-30T03:19:34.403959+00:00,v0-unversioned
2026-06-01,Escobar,3,direct,unfurnished,132,132,1945.20,3150.94,3923.40,2026-06-30T03:19:34.403959+00:00,v0-unversioned
2026-06-01,Escobar,4,all,all,186,176,2522.14,3659.96,4352.79,2026-06-30T03:19:34.403959+00:00,v0-unversioned
2026-06-01,Escobar,4,direct,all,186,176,2522.14,3659.96,4352.79,2026-06-30T03:19:34.403959+00:00,v0-unversioned
2026-06-01,Escobar,4,direct,furnished,76,74,2529.41,3697.95,4331.71,2026-06-30T03:19:34.403959+00:00,v0-unversioned
2026-06-01,Escobar,4,direct,unfurnished,67,62,2398.75,3192.73,4198.66,2026-06-30T03:19:34.403959+00:00,v0-unversioned
2026-06-01,Esteban Echeverría,0,all,all,105,89,473.58,664.95,818.20,2026-06-30T03:19:34.403959+00:00,v0-unversioned
2026-06-01,Esteban Echeverría,0,direct,all,105,89,473.58,664.95,818.20,2026-06-30T03:19:34.403959+00:00,v0-unversioned
2026-06-01,Esteban Echeverría,0,direct,furnished,21,19,530.27,682.39,810.28,2026-06-15T03:44:35.588311+00:00,v0-unversioned
2026-06-01,Esteban Echeverría,0,direct,unfurnished,84,70,469.84,653.98,817.84,2026-06-30T03:19:34.403959+00:00,v0-unversioned
2026-06-01,Esteban Echeverría,1,all,all,540,527,585.53,842.08,1036.20,2026-06-30T03:19:34.403959+00:00,v0-unversioned
2026-06-01,Esteban Echeverría,1,direct,all,540,527,585.53,842.08,1036.20,2026-06-30T03:19:34.403959+00:00,v0-unversioned
2026-06-01,Esteban Echeverría,1,direct,furnished,46,44,673.60,1032.59,1162.13,2026-06-30T03:19:34.403959+00:00,v0-unversioned
2026-06-01,Esteban Echeverría,1,direct,unfurnished,398,391,574.65,828.75,1007.64,2026-06-30T03:19:34.403959+00:00,v0-unversioned
2026-06-01,Esteban Echeverría,2,all,all,248,235,646.67,828.35,1454.36,2026-06-30T03:19:34.403959+00:00,v0-unversioned
2026-06-01,Esteban Echeverría,2,direct,all,248,235,646.67,828.35,1454.36,2026-06-30T03:19:34.403959+00:00,v0-unversioned
2026-06-01,Esteban Echeverría,2,direct,furnished,24,23,1225.74,2094.39,3146.99,2026-06-30T03:19:34.403959+00:00,v0-unversioned
2026-06-01,Esteban Echeverría,2,direct,unfurnished,183,180,576.14,754.59,1224.34,2026-06-30T03:19:34.403959+00:00,v0-unversioned
2026-06-01,Esteban Echeverría,3,all,all,388,371,2405.98,3467.26,4416.00,2026-06-30T03:19:34.403959+00:00,v0-unversioned
2026-06-01,Esteban Echeverría,3,direct,all,388,371,2405.98,3467.26,4416.00,2026-06-30T03:19:34.403959+00:00,v0-unversioned
2026-06-01,Esteban Echeverría,3,direct,furnished,158,155,3142.23,4128.09,5169.57,2026-06-30T03:19:34.403959+00:00,v0-unversioned
2026-06-01,Esteban Echeverría,3,direct,unfurnished,161,156,1981.20,2890.40,3726.60,2026-06-30T03:19:34.403959+00:00,v0-unversioned
2026-06-01,Esteban Echeverría,4,all,all,341,318,3585.38,4689.22,7028.93,2026-06-30T03:19:34.403959+00:00,v0-unversioned
2026-06-01,Esteban Echeverría,4,direct,all,341,318,3585.38,4689.22,7028.93,2026-06-30T03:19:34.403959+00:00,v0-unversioned
2026-06-01,Esteban Echeverría,4,direct,furnished,183,169,3726.53,4751.43,6974.43,2026-06-30T03:19:34.403959+00:00,v0-unversioned
2026-06-01,Esteban Echeverría,4,direct,unfurnished,100,95,3334.33,4667.30,7179.60,2026-06-30T03:19:34.403959+00:00,v0-unversioned
2026-06-01,Ezeiza,0,all,all,31,30,399.38,495.62,539.82,2026-06-30T03:19:34.403959+00:00,v0-unversioned
2026-06-01,Ezeiza,0,direct,all,31,30,399.38,495.62,539.82,2026-06-30T03:19:34.403959+00:00,v0-unversioned
2026-06-01,Ezeiza,0,direct,unfurnished,25,25,393.74,494.47,539.65,2026-06-30T03:19:34.403959+00:00,v0-unversioned
2026-06-01,Ezeiza,1,all,all,166,164,600.23,763.54,989.55,2026-06-30T03:19:34.403959+00:00,v0-unversioned
2026-06-01,Ezeiza,1,direct,all,166,164,600.23,763.54,989.55,2026-06-30T03:19:34.403959+00:00,v0-unversioned
2026-06-01,Ezeiza,1,direct,furnished,28,26,834.77,1010.19,1107.24,2026-06-15T03:44:35.588311+00:00,v0-unversioned
2026-06-01,Ezeiza,1,direct,unfurnished,129,129,566.47,705.29,943.87,2026-06-30T03:19:34.403959+00:00,v0-unversioned
2026-06-01,Ezeiza,2,all,all,138,137,758.03,991.02,1221.55,2026-06-30T03:19:34.403959+00:00,v0-unversioned
2026-06-01,Ezeiza,2,direct,all,138,137,758.03,991.02,1221.55,2026-06-30T03:19:34.403959+00:00,v0-unversioned
2026-06-01,Ezeiza,2,direct,furnished,35,35,819.16,1150.33,1397.36,2026-06-15T03:44:35.588311+00:00,v0-unversioned
2026-06-01,Ezeiza,2,direct,unfurnished,105,105,757.01,961.42,1107.18,2026-06-30T03:19:34.403959+00:00,v0-unversioned
2026-06-01,Ezeiza,3,all,all,34,34,1468.67,1955.76,2625.97,2026-06-30T03:19:34.403959+00:00,v0-unversioned
2026-06-01,Ezeiza,3,direct,all,34,34,1468.67,1955.76,2625.97,2026-06-30T03:19:34.403959+00:00,v0-unversioned
2026-06-01,Florencio Varela,1,all,all,87,82,437.85,538.08,663.77,2026-06-30T03:19:34.403959+00:00,v0-unversioned
2026-06-01,Florencio Varela,1,direct,all,87,82,437.85,538.08,663.77,2026-06-30T03:19:34.403959+00:00,v0-unversioned
2026-06-01,Florencio Varela,1,direct,furnished,20,18,498.50,642.57,736.98,2026-06-15T03:44:35.588311+00:00,v0-unversioned
2026-06-01,Florencio Varela,1,direct,unfurnished,72,69,435.35,519.12,615.19,2026-06-30T03:19:34.403959+00:00,v0-unversioned
2026-06-01,Florencio Varela,2,all,all,48,43,619.11,790.04,1060.41,2026-06-30T03:19:34.403959+00:00,v0-unversioned
2026-06-01,Florencio Varela,2,direct,all,48,43,619.11,790.04,1060.41,2026-06-30T03:19:34.403959+00:00,v0-unversioned
2026-06-01,Florencio Varela,2,direct,unfurnished,38,34,602.96,732.51,1031.80,2026-06-30T03:19:34.403959+00:00,v0-unversioned
2026-06-01,Flores,0,all,all,250,243,556.74,621.72,702.84,2026-06-30T03:19:34.403959+00:00,v0-unversioned
2026-06-01,Flores,0,direct,all,243,241,555.89,618.16,694.78,2026-06-30T03:19:34.403959+00:00,v0-unversioned
2026-06-01,Flores,0,direct,furnished,22,21,635.94,689.82,788.93,2026-06-30T03:19:34.403959+00:00,v0-unversioned
2026-06-01,Flores,0,direct,unfurnished,158,157,542.13,600.96,667.37,2026-06-30T03:19:34.403959+00:00,v0-unversioned
2026-06-01,Flores,1,all,all,694,652,619.06,715.45,903.72,2026-06-30T03:19:34.403959+00:00,v0-unversioned
2026-06-01,Flores,1,platform,all,106,98,783.00,1104.00,1348.50,2026-06-30T03:19:34.403959+00:00,v0-unversioned
2026-06-01,Flores,1,platform,furnished,91,84,811.00,1149.00,1396.00,2026-06-30T03:19:34.403959+00:00,v0-unversioned
2026-06-01,Flores,1,direct,all,588,567,615.69,703.30,846.76,2026-06-30T03:19:34.403959+00:00,v0-unversioned
2026-06-01,Flores,1,direct,furnished,77,67,710.00,895.83,1093.28,2026-06-30T03:19:34.403959+00:00,v0-unversioned
2026-06-01,Flores,1,direct,unfurnished,415,400,607.76,682.65,777.05,2026-06-30T03:19:34.403959+00:00,v0-unversioned
2026-06-01,Flores,2,all,all,269,256,830.07,1007.12,1248.50,2026-06-30T03:19:34.403959+00:00,v0-unversioned
2026-06-01,Flores,2,direct,all,257,248,828.56,994.25,1233.43,2026-06-30T03:19:34.403959+00:00,v0-unversioned
2026-06-01,Flores,2,direct,furnished,26,26,1045.86,1171.38,1494.53,2026-06-30T03:19:34.403959+00:00,v0-unversioned
2026-06-01,Flores,2,direct,unfurnished,177,172,817.01,954.64,1178.17,2026-06-30T03:19:34.403959+00:00,v0-unversioned
2026-06-01,Flores,3,all,all,97,87,1197.01,1344.24,2002.76,2026-06-30T03:19:34.403959+00:00,v0-unversioned
2026-06-01,Flores,3,direct,all,91,85,1151.09,1323.63,1872.68,2026-06-30T03:19:34.403959+00:00,v0-unversioned
2026-06-01,Flores,3,direct,furnished,38,34,1283.58,1469.14,2115.32,2026-06-15T03:44:35.588311+00:00,v0-unversioned
2026-06-01,Flores,3,direct,unfurnished,59,58,1151.09,1342.00,1858.44,2026-06-30T03:19:34.403959+00:00,v0-unversioned
2026-06-01,Flores,4,all,all,39,38,1867.66,2323.51,3605.73,2026-06-30T03:19:34.403959+00:00,v0-unversioned
2026-06-01,Flores,4,direct,all,38,37,1850.76,2316.82,3605.73,2026-06-30T03:19:34.403959+00:00,v0-unversioned
2026-06-01,Flores,4,direct,unfurnished,26,22,1753.17,2091.47,2593.35,2026-06-30T03:19:34.403959+00:00,v0-unversioned
2026-06-01,Floresta,0,all,all,43,42,523.44,576.84,614.83,2026-06-30T03:19:34.403959+00:00,v0-unversioned
2026-06-01,Floresta,0,direct,all,42,42,521.63,576.34,610.51,2026-06-30T03:19:34.403959+00:00,v0-unversioned
2026-06-01,Floresta,0,direct,unfurnished,32,29,525.25,575.39,596.77,2026-06-30T03:19:34.403959+00:00,v0-unversioned
2026-06-01,Floresta,1,all,all,107,93,577.38,653.30,776.78,2026-06-30T03:19:34.403959+00:00,v0-unversioned
2026-06-01,Floresta,1,platform,all,20,20,857.00,1615.00,2638.75,2026-06-30T03:19:34.403959+00:00,v0-unversioned
2026-06-01,Floresta,1,direct,all,87,86,564.41,635.05,705.30,2026-06-30T03:19:34.403959+00:00,v0-unversioned
2026-06-01,Floresta,1,direct,furnished,20,20,595.21,690.68,903.02,2026-06-14T04:49:34.092151+00:00,v0-unversioned
2026-06-01,Floresta,1,direct,unfurnished,71,71,572.89,635.05,705.30,2026-06-30T03:19:34.403959+00:00,v0-unversioned
2026-06-01,Floresta,2,all,all,67,66,777.40,877.50,1090.51,2026-06-30T03:19:34.403959+00:00,v0-unversioned
2026-06-01,Floresta,2,direct,all,65,64,776.51,874.44,1073.68,2026-06-30T03:19:34.403959+00:00,v0-unversioned
2026-06-01,Floresta,2,direct,unfurnished,42,42,776.96,843.98,1082.27,2026-06-30T03:19:34.403959+00:00,v0-unversioned
2026-06-01,Floresta,3,all,all,24,22,1152.15,1260.74,1573.63,2026-06-30T03:19:34.403959+00:00,v0-unversioned
2026-06-01,Floresta,3,direct,all,23,22,1148.70,1240.38,1522.52,2026-06-30T03:19:34.403959+00:00,v0-unversioned
2026-06-01,Floresta,3,direct,unfurnished,21,18,1155.60,1240.38,1480.43,2026-06-30T03:19:34.403959+00:00,v0-unversioned
2026-06-01,Florida,1,all,all,86,81,706.61,911.98,1242.40,2026-06-30T03:19:34.403959+00:00,v0-unversioned
2026-06-01,Florida,1,platform,all,29,26,1009.00,1121.00,1723.00,2026-06-30T03:19:34.403959+00:00,v0-unversioned
2026-06-01,Florida,1,platform,furnished,25,24,981.00,1100.00,1530.00,2026-06-30T03:19:34.403959+00:00,v0-unversioned
2026-06-01,Florida,1,direct,all,57,51,664.40,783.77,997.68,2026-06-30T03:19:34.403959+00:00,v0-unversioned
2026-06-01,Florida,1,direct,unfurnished,35,30,602.43,708.00,816.54,2026-06-30T03:19:34.403959+00:00,v0-unversioned
2026-06-01,Florida,2,all,all,47,43,1040.30,1469.47,1893.21,2026-06-30T03:19:34.403959+00:00,v0-unversioned
2026-06-01,Florida,2,direct,all,40,37,1031.29,1285.14,1724.31,2026-06-30T03:19:34.403959+00:00,v0-unversioned
2026-06-01,Florida,2,direct,unfurnished,25,25,1017.20,1142.38,1618.26,2026-06-30T03:19:34.403959+00:00,v0-unversioned
2026-06-01,Florida,3,all,all,27,26,1364.35,1870.85,3080.30,2026-06-30T03:19:34.403959+00:00,v0-unversioned
2026-06-01,Florida,3,direct,all,24,24,1341.16,1596.47,2967.12,2026-06-30T03:19:34.403959+00:00,v0-unversioned
2026-06-01,Florida,3,direct,unfurnished,20,20,1286.43,1788.46,2967.12,2026-06-30T03:19:34.403959+00:00,v0-unversioned
2026-06-01,General Rodríguez,1,all,all,31,30,460.24,546.97,824.09,2026-06-30T03:19:34.403959+00:00,v0-unversioned
2026-06-01,General Rodríguez,1,direct,all,31,30,460.24,546.97,824.09,2026-06-30T03:19:34.403959+00:00,v0-unversioned
2026-06-01,General Rodríguez,1,direct,unfurnished,25,24,490.85,562.60,872.52,2026-06-30T03:19:34.403959+00:00,v0-unversioned
2026-06-01,General Rodríguez,2,all,all,45,39,811.71,1436.89,1770.68,2026-06-30T03:19:34.403959+00:00,v0-unversioned
2026-06-01,General Rodríguez,2,direct,all,45,39,811.71,1436.89,1770.68,2026-06-30T03:19:34.403959+00:00,v0-unversioned
2026-06-01,General Rodríguez,2,direct,furnished,20,20,1458.05,2078.55,4841.10,2026-06-15T03:44:35.588311+00:00,v0-unversioned
2026-06-01,General Rodríguez,2,direct,unfurnished,22,21,695.17,941.39,1518.62,2026-06-30T03:19:34.403959+00:00,v0-unversioned
2026-06-01,General Rodríguez,3,all,all,56,53,2072.15,3431.33,4686.21,2026-06-30T03:19:34.403959+00:00,v0-unversioned
2026-06-01,General Rodríguez,3,direct,all,56,53,2072.15,3431.33,4686.21,2026-06-30T03:19:34.403959+00:00,v0-unversioned
2026-06-01,General Rodríguez,3,direct,furnished,29,29,2096.87,3197.88,4528.25,2026-06-15T03:44:35.588311+00:00,v0-unversioned
2026-06-01,General Rodríguez,3,direct,unfurnished,21,20,2015.89,3227.08,4274.27,2026-06-30T03:19:34.403959+00:00,v0-unversioned
2026-06-01,General Rodríguez,4,all,all,64,62,3328.04,4855.44,6040.63,2026-06-30T03:19:34.403959+00:00,v0-unversioned
2026-06-01,General Rodríguez,4,direct,all,64,62,3328.04,4855.44,6040.63,2026-06-30T03:19:34.403959+00:00,v0-unversioned
2026-06-01,General Rodríguez,4,direct,furnished,22,20,4062.09,5960.58,6547.41,2026-06-30T03:19:34.403959+00:00,v0-unversioned
2026-06-01,General Rodríguez,4,direct,unfurnished,21,21,4423.99,4863.72,6244.36,2026-06-30T03:19:34.403959+00:00,v0-unversioned
2026-06-01,General San Martín,0,all,all,229,218,419.67,474.76,551.38,2026-06-30T03:19:34.403959+00:00,v0-unversioned
2026-06-01,General San Martín,0,direct,all,226,215,418.55,471.41,545.34,2026-06-30T03:19:34.403959+00:00,v0-unversioned
2026-06-01,General San Martín,0,direct,furnished,50,45,438.62,485.02,552.51,2026-06-15T03:44:35.588311+00:00,v0-unversioned
2026-06-01,General San Martín,0,direct,unfurnished,193,187,417.14,462.27,537.03,2026-06-30T03:19:34.403959+00:00,v0-unversioned
2026-06-01,General San Martín,1,all,all,1172,1110,482.68,563.91,670.83,2026-06-30T03:19:34.403959+00:00,v0-unversioned
2026-06-01,General San Martín,1,platform,all,38,33,1029.50,1163.32,1449.75,2026-06-30T03:19:34.403959+00:00,v0-unversioned
2026-06-01,General San Martín,1,platform,furnished,27,24,942.50,1159.00,1445.50,2026-06-30T03:19:34.403959+00:00,v0-unversioned
2026-06-01,General San Martín,1,direct,all,1134,1098,480.39,558.36,657.29,2026-06-30T03:19:34.403959+00:00,v0-unversioned
2026-06-01,General San Martín,1,direct,furnished,33,30,569.02,784.69,1035.35,2026-06-30T03:19:34.403959+00:00,v0-unversioned
2026-06-01,General San Martín,1,direct,unfurnished,900,883,477.60,553.47,647.25,2026-06-30T03:19:34.403959+00:00,v0-unversioned
2026-06-01,General San Martín,2,all,all,732,693,675.47,783.34,966.72,2026-06-30T03:19:34.403959+00:00,v0-unversioned
2026-06-01,General San Martín,2,direct,all,725,689,674.44,780.82,962.69,2026-06-30T03:19:34.403959+00:00,v0-unversioned
2026-06-01,General San Martín,2,direct,furnished,36,34,877.24,988.62,1184.02,2026-06-30T03:19:34.403959+00:00,v0-unversioned
2026-06-01,General San Martín,2,direct,unfurnished,573,547,665.52,768.14,916.74,2026-06-30T03:19:34.403959+00:00,v0-unversioned
2026-06-01,General San Martín,3,all,all,104,95,879.59,1162.80,1646.21,2026-06-30T03:19:34.403959+00:00,v0-unversioned
2026-06-01,General San Martín,3,direct,all,100,93,875.87,1094.02,1581.16,2026-06-30T03:19:34.403959+00:00,v0-unversioned
2026-06-01,General San Martín,3,direct,furnished,37,35,1025.11,1416.43,1693.71,2026-06-15T03:44:35.588311+00:00,v0-unversioned
2026-06-01,General San Martín,3,direct,unfurnished,69,64,850.94,1100.00,1579.49,2026-06-30T03:19:34.403959+00:00,v0-unversioned
2026-06-01,General San Martín,4,all,all,22,21,1671.45,2220.18,4261.64,2026-06-30T03:19:34.403959+00:00,v0-unversioned
2026-06-01,General San Martín,4,direct,all,20,18,1604.50,2123.64,3496.49,2026-06-30T03:19:34.403959+00:00,v0-unversioned
2026-06-01,Grodzisk Mazowiecki,1,all,all,22,22,1002.80,1042.55,1085.55,2026-06-12T04:58:58.077074+00:00,v0-unversioned
2026-06-01,Grodzisk Mazowiecki,1,direct,all,22,22,1002.80,1042.55,1085.55,2026-06-12T04:58:58.077074+00:00,v0-unversioned
2026-06-01,Grodzisk Mazowiecki,1,direct,furnished,22,22,1002.80,1042.55,1085.55,2026-06-12T04:58:58.077074+00:00,v0-unversioned
2026-06-01,Hurlingham,0,all,all,46,41,409.60,457.07,546.24,2026-06-30T03:19:34.403959+00:00,v0-unversioned
2026-06-01,Hurlingham,0,direct,all,46,41,409.60,457.07,546.24,2026-06-30T03:19:34.403959+00:00,v0-unversioned
2026-06-01,Hurlingham,0,direct,unfurnished,38,35,406.21,437.82,492.42,2026-06-30T03:19:34.403959+00:00,v0-unversioned
2026-06-01,Hurlingham,1,all,all,162,146,437.67,513.38,586.04,2026-06-30T03:19:34.403959+00:00,v0-unversioned
2026-06-01,Hurlingham,1,direct,all,162,146,437.67,513.38,586.04,2026-06-30T03:19:34.403959+00:00,v0-unversioned
2026-06-01,Hurlingham,1,direct,furnished,27,23,473.41,557.89,639.04,2026-06-15T03:44:35.588311+00:00,v0-unversioned
2026-06-01,Hurlingham,1,direct,unfurnished,130,119,437.67,514.86,586.04,2026-06-30T03:19:34.403959+00:00,v0-unversioned
2026-06-01,Hurlingham,2,all,all,130,128,637.59,861.73,1094.07,2026-06-30T03:19:34.403959+00:00,v0-unversioned
2026-06-01,Hurlingham,2,direct,all,130,128,637.59,861.73,1094.07,2026-06-30T03:19:34.403959+00:00,v0-unversioned
2026-06-01,Hurlingham,2,direct,furnished,26,26,751.57,905.70,1214.04,2026-06-15T03:44:35.588311+00:00,v0-unversioned
2026-06-01,Hurlingham,2,direct,unfurnished,101,100,600.99,771.73,1036.96,2026-06-30T03:19:34.403959+00:00,v0-unversioned
2026-06-01,Hurlingham,3,all,all,52,50,855.54,1416.26,2002.97,2026-06-30T03:19:34.403959+00:00,v0-unversioned
2026-06-01,Hurlingham,3,direct,all,52,50,855.54,1416.26,2002.97,2026-06-30T03:19:34.403959+00:00,v0-unversioned
2026-06-01,Hurlingham,3,direct,furnished,23,19,1186.01,1648.37,1887.37,2026-06-15T03:44:35.588311+00:00,v0-unversioned
2026-06-01,Hurlingham,3,direct,unfurnished,32,31,729.39,1079.64,1654.55,2026-06-30T03:19:34.403959+00:00,v0-unversioned
2026-06-01,Ituzaingó,0,all,all,117,102,448.08,534.48,624.60,2026-06-30T03:19:34.403959+00:00,v0-unversioned
2026-06-01,Ituzaingó,0,direct,all,117,102,448.08,534.48,624.60,2026-06-30T03:19:34.403959+00:00,v0-unversioned
2026-06-01,Ituzaingó,0,direct,furnished,36,33,500.96,560.76,630.67,2026-06-15T03:44:35.588311+00:00,v0-unversioned
2026-06-01,Ituzaingó,0,direct,unfurnished,86,73,433.13,512.56,620.43,2026-06-30T03:19:34.403959+00:00,v0-unversioned
2026-06-01,Ituzaingó,1,all,all,310,291,496.15,613.11,747.20,2026-06-30T03:19:34.403959+00:00,v0-unversioned
2026-06-01,Ituzaingó,1,direct,all,310,291,496.15,613.11,747.20,2026-06-30T03:19:34.403959+00:00,v0-unversioned
2026-06-01,Ituzaingó,1,direct,furnished,21,18,505.55,833.67,933.88,2026-06-22T03:33:33.115608+00:00,v0-unversioned
2026-06-01,Ituzaingó,1,direct,unfurnished,249,233,493.93,609.60,726.23,2026-06-30T03:19:34.403959+00:00,v0-unversioned
2026-06-01,Ituzaingó,2,all,all,292,281,792.06,1028.85,1572.39,2026-06-30T03:19:34.403959+00:00,v0-unversioned
2026-06-01,Ituzaingó,2,direct,all,292,281,792.06,1028.85,1572.39,2026-06-30T03:19:34.403959+00:00,v0-unversioned
2026-06-01,Ituzaingó,2,direct,furnished,26,26,1100.00,1530.19,2486.28,2026-06-30T03:19:34.403959+00:00,v0-unversioned
2026-06-01,Ituzaingó,2,direct,unfurnished,212,203,766.40,952.44,1482.42,2026-06-30T03:19:34.403959+00:00,v0-unversioned
2026-06-01,Ituzaingó,3,all,all,137,126,1561.36,2542.85,3651.96,2026-06-30T03:19:34.403959+00:00,v0-unversioned
2026-06-01,Ituzaingó,3,direct,all,137,126,1561.36,2542.85,3651.96,2026-06-30T03:19:34.403959+00:00,v0-unversioned
2026-06-01,Ituzaingó,3,direct,furnished,21,18,3034.26,4619.90,5513.93,2026-06-30T03:19:34.403959+00:00,v0-unversioned
2026-06-01,Ituzaingó,3,direct,unfurnished,80,76,1520.04,2349.51,3039.50,2026-06-30T03:19:34.403959+00:00,v0-unversioned
2026-06-01,Ituzaingó,4,all,all,60,60,3193.97,4528.68,10729.08,2026-06-30T03:19:34.403959+00:00,v0-unversioned
2026-06-01,Ituzaingó,4,direct,all,60,60,3193.97,4528.68,10729.08,2026-06-30T03:19:34.403959+00:00,v0-unversioned
2026-06-01,Ituzaingó,4,direct,furnished,24,24,4326.10,7300.86,11740.12,2026-06-30T03:19:34.403959+00:00,v0-unversioned
2026-06-01,Ituzaingó,4,direct,unfurnished,21,18,2301.75,3447.23,4467.03,2026-06-30T03:19:34.403959+00:00,v0-unversioned
2026-06-01,José C. Paz,0,all,all,49,43,364.36,420.09,504.58,2026-06-30T03:19:34.403959+00:00,v0-unversioned
2026-06-01,José C. Paz,0,direct,all,49,43,364.36,420.09,504.58,2026-06-30T03:19:34.403959+00:00,v0-unversioned
2026-06-01,José C. Paz,0,direct,unfurnished,42,36,362.12,437.14,512.68,2026-06-30T03:19:34.403959+00:00,v0-unversioned
2026-06-01,José C. Paz,1,all,all,204,196,405.84,457.86,508.95,2026-06-30T03:19:34.403959+00:00,v0-unversioned
2026-06-01,José C. Paz,1,direct,all,204,196,405.84,457.86,508.95,2026-06-30T03:19:34.403959+00:00,v0-unversioned
2026-06-01,José C. Paz,1,direct,furnished,20,19,489.00,557.72,791.06,2026-06-03T03:45:38.450799+00:00,v0-unversioned
2026-06-01,José C. Paz,1,direct,unfurnished,188,179,407.47,456.19,508.51,2026-06-30T03:19:34.403959+00:00,v0-unversioned
2026-06-01,José C. Paz,2,all,all,114,95,621.24,806.88,1024.62,2026-06-30T03:19:34.403959+00:00,v0-unversioned
2026-06-01,José C. Paz,2,direct,all,114,95,621.24,806.88,1024.62,2026-06-30T03:19:34.403959+00:00,v0-unversioned
2026-06-01,José C. Paz,2,direct,unfurnished,88,76,610.57,760.84,893.08,2026-06-30T03:19:34.403959+00:00,v0-unversioned
2026-06-01,José C. Paz,3,all,all,32,31,1040.63,1501.72,4516.90,2026-06-30T03:19:34.403959+00:00,v0-unversioned
2026-06-01,José C. Paz,3,direct,all,32,31,1040.63,1501.72,4516.90,2026-06-30T03:19:34.403959+00:00,v0-unversioned
2026-06-01,José C. Paz,4,all,all,22,22,2230.15,5089.68,7274.31,2026-06-30T03:19:34.403959+00:00,v0-unversioned
2026-06-01,José C. Paz,4,direct,all,22,22,2230.15,5089.68,7274.31,2026-06-30T03:19:34.403959+00:00,v0-unversioned
2026-06-01,La Boca,0,all,all,39,35,536.73,710.49,885.58,2026-06-30T03:19:34.403959+00:00,v0-unversioned
2026-06-01,La Boca,0,direct,all,36,33,533.05,696.09,874.38,2026-06-30T03:19:34.403959+00:00,v0-unversioned
2026-06-01,La Boca,0,direct,furnished,20,18,664.74,756.87,1183.33,2026-06-22T03:33:33.115608+00:00,v0-unversioned
2026-06-01,La Boca,1,all,all,165,159,684.22,969.00,1647.41,2026-06-30T03:19:34.403959+00:00,v0-unversioned
2026-06-01,La Boca,1,platform,all,82,78,932.50,1198.00,1895.75,2026-06-30T03:19:34.403959+00:00,v0-unversioned
2026-06-01,La Boca,1,platform,furnished,66,62,917.25,1213.50,1934.50,2026-06-30T03:19:34.403959+00:00,v0-unversioned
2026-06-01,La Boca,1,direct,all,83,83,577.52,759.54,1358.17,2026-06-30T03:19:34.403959+00:00,v0-unversioned
2026-06-01,La Boca,1,direct,furnished,33,33,783.18,1500.99,1863.20,2026-06-30T03:19:34.403959+00:00,v0-unversioned
2026-06-01,La Boca,1,direct,unfurnished,39,39,475.56,589.92,731.35,2026-06-30T03:19:34.403959+00:00,v0-unversioned
2026-06-01,La Boca,2,all,all,62,58,853.73,987.95,1298.79,2026-06-30T03:19:34.403959+00:00,v0-unversioned
2026-06-01,La Boca,2,platform,all,20,17,1203.00,1358.50,1590.00,2026-06-30T03:19:34.403959+00:00,v0-unversioned
2026-06-01,La Boca,2,direct,all,42,36,840.10,887.00,1011.25,2026-06-30T03:19:34.403959+00:00,v0-unversioned
2026-06-01,La Boca,2,direct,unfurnished,27,24,845.02,889.63,987.95,2026-06-30T03:19:34.403959+00:00,v0-unversioned
2026-06-01,La Lucila,1,all,all,64,62,1171.87,1541.32,2011.72,2026-06-30T03:19:34.403959+00:00,v0-unversioned
2026-06-01,La Lucila,1,direct,all,52,52,1116.94,1588.59,2066.85,2026-06-30T03:19:34.403959+00:00,v0-unversioned
2026-06-01,La Lucila,1,direct,furnished,21,21,1552.81,1911.88,2404.58,2026-06-15T03:44:35.588311+00:00,v0-unversioned
2026-06-01,La Lucila,1,direct,unfurnished,33,33,761.61,1582.18,1775.23,2026-06-30T03:19:34.403959+00:00,v0-unversioned
2026-06-01,La Lucila,2,all,all,33,31,1503.63,1828.00,2842.03,2026-06-30T03:19:34.403959+00:00,v0-unversioned
2026-06-01,La Lucila,2,direct,all,28,27,1474.00,1961.83,2848.78,2026-06-30T03:19:34.403959+00:00,v0-unversioned
2026-06-01,La Lucila,2,direct,unfurnished,21,21,1503.63,2260.94,2869.01,2026-06-30T03:19:34.403959+00:00,v0-unversioned
2026-06-01,La Lucila,3,all,all,30,25,5826.38,7155.19,7550.48,2026-06-30T03:19:34.403959+00:00,v0-unversioned
2026-06-01,La Lucila,3,direct,all,28,24,5931.39,7216.67,7570.53,2026-06-30T03:19:34.403959+00:00,v0-unversioned
2026-06-01,La Lucila,3,direct,unfurnished,20,18,5931.39,7119.53,7487.04,2026-06-27T08:47:44.439337+00:00,v0-unversioned
2026-06-01,La Matanza,0,all,all,314,302,377.95,428.65,492.17,2026-06-30T03:19:34.403959+00:00,v0-unversioned
2026-06-01,La Matanza,0,direct,all,311,300,377.44,428.52,490.83,2026-06-30T03:19:34.403959+00:00,v0-unversioned
2026-06-01,La Matanza,0,direct,furnished,53,51,399.64,486.76,564.99,2026-06-15T03:44:35.588311+00:00,v0-unversioned
2026-06-01,La Matanza,0,direct,unfurnished,264,257,371.55,424.49,481.18,2026-06-30T03:19:34.403959+00:00,v0-unversioned
2026-06-01,La Matanza,1,all,all,2712,2557,450.52,521.01,609.65,2026-06-30T03:19:34.403959+00:00,v0-unversioned
2026-06-01,La Matanza,1,platform,all,60,51,960.75,1226.00,1536.00,2026-06-30T03:19:34.403959+00:00,v0-unversioned
2026-06-01,La Matanza,1,platform,furnished,49,44,1057.00,1232.00,1700.00,2026-06-30T03:19:34.403959+00:00,v0-unversioned
2026-06-01,La Matanza,1,direct,all,2652,2537,448.47,518.99,603.58,2026-06-30T03:19:34.403959+00:00,v0-unversioned
2026-06-01,La Matanza,1,direct,furnished,85,80,483.97,563.45,725.59,2026-06-30T03:19:34.403959+00:00,v0-unversioned
2026-06-01,La Matanza,1,direct,unfurnished,2225,2143,444.42,515.31,596.65,2026-06-30T03:19:34.403959+00:00,v0-unversioned
2026-06-01,La Matanza,2,all,all,1392,1279,603.28,728.57,901.44,2026-06-30T03:19:34.403959+00:00,v0-unversioned
2026-06-01,La Matanza,2,direct,all,1379,1269,603.15,726.02,894.41,2026-06-30T03:19:34.403959+00:00,v0-unversioned
2026-06-01,La Matanza,2,direct,furnished,28,27,713.80,906.34,1349.74,2026-06-30T03:19:34.403959+00:00,v0-unversioned
2026-06-01,La Matanza,2,direct,unfurnished,1134,1052,591.58,702.90,860.98,2026-06-30T03:19:34.403959+00:00,v0-unversioned
2026-06-01,La Matanza,3,all,all,330,305,864.53,1086.32,1546.85,2026-06-30T03:19:34.403959+00:00,v0-unversioned
2026-06-01,La Matanza,3,direct,all,327,303,862.54,1061.60,1543.86,2026-06-30T03:19:34.403959+00:00,v0-unversioned
2026-06-01,La Matanza,3,direct,furnished,98,92,994.91,1271.84,2026.55,2026-06-15T03:44:35.588311+00:00,v0-unversioned
2026-06-01,La Matanza,3,direct,unfurnished,226,216,805.45,1013.76,1444.07,2026-06-30T03:19:34.403959+00:00,v0-unversioned
2026-06-01,La Matanza,4,all,all,104,102,1977.43,2734.14,4629.21,2026-06-30T03:19:34.403959+00:00,v0-unversioned
2026-06-01,La Matanza,4,direct,all,104,102,1977.43,2734.14,4629.21,2026-06-30T03:19:34.403959+00:00,v0-unversioned
2026-06-01,La Matanza,4,direct,furnished,42,42,2316.90,4109.43,4897.86,2026-06-15T03:44:35.588311+00:00,v0-unversioned
2026-06-01,La Matanza,4,direct,unfurnished,53,51,1734.63,2505.47,3374.63,2026-06-30T03:19:34.403959+00:00,v0-unversioned
2026-06-01,Lanús,0,all,all,214,207,437.59,490.70,579.69,2026-06-30T03:19:34.403959+00:00,v0-unversioned
2026-06-01,Lanús,0,direct,all,214,207,437.59,490.70,579.69,2026-06-30T03:19:34.403959+00:00,v0-unversioned
2026-06-01,Lanús,0,direct,furnished,20,19,485.73,634.23,882.32,2026-06-20T03:23:06.000679+00:00,v0-unversioned
2026-06-01,Lanús,0,direct,unfurnished,165,163,423.25,474.99,539.75,2026-06-30T03:19:34.403959+00:00,v0-unversioned
2026-06-01,Lanús,1,all,all,1207,1155,480.43,553.27,652.76,2026-06-30T03:19:34.403959+00:00,v0-unversioned
2026-06-01,Lanús,1,direct,all,1188,1148,479.92,551.12,646.79,2026-06-30T03:19:34.403959+00:00,v0-unversioned
2026-06-01,Lanús,1,direct,furnished,44,38,506.97,634.26,732.55,2026-06-30T03:19:34.403959+00:00,v0-unversioned
2026-06-01,Lanús,1,direct,unfurnished,932,908,478.35,543.70,636.00,2026-06-30T03:19:34.403959+00:00,v0-unversioned
2026-06-01,Lanús,2,all,all,621,587,620.80,735.40,891.65,2026-06-30T03:19:34.403959+00:00,v0-unversioned
2026-06-01,Lanús,2,direct,all,616,584,620.12,732.35,888.11,2026-06-30T03:19:34.403959+00:00,v0-unversioned
2026-06-01,Lanús,2,direct,furnished,36,32,714.66,884.20,929.62,2026-06-22T03:33:33.115608+00:00,v0-unversioned
2026-06-01,Lanús,2,direct,unfurnished,498,472,616.57,727.32,857.71,2026-06-30T03:19:34.403959+00:00,v0-unversioned
2026-06-01,Lanús,3,all,all,117,107,874.65,1168.54,1593.15,2026-06-30T03:19:34.403959+00:00,v0-unversioned
2026-06-01,Lanús,3,direct,all,117,107,874.65,1168.54,1593.15,2026-06-30T03:19:34.403959+00:00,v0-unversioned
2026-06-01,Lanús,3,direct,furnished,42,39,964.55,1380.70,1941.49,2026-06-15T03:44:35.588311+00:00,v0-unversioned
2026-06-01,Lanús,3,direct,unfurnished,76,69,837.38,1094.66,1502.53,2026-06-30T03:19:34.403959+00:00,v0-unversioned
2026-06-01,Lanús,4,all,all,33,30,1227.99,1827.77,2350.47,2026-06-30T03:19:34.403959+00:00,v0-unversioned
2026-06-01,Lanús,4,direct,all,33,30,1227.99,1827.77,2350.47,2026-06-30T03:19:34.403959+00:00,v0-unversioned
2026-06-01,La Paternal,0,all,all,20,18,545.49,627.63,688.21,2026-06-30T03:19:34.403959+00:00,v0-unversioned
2026-06-01,La Paternal,1,all,all,43,38,654.52,751.09,914.00,2026-06-30T03:19:34.403959+00:00,v0-unversioned
2026-06-01,La Paternal,1,direct,all,29,29,651.83,705.09,836.70,2026-06-30T03:19:34.403959+00:00,v0-unversioned
2026-06-01,La Paternal,1,direct,unfurnished,27,27,651.18,692.09,843.44,2026-06-30T03:19:34.403959+00:00,v0-unversioned
2026-06-01,La Paternal,2,all,all,20,16,827.66,976.68,1445.00,2026-06-29T03:19:35.357508+00:00,v0-unversioned
2026-06-01,La Plata,0,all,all,500,473,431.77,478.33,536.85,2026-06-30T03:19:34.403959+00:00,v0-unversioned
2026-06-01,La Plata,0,direct,all,500,473,431.77,478.33,536.85,2026-06-30T03:19:34.403959+00:00,v0-unversioned
2026-06-01,La Plata,0,direct,furnished,58,56,503.74,599.38,714.35,2026-06-30T03:19:34.403959+00:00,v0-unversioned
2026-06-01,La Plata,0,direct,unfurnished,365,354,423.10,467.51,514.14,2026-06-30T03:19:34.403959+00:00,v0-unversioned
2026-06-01,La Plata,1,all,all,1696,1594,491.50,564.72,653.06,2026-06-30T03:19:34.403959+00:00,v0-unversioned
2026-06-01,La Plata,1,direct,all,1696,1594,491.50,564.72,653.06,2026-06-30T03:19:34.403959+00:00,v0-unversioned
2026-06-01,La Plata,1,direct,furnished,121,112,619.85,700.24,866.98,2026-06-30T03:19:34.403959+00:00,v0-unversioned
2026-06-01,La Plata,1,direct,unfurnished,1292,1237,484.68,551.63,628.73,2026-06-30T03:19:34.403959+00:00,v0-unversioned
2026-06-01,La Plata,2,all,all,1258,1137,646.57,778.74,1037.36,2026-06-30T03:19:34.403959+00:00,v0-unversioned
2026-06-01,La Plata,2,direct,all,1258,1137,646.57,778.74,1037.36,2026-06-30T03:19:34.403959+00:00,v0-unversioned
2026-06-01,La Plata,2,direct,furnished,79,78,739.51,931.20,1690.40,2026-06-30T03:19:34.403959+00:00,v0-unversioned
2026-06-01,La Plata,2,direct,unfurnished,933,848,631.46,757.13,967.45,2026-06-30T03:19:34.403959+00:00,v0-unversioned
2026-06-01,La Plata,3,all,all,483,449,913.49,1440.53,2078.43,2026-06-30T03:19:34.403959+00:00,v0-unversioned
2026-06-01,La Plata,3,direct,all,483,449,913.49,1440.53,2078.43,2026-06-30T03:19:34.403959+00:00,v0-unversioned
2026-06-01,La Plata,3,direct,furnished,44,41,1163.08,1918.79,2528.90,2026-06-30T03:19:34.403959+00:00,v0-unversioned
2026-06-01,La Plata,3,direct,unfurnished,316,297,901.85,1375.38,2013.43,2026-06-30T03:19:34.403959+00:00,v0-unversioned
2026-06-01,La Plata,4,all,all,152,143,1482.16,2525.21,3647.01,2026-06-30T03:19:34.403959+00:00,v0-unversioned
2026-06-01,La Plata,4,direct,all,152,143,1482.16,2525.21,3647.01,2026-06-30T03:19:34.403959+00:00,v0-unversioned
2026-06-01,La Plata,4,direct,furnished,54,46,2421.51,3228.11,4120.81,2026-06-15T03:44:35.588311+00:00,v0-unversioned
2026-06-01,La Plata,4,direct,unfurnished,92,80,1298.19,2090.59,2915.38,2026-06-30T03:19:34.403959+00:00,v0-unversioned
2026-06-01,Legionowo,1,all,all,24,24,909.80,1055.98,1094.40,2026-06-12T04:58:58.077074+00:00,v0-unversioned
2026-06-01,Legionowo,1,direct,all,24,24,909.80,1055.98,1094.40,2026-06-12T04:58:58.077074+00:00,v0-unversioned
2026-06-01,Legionowo,1,direct,furnished,22,18,1012.95,1075.82,1095.92,2026-06-12T04:58:58.077074+00:00,v0-unversioned
2026-06-01,Liniers,0,all,all,67,62,516.47,577.57,659.62,2026-06-30T03:19:34.403959+00:00,v0-unversioned
2026-06-01,Liniers,0,direct,all,62,59,514.17,573.99,632.19,2026-06-30T03:19:34.403959+00:00,v0-unversioned
2026-06-01,Liniers,0,direct,furnished,21,21,509.57,617.26,692.63,2026-06-15T03:44:35.588311+00:00,v0-unversioned
2026-06-01,Liniers,0,direct,unfurnished,46,43,511.20,553.89,615.76,2026-06-30T03:19:34.403959+00:00,v0-unversioned
2026-06-01,Liniers,1,all,all,180,174,578.63,670.99,765.28,2026-06-30T03:19:34.403959+00:00,v0-unversioned
2026-06-01,Liniers,1,direct,all,168,167,575.07,656.15,745.53,2026-06-30T03:19:34.403959+00:00,v0-unversioned
2026-06-01,Liniers,1,direct,furnished,40,39,569.78,640.81,731.50,2026-06-15T03:44:35.588311+00:00,v0-unversioned
2026-06-01,Liniers,1,direct,unfurnished,128,127,587.08,673.35,759.18,2026-06-30T03:19:34.403959+00:00,v0-unversioned
2026-06-01,Liniers,2,all,all,86,77,801.73,889.60,1084.07,2026-06-30T03:19:34.403959+00:00,v0-unversioned
2026-06-01,Liniers,2,direct,all,79,73,794.42,872.36,1014.84,2026-06-30T03:19:34.403959+00:00,v0-unversioned
2026-06-01,Liniers,2,direct,unfurnished,57,54,773.78,861.75,998.87,2026-06-30T03:19:34.403959+00:00,v0-unversioned
2026-06-01,Liniers,3,all,all,20,19,1044.31,1590.78,2225.95,2026-06-27T08:47:44.439337+00:00,v0-unversioned
2026-06-01,Liniers,3,direct,all,20,19,1044.31,1590.78,2225.95,2026-06-27T08:47:44.439337+00:00,v0-unversioned
2026-06-01,Liniers,3,direct,unfurnished,20,20,1391.10,1729.44,2310.54,2026-06-22T03:33:33.115608+00:00,v0-unversioned
2026-06-01,Lomas de Zamora,0,all,all,302,282,429.00,486.72,548.77,2026-06-30T03:19:34.403959+00:00,v0-unversioned
2026-06-01,Lomas de Zamora,0,direct,all,302,282,429.00,486.72,548.77,2026-06-30T03:19:34.403959+00:00,v0-unversioned
2026-06-01,Lomas de Zamora,0,direct,furnished,29,29,537.70,722.25,1741.80,2026-06-30T03:19:34.403959+00:00,v0-unversioned
2026-06-01,Lomas de Zamora,0,direct,unfurnished,220,215,416.74,473.01,529.09,2026-06-30T03:19:34.403959+00:00,v0-unversioned
2026-06-01,Lomas de Zamora,1,all,all,1205,1136,520.32,617.31,728.45,2026-06-30T03:19:34.403959+00:00,v0-unversioned
2026-06-01,Lomas de Zamora,1,direct,all,1205,1136,520.32,617.31,728.45,2026-06-30T03:19:34.403959+00:00,v0-unversioned
2026-06-01,Lomas de Zamora,1,direct,furnished,85,81,818.70,1134.75,1415.86,2026-06-30T03:19:34.403959+00:00,v0-unversioned
2026-06-01,Lomas de Zamora,1,direct,unfurnished,915,902,504.12,598.58,703.74,2026-06-30T03:19:34.403959+00:00,v0-unversioned
2026-06-01,Lomas de Zamora,2,all,all,664,611,686.64,813.16,1064.55,2026-06-30T03:19:34.403959+00:00,v0-unversioned
2026-06-01,Lomas de Zamora,2,direct,all,664,611,686.64,813.16,1064.55,2026-06-30T03:19:34.403959+00:00,v0-unversioned
2026-06-01,Lomas de Zamora,2,direct,furnished,35,35,825.13,1293.31,1638.03,2026-06-30T03:19:34.403959+00:00,v0-unversioned
2026-06-01,Lomas de Zamora,2,direct,unfurnished,497,449,676.06,797.64,1005.54,2026-06-30T03:19:34.403959+00:00,v0-unversioned
2026-06-01,Lomas de Zamora,3,all,all,188,174,952.50,1457.03,2023.54,2026-06-30T03:19:34.403959+00:00,v0-unversioned
2026-06-01,Lomas de Zamora,3,direct,all,188,174,952.50,1457.03,2023.54,2026-06-30T03:19:34.403959+00:00,v0-unversioned
2026-06-01,Lomas de Zamora,3,direct,furnished,64,59,1248.83,1880.01,2415.16,2026-06-15T03:44:35.588311+00:00,v0-unversioned
2026-06-01,Lomas de Zamora,3,direct,unfurnished,125,120,870.27,1349.82,1828.38,2026-06-30T03:19:34.403959+00:00,v0-unversioned
2026-06-01,Lomas de Zamora,4,all,all,46,45,1723.71,2105.46,3186.83,2026-06-30T03:19:34.403959+00:00,v0-unversioned
2026-06-01,Lomas de Zamora,4,direct,all,46,45,1723.71,2105.46,3186.83,2026-06-30T03:19:34.403959+00:00,v0-unversioned
2026-06-01,Lomas de Zamora,4,direct,furnished,27,25,1901.49,2131.57,3153.82,2026-06-15T03:44:35.588311+00:00,v0-unversioned
2026-06-01,Lomas de Zamora,4,direct,unfurnished,21,21,1694.54,2142.53,3213.99,2026-06-30T03:19:34.403959+00:00,v0-unversioned
2026-06-01,Luján,1,all,all,62,54,490.66,595.84,786.78,2026-06-30T03:19:34.403959+00:00,v0-unversioned
2026-06-01,Luján,1,direct,all,62,54,490.66,595.84,786.78,2026-06-30T03:19:34.403959+00:00,v0-unversioned
2026-06-01,Luján,1,direct,furnished,29,26,581.99,822.94,1318.80,2026-06-15T03:44:35.588311+00:00,v0-unversioned
2026-06-01,Luján,1,direct,unfurnished,33,32,447.11,509.64,604.48,2026-06-30T03:19:34.403959+00:00,v0-unversioned
2026-06-01,Luján,2,all,all,63,56,716.38,829.22,1250.59,2026-06-30T03:19:34.403959+00:00,v0-unversioned
2026-06-01,Luján,2,direct,all,63,56,716.38,829.22,1250.59,2026-06-30T03:19:34.403959+00:00,v0-unversioned
2026-06-01,Luján,2,direct,furnished,22,20,754.12,1157.62,2044.70,2026-06-15T03:44:35.588311+00:00,v0-unversioned
2026-06-01,Luján,2,direct,unfurnished,37,35,697.90,803.47,988.83,2026-06-30T03:19:34.403959+00:00,v0-unversioned
2026-06-01,Luján,3,all,all,44,43,1851.81,2775.52,5790.98,2026-06-30T03:19:34.403959+00:00,v0-unversioned
2026-06-01,Luján,3,direct,all,44,43,1851.81,2775.52,5790.98,2026-06-30T03:19:34.403959+00:00,v0-unversioned
2026-06-01,Luján,3,direct,furnished,28,26,2280.25,3411.38,5636.99,2026-06-22T03:33:33.115608+00:00,v0-unversioned
2026-06-01,Luján,4,all,all,58,57,3170.94,6049.61,11843.30,2026-06-30T03:19:34.403959+00:00,v0-unversioned
2026-06-01,Luján,4,direct,all,58,57,3170.94,6049.61,11843.30,2026-06-30T03:19:34.403959+00:00,v0-unversioned
2026-06-01,Luján,4,direct,furnished,22,21,3647.43,6049.61,11173.71,2026-06-30T03:19:34.403959+00:00,v0-unversioned
2026-06-01,Marki,2,all,all,20,19,1162.58,1301.95,1336.88,2026-06-05T03:32:33.779023+00:00,v0-unversioned
2026-06-01,Marki,2,direct,all,20,19,1162.58,1301.95,1336.88,2026-06-05T03:32:33.779023+00:00,v0-unversioned
2026-06-01,Martínez,0,all,all,20,16,606.66,629.71,852.42,2026-06-27T08:47:44.439337+00:00,v0-unversioned
2026-06-01,Martínez,0,direct,all,21,16,618.05,640.91,736.55,2026-06-26T06:27:53.628821+00:00,v0-unversioned
2026-06-01,Martínez,1,all,all,198,191,797.56,1069.05,1541.15,2026-06-30T03:19:34.403959+00:00,v0-unversioned
2026-06-01,Martínez,1,platform,all,67,66,844.76,1258.00,1962.00,2026-06-30T03:19:34.403959+00:00,v0-unversioned
2026-06-01,Martínez,1,platform,furnished,57,56,843.00,1361.00,1984.00,2026-06-30T03:19:34.403959+00:00,v0-unversioned
2026-06-01,Martínez,1,direct,all,131,129,759.56,1000.00,1317.35,2026-06-30T03:19:34.403959+00:00,v0-unversioned
2026-06-01,Martínez,1,direct,furnished,29,26,1020.00,1216.21,1400.00,2026-06-30T03:19:34.403959+00:00,v0-unversioned
2026-06-01,Martínez,1,direct,unfurnished,81,72,705.54,881.30,1161.37,2026-06-30T03:19:34.403959+00:00,v0-unversioned
2026-06-01,Martínez,2,all,all,173,154,1185.15,1529.00,2106.39,2026-06-30T03:19:34.403959+00:00,v0-unversioned
2026-06-01,Martínez,2,platform,all,28,27,1517.75,1973.29,2943.00,2026-06-30T03:19:34.403959+00:00,v0-unversioned
2026-06-01,Martínez,2,platform,furnished,21,20,1360.00,2116.00,2900.00,2026-06-29T03:19:35.357508+00:00,v0-unversioned
2026-06-01,Martínez,2,direct,all,145,132,1133.43,1418.88,2019.22,2026-06-30T03:19:34.403959+00:00,v0-unversioned
2026-06-01,Martínez,2,direct,furnished,21,20,1143.79,1903.20,3689.18,2026-06-30T03:19:34.403959+00:00,v0-unversioned
2026-06-01,Martínez,2,direct,unfurnished,98,93,1133.82,1397.27,1784.76,2026-06-30T03:19:34.403959+00:00,v0-unversioned
2026-06-01,Martínez,3,all,all,119,113,2000.45,2820.78,4606.63,2026-06-30T03:19:34.403959+00:00,v0-unversioned
2026-06-01,Martínez,3,direct,all,111,106,1962.55,2820.78,4536.56,2026-06-30T03:19:34.403959+00:00,v0-unversioned
2026-06-01,Martínez,3,direct,furnished,37,37,2767.96,4298.97,6507.40,2026-06-15T03:44:35.588311+00:00,v0-unversioned
2026-06-01,Martínez,3,direct,unfurnished,69,66,1815.12,2435.45,3960.91,2026-06-30T03:19:34.403959+00:00,v0-unversioned
2026-06-01,Martínez,4,all,all,103,99,4836.38,7916.98,10574.61,2026-06-30T03:19:34.403959+00:00,v0-unversioned
2026-06-01,Martínez,4,direct,all,94,92,4756.59,7231.67,9391.61,2026-06-30T03:19:34.403959+00:00,v0-unversioned
2026-06-01,Martínez,4,direct,furnished,44,43,4842.07,7018.89,10888.51,2026-06-15T03:44:35.588311+00:00,v0-unversioned
2026-06-01,Martínez,4,direct,unfurnished,51,51,4284.52,6121.32,8794.72,2026-06-30T03:19:34.403959+00:00,v0-unversioned
2026-06-01,Mataderos,0,all,all,37,35,449.60,503.87,591.03,2026-06-30T03:19:34.403959+00:00,v0-unversioned
2026-06-01,Mataderos,0,direct,all,37,35,449.60,503.87,591.03,2026-06-30T03:19:34.403959+00:00,v0-unversioned
2026-06-01,Mataderos,0,direct,unfurnished,24,24,465.32,528.66,594.89,2026-06-30T03:19:34.403959+00:00,v0-unversioned
2026-06-01,Mataderos,1,all,all,145,136,560.32,657.80,776.48,2026-06-30T03:19:34.403959+00:00,v0-unversioned
2026-06-01,Mataderos,1,direct,all,133,128,557.06,642.33,741.68,2026-06-30T03:19:34.403959+00:00,v0-unversioned
2026-06-01,Mataderos,1,direct,furnished,25,25,522.66,668.19,764.07,2026-06-15T03:44:35.588311+00:00,v0-unversioned
2026-06-01,Mataderos,1,direct,unfurnished,113,112,560.32,637.86,739.13,2026-06-30T03:19:34.403959+00:00,v0-unversioned
2026-06-01,Mataderos,2,all,all,94,85,722.42,870.97,1115.99,2026-06-30T03:19:34.403959+00:00,v0-unversioned
2026-06-01,Mataderos,2,direct,all,93,84,721.64,866.72,1101.67,2026-06-30T03:19:34.403959+00:00,v0-unversioned
2026-06-01,Mataderos,2,direct,unfurnished,67,64,716.52,866.72,1054.88,2026-06-30T03:19:34.403959+00:00,v0-unversioned
2026-06-01,Mataderos,3,all,all,21,19,1268.29,1431.84,1955.13,2026-06-18T03:18:17.697306+00:00,v0-unversioned
2026-06-01,Mataderos,3,direct,all,20,17,1263.60,1417.30,1694.55,2026-06-18T03:18:17.697306+00:00,v0-unversioned
2026-06-01,Merlo,0,all,all,34,32,352.97,408.67,485.97,2026-06-30T03:19:34.403959+00:00,v0-unversioned
2026-06-01,Merlo,0,direct,all,34,32,352.97,408.67,485.97,2026-06-30T03:19:34.403959+00:00,v0-unversioned
2026-06-01,Merlo,0,direct,unfurnished,29,27,339.41,398.06,463.84,2026-06-30T03:19:34.403959+00:00,v0-unversioned
2026-06-01,Merlo,1,all,all,261,255,429.21,510.83,581.07,2026-06-30T03:19:34.403959+00:00,v0-unversioned
2026-06-01,Merlo,1,direct,all,261,255,429.21,510.83,581.07,2026-06-30T03:19:34.403959+00:00,v0-unversioned
2026-06-01,Merlo,1,direct,furnished,48,46,441.67,508.07,590.50,2026-06-15T03:44:35.588311+00:00,v0-unversioned
2026-06-01,Merlo,1,direct,unfurnished,218,212,433.27,506.52,576.86,2026-06-30T03:19:34.403959+00:00,v0-unversioned
2026-06-01,Merlo,2,all,all,199,185,624.81,716.80,887.62,2026-06-30T03:19:34.403959+00:00,v0-unversioned
2026-06-01,Merlo,2,direct,all,199,185,624.81,716.80,887.62,2026-06-30T03:19:34.403959+00:00,v0-unversioned
2026-06-01,Merlo,2,direct,furnished,26,23,735.95,837.23,938.56,2026-06-15T03:44:35.588311+00:00,v0-unversioned
2026-06-01,Merlo,2,direct,unfurnished,164,153,606.39,688.10,877.93,2026-06-30T03:19:34.403959+00:00,v0-unversioned
2026-06-01,Merlo,3,all,all,24,22,879.78,1036.44,1145.89,2026-06-30T03:19:34.403959+00:00,v0-unversioned
2026-06-01,Merlo,3,direct,all,24,22,879.78,1036.44,1145.89,2026-06-30T03:19:34.403959+00:00,v0-unversioned
2026-06-01,Merlo,3,direct,unfurnished,20,19,794.71,1020.81,1149.01,2026-06-30T03:19:34.403959+00:00,v0-unversioned
2026-06-01,Mokotów,0,all,all,60,59,856.28,918.76,1016.76,2026-06-30T03:19:34.403959+00:00,v0-unversioned
2026-06-01,Mokotów,0,direct,all,60,59,856.28,918.76,1016.76,2026-06-30T03:19:34.403959+00:00,v0-unversioned
2026-06-01,Mokotów,0,direct,furnished,60,59,856.28,918.76,1016.76,2026-06-30T03:19:34.403959+00:00,v0-unversioned
2026-06-01,Mokotów,1,all,all,213,195,1147.11,1254.42,1445.66,2026-06-30T03:19:34.403959+00:00,v0-unversioned
2026-06-01,Mokotów,1,direct,all,213,195,1147.11,1254.42,1445.66,2026-06-30T03:19:34.403959+00:00,v0-unversioned
2026-06-01,Mokotów,1,direct,furnished,211,193,1147.89,1254.42,1432.86,2026-06-30T03:19:34.403959+00:00,v0-unversioned
2026-06-01,Mokotów,2,all,all,163,156,1536.25,1954.85,2520.60,2026-06-30T03:19:34.403959+00:00,v0-unversioned
2026-06-01,Mokotów,2,direct,all,163,156,1536.25,1954.85,2520.60,2026-06-30T03:19:34.403959+00:00,v0-unversioned
2026-06-01,Mokotów,2,direct,furnished,154,148,1534.29,1954.85,2531.76,2026-06-30T03:19:34.403959+00:00,v0-unversioned
2026-06-01,Mokotów,2,direct,unfurnished,25,25,1772.72,2175.86,3208.20,2026-06-12T04:58:58.077074+00:00,v0-unversioned
2026-06-01,Mokotów,3,all,all,75,71,2930.84,3489.99,4232.38,2026-06-30T03:19:34.403959+00:00,v0-unversioned
2026-06-01,Mokotów,3,direct,all,75,71,2930.84,3489.99,4232.38,2026-06-30T03:19:34.403959+00:00,v0-unversioned
2026-06-01,Mokotów,3,direct,furnished,62,59,2696.51,3443.66,4233.33,2026-06-30T03:19:34.403959+00:00,v0-unversioned
2026-06-01,Mokotów,3,direct,unfurnished,31,27,3076.05,4029.37,4371.49,2026-06-12T04:58:58.077074+00:00,v0-unversioned
2026-06-01,Mokotów,4,all,all,21,20,4015.82,4535.57,5314.35,2026-06-22T03:33:33.115608+00:00,v0-unversioned
2026-06-01,Mokotów,4,direct,all,21,20,4015.82,4535.57,5314.35,2026-06-22T03:33:33.115608+00:00,v0-unversioned
2026-06-01,Mokotów,4,direct,furnished,20,19,4024.13,4481.02,5630.51,2026-06-20T03:23:06.000679+00:00,v0-unversioned
2026-06-01,Monserrat,0,all,all,556,505,654.36,843.00,1123.00,2026-06-30T03:19:34.403959+00:00,v0-unversioned
2026-06-01,Monserrat,0,platform,all,227,202,861.00,1044.00,1549.00,2026-06-30T03:19:34.403959+00:00,v0-unversioned
2026-06-01,Monserrat,0,platform,furnished,163,146,914.50,1097.00,1537.50,2026-06-30T03:19:34.403959+00:00,v0-unversioned
2026-06-01,Monserrat,0,direct,all,329,306,620.08,727.40,884.54,2026-06-30T03:19:34.403959+00:00,v0-unversioned
2026-06-01,Monserrat,0,direct,furnished,174,164,705.94,816.28,960.00,2026-06-30T03:19:34.403959+00:00,v0-unversioned
2026-06-01,Monserrat,0,direct,unfurnished,111,105,512.79,619.22,690.11,2026-06-30T03:19:34.403959+00:00,v0-unversioned
2026-06-01,Monserrat,1,all,all,1553,1442,735.00,981.96,1390.00,2026-06-30T03:19:34.403959+00:00,v0-unversioned
2026-06-01,Monserrat,1,platform,all,993,914,869.00,1177.00,1636.00,2026-06-30T03:19:34.403959+00:00,v0-unversioned
2026-06-01,Monserrat,1,platform,furnished,805,743,871.00,1178.00,1642.00,2026-06-30T03:19:34.403959+00:00,v0-unversioned
2026-06-01,Monserrat,1,direct,all,560,521,644.42,774.83,933.07,2026-06-30T03:19:34.403959+00:00,v0-unversioned
2026-06-01,Monserrat,1,direct,furnished,290,277,712.28,839.60,992.49,2026-06-30T03:19:34.403959+00:00,v0-unversioned
2026-06-01,Monserrat,1,direct,unfurnished,196,182,582.48,668.20,779.77,2026-06-30T03:19:34.403959+00:00,v0-unversioned
2026-06-01,Monserrat,2,all,all,349,330,1021.92,1384.82,1919.00,2026-06-30T03:19:34.403959+00:00,v0-unversioned
2026-06-01,Monserrat,2,platform,all,149,137,1382.00,1785.00,2362.00,2026-06-30T03:19:34.403959+00:00,v0-unversioned
2026-06-01,Monserrat,2,platform,furnished,118,109,1429.75,1831.00,2419.75,2026-06-30T03:19:34.403959+00:00,v0-unversioned
2026-06-01,Monserrat,2,direct,all,200,191,904.83,1110.79,1500.70,2026-06-30T03:19:34.403959+00:00,v0-unversioned
2026-06-01,Monserrat,2,direct,furnished,94,89,988.87,1260.79,1592.87,2026-06-30T03:19:34.403959+00:00,v0-unversioned
2026-06-01,Monserrat,2,direct,unfurnished,76,66,773.15,919.54,1151.61,2026-06-30T03:19:34.403959+00:00,v0-unversioned
2026-06-01,Monserrat,3,all,all,68,60,1201.49,1583.00,2490.50,2026-06-30T03:19:34.403959+00:00,v0-unversioned
2026-06-01,Monserrat,3,platform,all,26,25,1959.84,3163.50,4805.00,2026-06-30T03:19:34.403959+00:00,v0-unversioned
2026-06-01,Monserrat,3,direct,all,42,37,1131.60,1298.11,1525.19,2026-06-30T03:19:34.403959+00:00,v0-unversioned
2026-06-01,Monserrat,3,direct,furnished,20,19,1362.81,1456.31,1714.61,2026-06-30T03:19:34.403959+00:00,v0-unversioned
2026-06-01,Monserrat,3,direct,unfurnished,20,19,1059.25,1134.80,1209.07,2026-06-30T03:19:34.403959+00:00,v0-unversioned
2026-06-01,Monserrat,4,all,all,40,35,1935.26,3775.54,5571.50,2026-06-30T03:19:34.403959+00:00,v0-unversioned
2026-06-01,Monserrat,4,direct,all,29,23,1755.09,2124.19,4989.38,2026-06-30T03:19:34.403959+00:00,v0-unversioned
2026-06-01,Monserrat,4,direct,unfurnished,20,19,1619.00,2082.01,9824.19,2026-06-19T03:23:40.070041+00:00,v0-unversioned
2026-06-01,Monte Castro,0,all,all,66,62,543.84,596.03,687.42,2026-06-30T03:19:34.403959+00:00,v0-unversioned
2026-06-01,Monte Castro,0,direct,all,66,62,543.84,596.03,687.42,2026-06-30T03:19:34.403959+00:00,v0-unversioned
2026-06-01,Monte Castro,0,direct,unfurnished,45,43,544.72,600.74,687.37,2026-06-30T03:19:34.403959+00:00,v0-unversioned
2026-06-01,Monte Castro,1,all,all,156,147,616.24,710.65,859.29,2026-06-30T03:19:34.403959+00:00,v0-unversioned
2026-06-01,Monte Castro,1,direct,all,142,138,616.03,694.29,827.22,2026-06-30T03:19:34.403959+00:00,v0-unversioned
2026-06-01,Monte Castro,1,direct,furnished,25,23,630.93,712.08,849.33,2026-06-15T03:44:35.588311+00:00,v0-unversioned
2026-06-01,Monte Castro,1,direct,unfurnished,111,109,612.61,697.94,789.79,2026-06-30T03:19:34.403959+00:00,v0-unversioned
2026-06-01,Monte Castro,2,all,all,52,50,909.72,1059.93,1315.84,2026-06-30T03:19:34.403959+00:00,v0-unversioned
2026-06-01,Monte Castro,2,direct,all,49,47,897.60,1057.52,1306.59,2026-06-30T03:19:34.403959+00:00,v0-unversioned
2026-06-01,Monte Castro,2,direct,unfurnished,35,33,906.91,1037.52,1298.66,2026-06-30T03:19:34.403959+00:00,v0-unversioned
2026-06-01,Moreno,0,all,all,70,63,428.57,487.30,583.11,2026-06-30T03:19:34.403959+00:00,v0-unversioned
2026-06-01,Moreno,0,direct,all,70,63,428.57,487.30,583.11,2026-06-30T03:19:34.403959+00:00,v0-unversioned
2026-06-01,Moreno,0,direct,unfurnished,57,51,420.28,474.49,553.98,2026-06-30T03:19:34.403959+00:00,v0-unversioned
2026-06-01,Moreno,1,all,all,292,274,441.65,521.55,664.10,2026-06-30T03:19:34.403959+00:00,v0-unversioned
2026-06-01,Moreno,1,direct,all,292,274,441.65,521.55,664.10,2026-06-30T03:19:34.403959+00:00,v0-unversioned
2026-06-01,Moreno,1,direct,furnished,40,39,473.64,620.95,767.33,2026-06-15T03:44:35.588311+00:00,v0-unversioned
2026-06-01,Moreno,1,direct,unfurnished,257,241,437.53,512.17,645.28,2026-06-30T03:19:34.403959+00:00,v0-unversioned
2026-06-01,Moreno,2,all,all,171,159,705.01,842.19,1120.39,2026-06-30T03:19:34.403959+00:00,v0-unversioned
2026-06-01,Moreno,2,direct,all,171,159,705.01,842.19,1120.39,2026-06-30T03:19:34.403959+00:00,v0-unversioned
2026-06-01,Moreno,2,direct,furnished,37,36,775.68,1021.61,1317.85,2026-06-15T03:44:35.588311+00:00,v0-unversioned
2026-06-01,Moreno,2,direct,unfurnished,137,127,700.12,824.44,1065.43,2026-06-30T03:19:34.403959+00:00,v0-unversioned
2026-06-01,Moreno,3,all,all,43,37,2239.70,2745.61,4186.92,2026-06-30T03:19:34.403959+00:00,v0-unversioned
2026-06-01,Moreno,3,direct,all,43,37,2239.70,2745.61,4186.92,2026-06-30T03:19:34.403959+00:00,v0-unversioned
2026-06-01,Moreno,3,direct,furnished,20,17,2475.75,2926.06,4079.74,2026-06-09T03:38:17.706176+00:00,v0-unversioned
2026-06-01,Moreno,3,direct,unfurnished,20,18,1749.10,2690.12,3400.95,2026-06-15T03:44:35.588311+00:00,v0-unversioned
2026-06-01,Moreno,4,all,all,32,30,3131.48,4281.07,10705.59,2026-06-30T03:19:34.403959+00:00,v0-unversioned
2026-06-01,Moreno,4,direct,all,32,30,3131.48,4281.07,10705.59,2026-06-30T03:19:34.403959+00:00,v0-unversioned
2026-06-01,Morón,0,all,all,482,465,391.55,434.58,486.20,2026-06-30T03:19:34.403959+00:00,v0-unversioned
2026-06-01,Morón,0,direct,all,481,464,391.55,434.50,483.77,2026-06-30T03:19:34.403959+00:00,v0-unversioned
2026-06-01,Morón,0,direct,furnished,21,21,416.57,459.14,547.18,2026-06-30T03:19:34.403959+00:00,v0-unversioned
2026-06-01,Morón,0,direct,unfurnished,408,393,388.13,429.19,478.48,2026-06-30T03:19:34.403959+00:00,v0-unversioned
2026-06-01,Morón,1,all,all,1789,1704,478.47,547.41,632.41,2026-06-30T03:19:34.403959+00:00,v0-unversioned
2026-06-01,Morón,1,platform,all,28,23,870.75,1087.50,1509.04,2026-06-30T03:19:34.403959+00:00,v0-unversioned
2026-06-01,Morón,1,platform,furnished,21,16,896.00,1015.00,1236.00,2026-06-30T03:19:34.403959+00:00,v0-unversioned
2026-06-01,Morón,1,direct,all,1761,1692,478.12,544.91,628.83,2026-06-30T03:19:34.403959+00:00,v0-unversioned
2026-06-01,Morón,1,direct,furnished,72,69,587.63,690.56,782.28,2026-06-30T03:19:34.403959+00:00,v0-unversioned
2026-06-01,Morón,1,direct,unfurnished,1433,1382,471.91,534.76,613.53,2026-06-30T03:19:34.403959+00:00,v0-unversioned
2026-06-01,Morón,2,all,all,538,520,678.72,824.03,1074.77,2026-06-30T03:19:34.403959+00:00,v0-unversioned
2026-06-01,Morón,2,direct,all,536,518,678.40,824.72,1075.20,2026-06-30T03:19:34.403959+00:00,v0-unversioned
2026-06-01,Morón,2,direct,furnished,31,30,799.57,980.31,1245.53,2026-06-22T03:33:33.115608+00:00,v0-unversioned
2026-06-01,Morón,2,direct,unfurnished,418,399,671.59,797.64,1028.05,2026-06-30T03:19:34.403959+00:00,v0-unversioned
2026-06-01,Morón,3,all,all,179,176,884.27,1394.14,1852.15,2026-06-30T03:19:34.403959+00:00,v0-unversioned
2026-06-01,Morón,3,direct,all,178,176,882.23,1394.14,1837.52,2026-06-30T03:19:34.403959+00:00,v0-unversioned
2026-06-01,Morón,3,direct,furnished,49,49,991.30,1469.71,1903.20,2026-06-15T03:44:35.588311+00:00,v0-unversioned
2026-06-01,Morón,3,direct,unfurnished,118,117,845.92,1206.97,1699.91,2026-06-30T03:19:34.403959+00:00,v0-unversioned
2026-06-01,Morón,4,all,all,38,35,1118.82,1821.24,2670.67,2026-06-30T03:19:34.403959+00:00,v0-unversioned
2026-06-01,Morón,4,direct,all,38,35,1118.82,1821.24,2670.67,2026-06-30T03:19:34.403959+00:00,v0-unversioned
2026-06-01,Morón,4,direct,unfurnished,24,21,918.10,1404.21,1991.13,2026-06-30T03:19:34.403959+00:00,v0-unversioned
2026-06-01,Munro,1,all,all,20,18,601.61,810.55,1328.50,2026-06-22T03:33:33.115608+00:00,v0-unversioned
2026-06-01,Munro,1,direct,all,22,20,593.61,678.63,843.92,2026-06-19T03:23:40.070041+00:00,v0-unversioned
2026-06-01,Munro,1,direct,unfurnished,20,18,599.63,681.08,775.59,2026-06-15T03:44:35.588311+00:00,v0-unversioned
2026-06-01,Munro,2,all,all,23,21,837.82,978.48,1360.78,2026-06-15T03:44:35.588311+00:00,v0-unversioned
2026-06-01,Munro,2,direct,all,21,18,834.02,951.02,1152.23,2026-06-15T03:44:35.588311+00:00,v0-unversioned
2026-06-01,Nueva Pompeya,0,all,all,20,18,478.66,584.77,641.21,2026-06-26T06:27:53.628821+00:00,v0-unversioned
2026-06-01,Nueva Pompeya,0,direct,all,20,18,478.66,584.77,641.21,2026-06-26T06:27:53.628821+00:00,v0-unversioned
2026-06-01,Nueva Pompeya,1,all,all,38,37,498.96,571.31,742.16,2026-06-30T03:19:34.403959+00:00,v0-unversioned
2026-06-01,Nueva Pompeya,1,direct,all,29,27,522.82,570.06,697.33,2026-06-30T03:19:34.403959+00:00,v0-unversioned
2026-06-01,Nueva Pompeya,1,direct,unfurnished,22,21,493.92,565.48,630.98,2026-06-30T03:19:34.403959+00:00,v0-unversioned
2026-06-01,Nueva Pompeya,2,all,all,27,26,640.94,812.44,964.61,2026-06-30T03:19:34.403959+00:00,v0-unversioned
2026-06-01,Nueva Pompeya,2,direct,all,26,26,636.20,783.99,957.27,2026-06-30T03:19:34.403959+00:00,v0-unversioned
2026-06-01,Nueva Pompeya,2,direct,unfurnished,21,21,627.61,747.55,909.44,2026-06-30T03:19:34.403959+00:00,v0-unversioned
2026-06-01,Núñez,0,all,all,317,296,718.81,849.27,1077.78,2026-06-30T03:19:34.403959+00:00,v0-unversioned
2026-06-01,Núñez,0,platform,all,56,51,1094.00,1361.00,1681.25,2026-06-30T03:19:34.403959+00:00,v0-unversioned
2026-06-01,Núñez,0,platform,furnished,43,38,1106.50,1384.00,1700.50,2026-06-30T03:19:34.403959+00:00,v0-unversioned
2026-06-01,Núñez,0,direct,all,261,240,697.69,794.69,913.21,2026-06-30T03:19:34.403959+00:00,v0-unversioned
2026-06-01,Núñez,0,direct,furnished,74,72,739.03,855.86,986.89,2026-06-30T03:19:34.403959+00:00,v0-unversioned
2026-06-01,Núñez,0,direct,unfurnished,148,137,677.58,780.09,893.72,2026-06-30T03:19:34.403959+00:00,v0-unversioned
2026-06-01,Núñez,1,all,all,933,893,882.94,1194.08,1547.57,2026-06-30T03:19:34.403959+00:00,v0-unversioned
2026-06-01,Núñez,1,platform,all,316,289,1151.00,1417.50,1806.50,2026-06-30T03:19:34.403959+00:00,v0-unversioned
2026-06-01,Núñez,1,platform,furnished,272,246,1151.00,1417.50,1819.00,2026-06-30T03:19:34.403959+00:00,v0-unversioned
2026-06-01,Núñez,1,direct,all,617,604,802.31,1076.17,1386.39,2026-06-30T03:19:34.403959+00:00,v0-unversioned
2026-06-01,Núñez,1,direct,furnished,189,184,1023.48,1277.38,1529.33,2026-06-30T03:19:34.403959+00:00,v0-unversioned
2026-06-01,Núñez,1,direct,unfurnished,340,327,746.73,955.63,1279.34,2026-06-30T03:19:34.403959+00:00,v0-unversioned
2026-06-01,Núñez,2,all,all,352,336,1258.41,1693.70,2463.25,2026-06-30T03:19:34.403959+00:00,v0-unversioned
2026-06-01,Núñez,2,platform,all,74,69,1721.25,2463.50,3499.56,2026-06-30T03:19:34.403959+00:00,v0-unversioned
2026-06-01,Núñez,2,platform,furnished,62,59,1705.25,2433.00,3662.75,2026-06-30T03:19:34.403959+00:00,v0-unversioned
2026-06-01,Núñez,2,direct,all,278,269,1194.63,1608.75,2170.20,2026-06-30T03:19:34.403959+00:00,v0-unversioned
2026-06-01,Núñez,2,direct,furnished,78,75,1474.16,2009.55,2637.68,2026-06-30T03:19:34.403959+00:00,v0-unversioned
2026-06-01,Núñez,2,direct,unfurnished,160,146,1038.04,1345.17,1783.35,2026-06-30T03:19:34.403959+00:00,v0-unversioned
2026-06-01,Núñez,3,all,all,145,145,1849.60,3729.00,5818.67,2026-06-30T03:19:34.403959+00:00,v0-unversioned
2026-06-01,Núñez,3,direct,all,131,131,1803.77,3729.00,6085.15,2026-06-30T03:19:34.403959+00:00,v0-unversioned
2026-06-01,Núñez,3,direct,furnished,59,59,2082.13,4153.24,5794.34,2026-06-30T03:19:34.403959+00:00,v0-unversioned
2026-06-01,Núñez,3,direct,unfurnished,56,56,1626.49,2940.21,7925.15,2026-06-30T03:19:34.403959+00:00,v0-unversioned
2026-06-01,Núñez,4,all,all,42,42,5273.91,9327.11,10992.98,2026-06-30T03:19:34.403959+00:00,v0-unversioned
2026-06-01,Núñez,4,direct,all,41,41,5143.03,9045.64,10788.91,2026-06-30T03:19:34.403959+00:00,v0-unversioned
2026-06-01,Núñez,4,direct,furnished,29,29,4275.30,7705.00,11539.58,2026-06-15T03:44:35.588311+00:00,v0-unversioned
2026-06-01,Ochota,0,all,all,23,20,816.43,883.14,981.64,2026-06-22T03:33:33.115608+00:00,v0-unversioned
2026-06-01,Ochota,0,direct,all,23,20,816.43,883.14,981.64,2026-06-22T03:33:33.115608+00:00,v0-unversioned
2026-06-01,Ochota,0,direct,furnished,22,20,844.22,886.28,985.01,2026-06-22T03:33:33.115608+00:00,v0-unversioned
2026-06-01,Ochota,1,all,all,42,42,1083.65,1261.00,1390.21,2026-06-30T03:19:34.403959+00:00,v0-unversioned
2026-06-01,Ochota,1,direct,all,42,42,1083.65,1261.00,1390.21,2026-06-30T03:19:34.403959+00:00,v0-unversioned
2026-06-01,Ochota,1,direct,furnished,42,42,1083.65,1261.00,1390.21,2026-06-30T03:19:34.403959+00:00,v0-unversioned
2026-06-01,Ochota,2,all,all,20,19,1535.42,1713.84,2177.14,2026-06-19T03:23:40.070041+00:00,v0-unversioned
2026-06-01,Ochota,2,direct,all,20,19,1535.42,1713.84,2177.14,2026-06-19T03:23:40.070041+00:00,v0-unversioned
2026-06-01,Ochota,2,direct,furnished,23,23,1563.57,1736.32,2227.24,2026-06-15T03:44:35.588311+00:00,v0-unversioned
2026-06-01,Ochota,3,all,all,23,23,2337.54,3187.21,3886.40,2026-06-12T04:58:58.077074+00:00,v0-unversioned
2026-06-01,Ochota,3,direct,all,23,23,2337.54,3187.21,3886.40,2026-06-12T04:58:58.077074+00:00,v0-unversioned
2026-06-01,Ochota,3,direct,furnished,20,20,2336.07,3064.24,3337.05,2026-06-12T04:58:58.077074+00:00,v0-unversioned
2026-06-01,Olivos,0,all,all,72,68,595.59,721.55,1081.53,2026-06-30T03:19:34.403959+00:00,v0-unversioned
2026-06-01,Olivos,0,direct,all,61,57,568.22,693.56,818.05,2026-06-30T03:19:34.403959+00:00,v0-unversioned
2026-06-01,Olivos,0,direct,furnished,20,19,815.22,916.74,1166.67,2026-06-22T03:33:33.115608+00:00,v0-unversioned
2026-06-01,Olivos,0,direct,unfurnished,37,36,527.75,604.32,701.95,2026-06-30T03:19:34.403959+00:00,v0-unversioned
2026-06-01,Olivos,1,all,all,234,223,749.65,1127.25,1579.16,2026-06-30T03:19:34.403959+00:00,v0-unversioned
2026-06-01,Olivos,1,platform,all,58,57,1288.75,1748.56,2462.25,2026-06-30T03:19:34.403959+00:00,v0-unversioned
2026-06-01,Olivos,1,platform,furnished,52,51,1308.25,1726.06,2451.75,2026-06-30T03:19:34.403959+00:00,v0-unversioned
2026-06-01,Olivos,1,direct,all,176,170,709.77,942.75,1330.68,2026-06-30T03:19:34.403959+00:00,v0-unversioned
2026-06-01,Olivos,1,direct,furnished,24,24,1024.64,1372.19,1832.90,2026-06-22T03:33:33.115608+00:00,v0-unversioned
2026-06-01,Olivos,1,direct,unfurnished,129,126,697.97,821.93,1252.28,2026-06-30T03:19:34.403959+00:00,v0-unversioned
2026-06-01,Olivos,2,all,all,179,173,1169.14,1433.00,1967.11,2026-06-30T03:19:34.403959+00:00,v0-unversioned
2026-06-01,Olivos,2,direct,all,160,155,1138.06,1367.19,1882.30,2026-06-30T03:19:34.403959+00:00,v0-unversioned
2026-06-01,Olivos,2,direct,furnished,20,20,1571.30,2192.63,2728.51,2026-06-30T03:19:34.403959+00:00,v0-unversioned
2026-06-01,Olivos,2,direct,unfurnished,113,107,1120.35,1336.71,1690.12,2026-06-30T03:19:34.403959+00:00,v0-unversioned
2026-06-01,Olivos,3,all,all,61,61,2059.72,3566.87,4386.71,2026-06-30T03:19:34.403959+00:00,v0-unversioned
2026-06-01,Olivos,3,direct,all,57,57,2016.14,3552.68,4342.20,2026-06-30T03:19:34.403959+00:00,v0-unversioned
2026-06-01,Olivos,3,direct,furnished,22,22,3213.11,3977.03,4607.71,2026-06-14T04:49:34.092151+00:00,v0-unversioned
2026-06-01,Olivos,3,direct,unfurnished,33,33,1896.65,2981.46,4219.85,2026-06-30T03:19:34.403959+00:00,v0-unversioned
2026-06-01,Olivos,4,all,all,21,21,4303.25,6670.54,8031.48,2026-06-30T03:19:34.403959+00:00,v0-unversioned
2026-06-01,Olivos,4,direct,all,20,20,4469.08,6670.54,8031.48,2026-06-30T03:19:34.403959+00:00,v0-unversioned
2026-06-01,Otwock,1,all,all,20,20,898.67,1001.25,1110.73,2026-06-11T05:01:17.108236+00:00,v0-unversioned
2026-06-01,Otwock,1,direct,all,20,20,898.67,1001.25,1110.73,2026-06-11T05:01:17.108236+00:00,v0-unversioned
2026-06-01,Otwock,1,direct,furnished,21,21,984.08,1049.77,1126.28,2026-06-02T03:45:40.362159+00:00,v0-unversioned
2026-06-01,Ożarów Mazowiecki,1,all,all,24,24,965.97,1013.08,1079.80,2026-06-12T04:58:58.077074+00:00,v0-unversioned
2026-06-01,Ożarów Mazowiecki,1,direct,all,24,24,965.97,1013.08,1079.80,2026-06-12T04:58:58.077074+00:00,v0-unversioned
2026-06-01,Ożarów Mazowiecki,1,direct,furnished,24,24,965.97,1013.08,1079.80,2026-06-12T04:58:58.077074+00:00,v0-unversioned
2026-06-01,Palermo,0,all,all,3486,3304,820.66,1065.15,1391.93,2026-06-30T03:19:34.403959+00:00,v0-unversioned
2026-06-01,Palermo,0,platform,all,1470,1347,1171.25,1393.50,1770.00,2026-06-30T03:19:34.403959+00:00,v0-unversioned
2026-06-01,Palermo,0,platform,furnished,1171,1065,1158.50,1379.00,1734.50,2026-06-30T03:19:34.403959+00:00,v0-unversioned
2026-06-01,Palermo,0,direct,all,2016,1938,720.22,873.72,1061.12,2026-06-30T03:19:34.403959+00:00,v0-unversioned
2026-06-01,Palermo,0,direct,furnished,1083,1031,834.33,975.48,1141.90,2026-06-30T03:19:34.403959+00:00,v0-unversioned
2026-06-01,Palermo,0,direct,unfurnished,673,640,625.78,731.27,854.50,2026-06-30T03:19:34.403959+00:00,v0-unversioned
2026-06-01,Palermo,1,all,all,10431,9804,983.60,1291.00,1758.00,2026-06-30T03:19:34.403959+00:00,v0-unversioned
2026-06-01,Palermo,1,platform,all,5822,5418,1156.00,1504.14,1995.50,2026-06-30T03:19:34.403959+00:00,v0-unversioned
2026-06-01,Palermo,1,platform,furnished,4657,4335,1151.00,1496.00,1988.00,2026-06-30T03:19:34.403959+00:00,v0-unversioned
2026-06-01,Palermo,1,direct,all,4609,4393,849.70,1086.33,1401.40,2026-06-30T03:19:34.403959+00:00,v0-unversioned
2026-06-01,Palermo,1,direct,furnished,2538,2411,952.89,1179.44,1523.13,2026-06-30T03:19:34.403959+00:00,v0-unversioned
2026-06-01,Palermo,1,direct,unfurnished,1518,1441,731.69,889.05,1158.44,2026-06-30T03:19:34.403959+00:00,v0-unversioned
2026-06-01,Palermo,2,all,all,3168,3015,1529.25,2084.20,2987.99,2026-06-30T03:19:34.403959+00:00,v0-unversioned
2026-06-01,Palermo,2,platform,all,1206,1145,1905.50,2622.50,3756.25,2026-06-30T03:19:34.403959+00:00,v0-unversioned
2026-06-01,Palermo,2,platform,furnished,940,896,1905.00,2611.00,3733.25,2026-06-30T03:19:34.403959+00:00,v0-unversioned
2026-06-01,Palermo,2,direct,all,1962,1883,1361.63,1818.29,2586.72,2026-06-30T03:19:34.403959+00:00,v0-unversioned
2026-06-01,Palermo,2,direct,furnished,1083,1041,1552.79,2025.78,2737.14,2026-06-30T03:19:34.403959+00:00,v0-unversioned
2026-06-01,Palermo,2,direct,unfurnished,615,577,1156.28,1508.48,2086.35,2026-06-30T03:19:34.403959+00:00,v0-unversioned
2026-06-01,Palermo,3,all,all,1025,939,2087.40,2992.60,4691.40,2026-06-30T03:19:34.403959+00:00,v0-unversioned
2026-06-01,Palermo,3,platform,all,273,263,2652.00,3740.00,6505.00,2026-06-30T03:19:34.403959+00:00,v0-unversioned
2026-06-01,Palermo,3,platform,furnished,204,198,2570.00,3627.00,6633.75,2026-06-30T03:19:34.403959+00:00,v0-unversioned
2026-06-01,Palermo,3,direct,all,752,682,1877.29,2737.52,4142.30,2026-06-30T03:19:34.403959+00:00,v0-unversioned
2026-06-01,Palermo,3,direct,furnished,270,252,1984.58,2781.64,4236.29,2026-06-30T03:19:34.403959+00:00,v0-unversioned
2026-06-01,Palermo,3,direct,unfurnished,338,301,1749.07,2503.66,3965.02,2026-06-30T03:19:34.403959+00:00,v0-unversioned
2026-06-01,Palermo,4,all,all,316,306,3645.87,5574.47,10486.50,2026-06-30T03:19:34.403959+00:00,v0-unversioned
2026-06-01,Palermo,4,platform,all,122,117,5165.00,8701.00,13062.50,2026-06-30T03:19:34.403959+00:00,v0-unversioned
2026-06-01,Palermo,4,platform,furnished,86,82,5022.00,8578.00,13513.25,2026-06-30T03:19:34.403959+00:00,v0-unversioned
2026-06-01,Palermo,4,direct,all,194,174,3375.67,4617.51,6821.37,2026-06-30T03:19:34.403959+00:00,v0-unversioned
2026-06-01,Palermo,4,direct,furnished,68,61,3432.96,4981.76,6957.05,2026-06-30T03:19:34.403959+00:00,v0-unversioned
2026-06-01,Palermo,4,direct,unfurnished,74,62,3336.10,4354.29,6003.26,2026-06-30T03:19:34.403959+00:00,v0-unversioned
2026-06-01,Parque Avellaneda,0,all,all,20,20,578.60,617.40,671.99,2026-06-30T03:19:34.403959+00:00,v0-unversioned
2026-06-01,Parque Avellaneda,0,direct,all,20,20,578.60,617.40,671.99,2026-06-30T03:19:34.403959+00:00,v0-unversioned
2026-06-01,Parque Avellaneda,0,direct,unfurnished,20,20,578.60,617.40,671.99,2026-06-30T03:19:34.403959+00:00,v0-unversioned
2026-06-01,Parque Avellaneda,1,all,all,78,71,544.66,648.55,762.64,2026-06-30T03:19:34.403959+00:00,v0-unversioned
2026-06-01,Parque Avellaneda,1,direct,all,59,59,539.87,631.06,714.46,2026-06-30T03:19:34.403959+00:00,v0-unversioned
2026-06-01,Parque Avellaneda,1,direct,unfurnished,50,49,539.48,634.79,698.05,2026-06-30T03:19:34.403959+00:00,v0-unversioned
2026-06-01,Parque Avellaneda,2,all,all,42,38,756.17,841.03,1005.83,2026-06-30T03:19:34.403959+00:00,v0-unversioned
2026-06-01,Parque Avellaneda,2,direct,all,41,37,751.47,841.03,991.65,2026-06-30T03:19:34.403959+00:00,v0-unversioned
2026-06-01,Parque Avellaneda,2,direct,unfurnished,28,26,765.58,837.09,969.94,2026-06-30T03:19:34.403959+00:00,v0-unversioned
2026-06-01,Parque Chacabuco,0,all,all,95,94,520.59,697.00,795.70,2026-06-30T03:19:34.403959+00:00,v0-unversioned
2026-06-01,Parque Chacabuco,0,direct,all,94,94,516.37,696.39,794.46,2026-06-30T03:19:34.403959+00:00,v0-unversioned
2026-06-01,Parque Chacabuco,0,direct,furnished,22,21,731.11,818.98,1023.34,2026-06-05T03:32:33.779023+00:00,v0-unversioned
2026-06-01,Parque Chacabuco,0,direct,unfurnished,71,71,473.56,625.00,780.69,2026-06-30T03:19:34.403959+00:00,v0-unversioned
2026-06-01,Parque Chacabuco,1,all,all,235,228,695.97,807.67,1032.81,2026-06-30T03:19:34.403959+00:00,v0-unversioned
2026-06-01,Parque Chacabuco,1,platform,all,40,38,962.50,1199.00,1353.25,2026-06-30T03:19:34.403959+00:00,v0-unversioned
2026-06-01,Parque Chacabuco,1,platform,furnished,32,30,859.50,1204.50,1353.25,2026-06-30T03:19:34.403959+00:00,v0-unversioned
2026-06-01,Parque Chacabuco,1,direct,all,195,191,672.81,783.52,936.40,2026-06-30T03:19:34.403959+00:00,v0-unversioned
2026-06-01,Parque Chacabuco,1,direct,furnished,27,27,782.95,956.36,1114.50,2026-06-30T03:19:34.403959+00:00,v0-unversioned
2026-06-01,Parque Chacabuco,1,direct,unfurnished,133,126,667.16,757.86,865.03,2026-06-30T03:19:34.403959+00:00,v0-unversioned
2026-06-01,Parque Chacabuco,2,all,all,82,78,968.17,1215.90,1450.38,2026-06-30T03:19:34.403959+00:00,v0-unversioned
2026-06-01,Parque Chacabuco,2,direct,all,71,70,924.73,1133.69,1302.53,2026-06-30T03:19:34.403959+00:00,v0-unversioned
2026-06-01,Parque Chacabuco,2,direct,furnished,20,19,904.03,1284.68,1427.40,2026-06-15T03:44:35.588311+00:00,v0-unversioned
2026-06-01,Parque Chacabuco,2,direct,unfurnished,55,55,962.89,1082.70,1264.13,2026-06-30T03:19:34.403959+00:00,v0-unversioned
2026-06-01,Parque Chacabuco,3,all,all,22,18,994.53,1322.38,1820.70,2026-06-18T03:18:17.697306+00:00,v0-unversioned
2026-06-01,Parque Chacabuco,3,direct,all,21,17,991.91,1278.83,1622.71,2026-06-18T03:18:17.697306+00:00,v0-unversioned
2026-06-01,Parque Chacabuco,3,direct,unfurnished,21,18,1002.39,1273.12,1612.30,2026-06-15T03:44:35.588311+00:00,v0-unversioned
2026-06-01,Parque Chas,0,all,all,76,72,600.42,662.23,754.59,2026-06-30T03:19:34.403959+00:00,v0-unversioned
2026-06-01,Parque Chas,0,direct,all,68,64,607.38,657.35,722.32,2026-06-30T03:19:34.403959+00:00,v0-unversioned
2026-06-01,Parque Chas,0,direct,furnished,33,31,628.21,726.56,829.83,2026-06-15T03:44:35.588311+00:00,v0-unversioned
2026-06-01,Parque Chas,0,direct,unfurnished,46,45,589.34,653.40,689.17,2026-06-30T03:19:34.403959+00:00,v0-unversioned
2026-06-01,Parque Chas,1,all,all,128,124,692.61,881.86,1025.72,2026-06-30T03:19:34.403959+00:00,v0-unversioned
2026-06-01,Parque Chas,1,platform,all,34,33,864.75,1068.00,1327.75,2026-06-30T03:19:34.403959+00:00,v0-unversioned
2026-06-01,Parque Chas,1,platform,furnished,22,21,924.00,1200.50,1461.69,2026-06-30T03:19:34.403959+00:00,v0-unversioned
2026-06-01,Parque Chas,1,direct,all,94,94,686.91,819.63,949.94,2026-06-30T03:19:34.403959+00:00,v0-unversioned
2026-06-01,Parque Chas,1,direct,furnished,34,34,698.58,942.55,1025.36,2026-06-30T03:19:34.403959+00:00,v0-unversioned
2026-06-01,Parque Chas,1,direct,unfurnished,51,51,662.07,776.92,906.82,2026-06-30T03:19:34.403959+00:00,v0-unversioned
2026-06-01,Parque Chas,2,all,all,24,23,975.35,1237.19,1449.94,2026-06-30T03:19:34.403959+00:00,v0-unversioned
2026-06-01,Parque Chas,2,direct,all,21,20,1009.48,1220.14,1415.82,2026-06-26T06:27:53.628821+00:00,v0-unversioned
2026-06-01,Parque Patricios,0,all,all,38,35,568.69,674.83,800.72,2026-06-30T03:19:34.403959+00:00,v0-unversioned
2026-06-01,Parque Patricios,0,direct,all,33,32,564.72,631.42,766.31,2026-06-30T03:19:34.403959+00:00,v0-unversioned
2026-06-01,Parque Patricios,0,direct,furnished,21,21,770.94,909.33,1129.22,2026-06-08T03:43:39.261583+00:00,v0-unversioned
2026-06-01,Parque Patricios,0,direct,unfurnished,21,20,556.07,617.91,677.09,2026-06-30T03:19:34.403959+00:00,v0-unversioned
2026-06-01,Parque Patricios,1,all,all,145,134,653.23,748.53,1001.51,2026-06-30T03:19:34.403959+00:00,v0-unversioned
2026-06-01,Parque Patricios,1,platform,all,54,51,803.75,1085.00,1325.25,2026-06-30T03:19:34.403959+00:00,v0-unversioned
2026-06-01,Parque Patricios,1,platform,furnished,47,44,851.50,1100.00,1324.50,2026-06-30T03:19:34.403959+00:00,v0-unversioned
2026-06-01,Parque Patricios,1,direct,all,91,81,650.95,701.46,766.07,2026-06-30T03:19:34.403959+00:00,v0-unversioned
2026-06-01,Parque Patricios,1,direct,furnished,27,26,717.93,786.01,923.03,2026-06-15T03:44:35.588311+00:00,v0-unversioned
2026-06-01,Parque Patricios,1,direct,unfurnished,61,57,647.06,677.82,735.86,2026-06-30T03:19:34.403959+00:00,v0-unversioned
2026-06-01,Parque Patricios,2,all,all,50,45,783.17,872.79,980.79,2026-06-30T03:19:34.403959+00:00,v0-unversioned
2026-06-01,Parque Patricios,2,direct,all,48,45,782.72,871.60,964.78,2026-06-30T03:19:34.403959+00:00,v0-unversioned
2026-06-01,Parque Patricios,2,direct,unfurnished,39,37,772.14,860.06,943.74,2026-06-30T03:19:34.403959+00:00,v0-unversioned
2026-06-01,Pilar,0,all,all,120,119,527.70,698.12,829.60,2026-06-30T03:19:34.403959+00:00,v0-unversioned
2026-06-01,Pilar,0,direct,all,120,119,527.70,698.12,829.60,2026-06-30T03:19:34.403959+00:00,v0-unversioned
2026-06-01,Pilar,0,direct,furnished,39,38,692.17,740.94,848.85,2026-06-30T03:19:34.403959+00:00,v0-unversioned
2026-06-01,Pilar,0,direct,unfurnished,51,51,439.81,518.16,732.71,2026-06-30T03:19:34.403959+00:00,v0-unversioned
2026-06-01,Pilar,1,all,all,379,368,621.67,761.37,958.53,2026-06-30T03:19:34.403959+00:00,v0-unversioned
2026-06-01,Pilar,1,direct,all,379,368,621.67,761.37,958.53,2026-06-30T03:19:34.403959+00:00,v0-unversioned
2026-06-01,Pilar,1,direct,furnished,74,71,726.18,901.54,1158.86,2026-06-30T03:19:34.403959+00:00,v0-unversioned
2026-06-01,Pilar,1,direct,unfurnished,233,221,582.46,717.93,835.80,2026-06-30T03:19:34.403959+00:00,v0-unversioned
2026-06-01,Pilar,2,all,all,253,235,864.18,1081.59,1333.28,2026-06-30T03:19:34.403959+00:00,v0-unversioned
2026-06-01,Pilar,2,direct,all,253,235,864.18,1081.59,1333.28,2026-06-30T03:19:34.403959+00:00,v0-unversioned
2026-06-01,Pilar,2,direct,furnished,25,22,1241.80,1403.91,1888.63,2026-06-30T03:19:34.403959+00:00,v0-unversioned
2026-06-01,Pilar,2,direct,unfurnished,166,158,812.97,1000.28,1260.96,2026-06-30T03:19:34.403959+00:00,v0-unversioned
2026-06-01,Pilar,3,all,all,204,192,1762.07,2312.29,3588.71,2026-06-30T03:19:34.403959+00:00,v0-unversioned
2026-06-01,Pilar,3,direct,all,204,192,1762.07,2312.29,3588.71,2026-06-30T03:19:34.403959+00:00,v0-unversioned
2026-06-01,Pilar,3,direct,furnished,83,76,2377.51,3341.84,5087.33,2026-06-30T03:19:34.403959+00:00,v0-unversioned
2026-06-01,Pilar,3,direct,unfurnished,80,75,1538.56,1916.45,2573.24,2026-06-30T03:19:34.403959+00:00,v0-unversioned
2026-06-01,Pilar,4,all,all,108,104,2333.92,3851.83,6566.92,2026-06-30T03:19:34.403959+00:00,v0-unversioned
2026-06-01,Pilar,4,direct,all,108,104,2333.92,3851.83,6566.92,2026-06-30T03:19:34.403959+00:00,v0-unversioned
2026-06-01,Pilar,4,direct,furnished,50,46,2377.24,3939.73,6720.09,2026-06-30T03:19:34.403959+00:00,v0-unversioned
2026-06-01,Pilar,4,direct,unfurnished,30,30,1903.85,3842.59,7230.34,2026-06-30T03:19:34.403959+00:00,v0-unversioned
2026-06-01,Praga-Północ,0,all,all,20,19,912.92,980.71,1074.67,2026-06-27T08:47:44.439337+00:00,v0-unversioned
2026-06-01,Praga-Północ,0,direct,all,20,19,912.92,980.71,1074.67,2026-06-27T08:47:44.439337+00:00,v0-unversioned
2026-06-01,Praga-Północ,0,direct,furnished,20,19,912.92,980.71,1074.67,2026-06-27T08:47:44.439337+00:00,v0-unversioned
2026-06-01,Praga-Północ,1,all,all,49,47,1102.47,1154.04,1326.13,2026-06-30T03:19:34.403959+00:00,v0-unversioned
2026-06-01,Praga-Północ,1,direct,all,49,47,1102.47,1154.04,1326.13,2026-06-30T03:19:34.403959+00:00,v0-unversioned
2026-06-01,Praga-Północ,1,direct,furnished,48,47,1103.14,1154.49,1336.25,2026-06-30T03:19:34.403959+00:00,v0-unversioned
2026-06-01,Praga-Północ,2,all,all,21,21,1694.99,2037.84,2787.67,2026-06-22T03:33:33.115608+00:00,v0-unversioned
2026-06-01,Praga-Północ,2,direct,all,21,21,1694.99,2037.84,2787.67,2026-06-22T03:33:33.115608+00:00,v0-unversioned
2026-06-01,Praga-Północ,2,direct,furnished,20,20,1681.87,2056.03,2922.64,2026-06-22T03:33:33.115608+00:00,v0-unversioned
2026-06-01,Praga-Południe,0,all,all,26,24,854.97,913.55,981.43,2026-06-30T03:19:34.403959+00:00,v0-unversioned
2026-06-01,Praga-Południe,0,direct,all,26,24,854.97,913.55,981.43,2026-06-30T03:19:34.403959+00:00,v0-unversioned
2026-06-01,Praga-Południe,0,direct,furnished,26,24,854.97,913.55,981.43,2026-06-30T03:19:34.403959+00:00,v0-unversioned
2026-06-01,Praga-Południe,1,all,all,78,73,1062.51,1132.54,1221.74,2026-06-30T03:19:34.403959+00:00,v0-unversioned
2026-06-01,Praga-Południe,1,direct,all,78,73,1062.51,1132.54,1221.74,2026-06-30T03:19:34.403959+00:00,v0-unversioned
2026-06-01,Praga-Południe,1,direct,furnished,78,73,1062.51,1132.54,1221.74,2026-06-30T03:19:34.403959+00:00,v0-unversioned
2026-06-01,Praga-Południe,2,all,all,35,34,1417.97,1529.72,1729.02,2026-06-30T03:19:34.403959+00:00,v0-unversioned
2026-06-01,Praga-Południe,2,direct,all,35,34,1417.97,1529.72,1729.02,2026-06-30T03:19:34.403959+00:00,v0-unversioned
2026-06-01,Praga-Południe,2,direct,furnished,34,32,1408.92,1529.32,1706.97,2026-06-30T03:19:34.403959+00:00,v0-unversioned
2026-06-01,Praga-Południe,3,all,all,34,34,1845.06,2293.91,4005.31,2026-06-12T04:58:58.077074+00:00,v0-unversioned
2026-06-01,Praga-Południe,3,direct,all,34,34,1845.06,2293.91,4005.31,2026-06-12T04:58:58.077074+00:00,v0-unversioned
2026-06-01,Praga-Południe,3,direct,furnished,30,30,1820.84,2152.45,4236.63,2026-06-12T04:58:58.077074+00:00,v0-unversioned
2026-06-01,Presidente Perón,2,all,all,20,16,819.60,862.85,1092.62,2026-06-30T03:19:34.403959+00:00,v0-unversioned
2026-06-01,Presidente Perón,2,direct,all,20,16,819.60,862.85,1092.62,2026-06-30T03:19:34.403959+00:00,v0-unversioned
2026-06-01,Presidente Perón,3,all,all,110,106,2156.63,2861.23,4139.56,2026-06-30T03:19:34.403959+00:00,v0-unversioned
2026-06-01,Presidente Perón,3,direct,all,110,106,2156.63,2861.23,4139.56,2026-06-30T03:19:34.403959+00:00,v0-unversioned
2026-06-01,Presidente Perón,3,direct,furnished,51,49,2414.68,3197.90,4568.27,2026-06-30T03:19:34.403959+00:00,v0-unversioned
2026-06-01,Presidente Perón,3,direct,unfurnished,41,40,2114.65,2897.17,3781.44,2026-06-30T03:19:34.403959+00:00,v0-unversioned
2026-06-01,Presidente Perón,4,all,all,91,85,2663.35,3671.54,4432.59,2026-06-30T03:19:34.403959+00:00,v0-unversioned
2026-06-01,Presidente Perón,4,direct,all,91,85,2663.35,3671.54,4432.59,2026-06-30T03:19:34.403959+00:00,v0-unversioned
2026-06-01,Presidente Perón,4,direct,furnished,30,27,3243.85,3901.12,4663.12,2026-06-30T03:19:34.403959+00:00,v0-unversioned
2026-06-01,Presidente Perón,4,direct,unfurnished,31,29,2584.39,2919.73,4043.77,2026-06-30T03:19:34.403959+00:00,v0-unversioned
2026-06-01,Pruszków,0,all,all,23,21,778.59,806.11,862.53,2026-06-12T04:58:58.077074+00:00,v0-unversioned
2026-06-01,Pruszków,0,direct,all,23,21,778.59,806.11,862.53,2026-06-12T04:58:58.077074+00:00,v0-unversioned
2026-06-01,Pruszków,0,direct,furnished,23,21,778.59,806.11,862.53,2026-06-12T04:58:58.077074+00:00,v0-unversioned
2026-06-01,Pruszków,1,all,all,33,33,957.89,1014.38,1118.95,2026-06-12T04:58:58.077074+00:00,v0-unversioned
2026-06-01,Pruszków,1,direct,all,33,33,957.89,1014.38,1118.95,2026-06-12T04:58:58.077074+00:00,v0-unversioned
2026-06-01,Pruszków,1,direct,furnished,33,33,957.89,1014.38,1118.95,2026-06-12T04:58:58.077074+00:00,v0-unversioned
2026-06-01,Puerto Madero,0,all,all,292,286,1208.27,1510.92,1767.40,2026-06-30T03:19:34.403959+00:00,v0-unversioned
2026-06-01,Puerto Madero,0,platform,all,35,30,2003.50,2131.00,2265.50,2026-06-30T03:19:34.403959+00:00,v0-unversioned
2026-06-01,Puerto Madero,0,platform,furnished,26,21,2018.25,2131.00,2201.25,2026-06-30T03:19:34.403959+00:00,v0-unversioned
2026-06-01,Puerto Madero,0,direct,all,257,253,1197.90,1421.76,1692.83,2026-06-30T03:19:34.403959+00:00,v0-unversioned
2026-06-01,Puerto Madero,0,direct,furnished,128,126,1241.22,1556.56,1768.77,2026-06-30T03:19:34.403959+00:00,v0-unversioned
2026-06-01,Puerto Madero,0,direct,unfurnished,91,90,1133.61,1307.96,1606.52,2026-06-30T03:19:34.403959+00:00,v0-unversioned
2026-06-01,Puerto Madero,1,all,all,1452,1403,1745.86,2357.00,3290.83,2026-06-30T03:19:34.403959+00:00,v0-unversioned
2026-06-01,Puerto Madero,1,platform,all,287,273,2351.00,3026.00,4194.00,2026-06-30T03:19:34.403959+00:00,v0-unversioned
2026-06-01,Puerto Madero,1,platform,furnished,215,201,2377.00,3026.00,4124.50,2026-06-30T03:19:34.403959+00:00,v0-unversioned
2026-06-01,Puerto Madero,1,direct,all,1165,1116,1670.18,2201.77,3064.55,2026-06-30T03:19:34.403959+00:00,v0-unversioned
2026-06-01,Puerto Madero,1,direct,furnished,723,679,1947.31,2466.22,3168.07,2026-06-30T03:19:34.403959+00:00,v0-unversioned
2026-06-01,Puerto Madero,1,direct,unfurnished,324,296,1525.00,1704.45,2424.43,2026-06-30T03:19:34.403959+00:00,v0-unversioned
2026-06-01,Puerto Madero,2,all,all,681,657,2855.95,3805.82,4954.27,2026-06-30T03:19:34.403959+00:00,v0-unversioned
2026-06-01,Puerto Madero,2,platform,all,87,82,3103.50,3893.00,5257.50,2026-06-30T03:19:34.403959+00:00,v0-unversioned
2026-06-01,Puerto Madero,2,platform,furnished,55,50,2998.00,4089.00,5045.50,2026-06-30T03:19:34.403959+00:00,v0-unversioned
2026-06-01,Puerto Madero,2,direct,all,594,575,2847.21,3800.51,4922.32,2026-06-30T03:19:34.403959+00:00,v0-unversioned
2026-06-01,Puerto Madero,2,direct,furnished,339,328,3117.45,4263.99,5320.77,2026-06-30T03:19:34.403959+00:00,v0-unversioned
2026-06-01,Puerto Madero,2,direct,unfurnished,179,175,2589.36,3597.71,4187.77,2026-06-30T03:19:34.403959+00:00,v0-unversioned
2026-06-01,Puerto Madero,3,all,all,195,182,5106.90,6108.64,8714.62,2026-06-30T03:19:34.403959+00:00,v0-unversioned
2026-06-01,Puerto Madero,3,direct,all,180,168,4972.22,6049.97,8744.63,2026-06-30T03:19:34.403959+00:00,v0-unversioned
2026-06-01,Puerto Madero,3,direct,furnished,99,89,4902.24,5542.07,8720.12,2026-06-30T03:19:34.403959+00:00,v0-unversioned
2026-06-01,Puerto Madero,3,direct,unfurnished,60,58,4728.81,6625.81,8803.56,2026-06-30T03:19:34.403959+00:00,v0-unversioned
2026-06-01,Puerto Madero,4,all,all,36,35,7584.71,11425.14,16752.13,2026-06-30T03:19:34.403959+00:00,v0-unversioned
2026-06-01,Puerto Madero,4,direct,all,36,35,7584.71,11425.14,16752.13,2026-06-30T03:19:34.403959+00:00,v0-unversioned
2026-06-01,Puerto Madero,4,direct,furnished,25,25,8803.22,14989.83,19775.97,2026-06-15T03:44:35.588311+00:00,v0-unversioned
2026-06-01,Quilmes,0,all,all,79,75,406.11,506.88,590.64,2026-06-30T03:19:34.403959+00:00,v0-unversioned
2026-06-01,Quilmes,0,direct,all,79,75,406.11,506.88,590.64,2026-06-30T03:19:34.403959+00:00,v0-unversioned
2026-06-01,Quilmes,0,direct,unfurnished,62,60,394.25,492.98,576.97,2026-06-30T03:19:34.403959+00:00,v0-unversioned
2026-06-01,Quilmes,1,all,all,1045,1013,506.23,606.09,717.11,2026-06-30T03:19:34.403959+00:00,v0-unversioned
2026-06-01,Quilmes,1,direct,all,1045,1013,506.23,606.09,717.11,2026-06-30T03:19:34.403959+00:00,v0-unversioned
2026-06-01,Quilmes,1,direct,furnished,48,40,661.39,740.04,876.92,2026-06-30T03:19:34.403959+00:00,v0-unversioned
2026-06-01,Quilmes,1,direct,unfurnished,786,760,490.89,593.49,697.19,2026-06-30T03:19:34.403959+00:00,v0-unversioned
2026-06-01,Quilmes,2,all,all,714,652,650.77,795.42,985.69,2026-06-30T03:19:34.403959+00:00,v0-unversioned
2026-06-01,Quilmes,2,direct,all,714,652,650.77,795.42,985.69,2026-06-30T03:19:34.403959+00:00,v0-unversioned
2026-06-01,Quilmes,2,direct,furnished,46,45,744.04,919.64,1426.98,2026-06-30T03:19:34.403959+00:00,v0-unversioned
2026-06-01,Quilmes,2,direct,unfurnished,523,482,637.65,771.53,955.25,2026-06-30T03:19:34.403959+00:00,v0-unversioned
2026-06-01,Quilmes,3,all,all,197,190,1030.81,1511.34,2352.98,2026-06-30T03:19:34.403959+00:00,v0-unversioned
2026-06-01,Quilmes,3,direct,all,197,190,1030.81,1511.34,2352.98,2026-06-30T03:19:34.403959+00:00,v0-unversioned
2026-06-01,Quilmes,3,direct,furnished,20,20,1799.06,2070.88,2620.10,2026-06-22T03:33:33.115608+00:00,v0-unversioned
2026-06-01,Quilmes,3,direct,unfurnished,110,106,1004.45,1382.92,1994.89,2026-06-30T03:19:34.403959+00:00,v0-unversioned
2026-06-01,Quilmes,4,all,all,47,41,1459.77,2739.29,3747.77,2026-06-30T03:19:34.403959+00:00,v0-unversioned
2026-06-01,Quilmes,4,direct,all,47,41,1459.77,2739.29,3747.77,2026-06-30T03:19:34.403959+00:00,v0-unversioned
2026-06-01,Quilmes,4,direct,furnished,20,18,2692.25,3786.03,4653.10,2026-06-14T04:49:34.092151+00:00,v0-unversioned
2026-06-01,Quilmes,4,direct,unfurnished,28,25,1347.74,2455.75,3045.10,2026-06-30T03:19:34.403959+00:00,v0-unversioned
2026-06-01,Recoleta,0,all,all,1335,1238,706.50,889.77,1214.78,2026-06-30T03:19:34.403959+00:00,v0-unversioned
2026-06-01,Recoleta,0,platform,all,483,446,1014.00,1241.00,1709.00,2026-06-30T03:19:34.403959+00:00,v0-unversioned
2026-06-01,Recoleta,0,platform,furnished,400,367,1011.50,1234.00,1707.50,2026-06-30T03:19:34.403959+00:00,v0-unversioned
2026-06-01,Recoleta,0,direct,all,852,798,643.65,766.83,918.43,2026-06-30T03:19:34.403959+00:00,v0-unversioned
2026-06-01,Recoleta,0,direct,furnished,462,427,713.75,831.98,1017.49,2026-06-30T03:19:34.403959+00:00,v0-unversioned
2026-06-01,Recoleta,0,direct,unfurnished,296,290,564.00,661.76,774.30,2026-06-30T03:19:34.403959+00:00,v0-unversioned
2026-06-01,Recoleta,1,all,all,4331,4119,875.30,1139.78,1578.00,2026-06-30T03:19:34.403959+00:00,v0-unversioned
2026-06-01,Recoleta,1,platform,all,2390,2234,1083.00,1373.00,1785.00,2026-06-30T03:19:34.403959+00:00,v0-unversioned
2026-06-01,Recoleta,1,platform,furnished,1965,1833,1077.00,1370.00,1790.00,2026-06-30T03:19:34.403959+00:00,v0-unversioned
2026-06-01,Recoleta,1,direct,all,1941,1819,762.25,911.27,1162.18,2026-06-30T03:19:34.403959+00:00,v0-unversioned
2026-06-01,Recoleta,1,direct,furnished,1053,996,851.05,1018.92,1291.83,2026-06-30T03:19:34.403959+00:00,v0-unversioned
2026-06-01,Recoleta,1,direct,unfurnished,676,626,686.51,792.15,913.14,2026-06-30T03:19:34.403959+00:00,v0-unversioned
2026-06-01,Recoleta,2,all,all,1635,1555,1308.49,1794.79,2518.57,2026-06-30T03:19:34.403959+00:00,v0-unversioned
2026-06-01,Recoleta,2,platform,all,590,562,1768.00,2316.00,3114.00,2026-06-30T03:19:34.403959+00:00,v0-unversioned
2026-06-01,Recoleta,2,platform,furnished,461,440,1762.00,2294.00,3120.00,2026-06-30T03:19:34.403959+00:00,v0-unversioned
2026-06-01,Recoleta,2,direct,all,1045,985,1190.09,1526.84,2088.37,2026-06-30T03:19:34.403959+00:00,v0-unversioned
2026-06-01,Recoleta,2,direct,furnished,465,448,1309.78,1741.07,2314.58,2026-06-30T03:19:34.403959+00:00,v0-unversioned
2026-06-01,Recoleta,2,direct,unfurnished,425,390,1065.26,1360.40,1776.06,2026-06-30T03:19:34.403959+00:00,v0-unversioned
2026-06-01,Recoleta,3,all,all,756,713,1903.33,2646.73,3564.90,2026-06-30T03:19:34.403959+00:00,v0-unversioned
2026-06-01,Recoleta,3,platform,all,181,171,2769.00,3382.00,4630.00,2026-06-30T03:19:34.403959+00:00,v0-unversioned
2026-06-01,Recoleta,3,platform,furnished,141,133,2800.00,3440.00,4624.00,2026-06-30T03:19:34.403959+00:00,v0-unversioned
2026-06-01,Recoleta,3,direct,all,575,536,1770.04,2445.66,3277.16,2026-06-30T03:19:34.403959+00:00,v0-unversioned
2026-06-01,Recoleta,3,direct,furnished,243,227,2035.99,2661.28,3507.11,2026-06-30T03:19:34.403959+00:00,v0-unversioned
2026-06-01,Recoleta,3,direct,unfurnished,234,218,1593.48,2057.50,2752.68,2026-06-30T03:19:34.403959+00:00,v0-unversioned
2026-06-01,Recoleta,4,all,all,181,174,2704.00,3638.99,5798.17,2026-06-30T03:19:34.403959+00:00,v0-unversioned
2026-06-01,Recoleta,4,platform,all,43,41,4248.50,6185.00,9013.00,2026-06-30T03:19:34.403959+00:00,v0-unversioned
2026-06-01,Recoleta,4,platform,furnished,35,33,4480.50,6309.00,9570.50,2026-06-30T03:19:34.403959+00:00,v0-unversioned
2026-06-01,Recoleta,4,direct,all,138,129,2468.43,3500.00,4703.90,2026-06-30T03:19:34.403959+00:00,v0-unversioned
2026-06-01,Recoleta,4,direct,furnished,62,61,2898.45,3615.45,5221.97,2026-06-30T03:19:34.403959+00:00,v0-unversioned
2026-06-01,Recoleta,4,direct,unfurnished,52,45,2177.93,2756.84,3633.54,2026-06-30T03:19:34.403959+00:00,v0-unversioned
2026-06-01,Retiro,0,all,all,460,428,657.14,850.25,1180.00,2026-06-30T03:19:34.403959+00:00,v0-unversioned
2026-06-01,Retiro,0,platform,all,163,158,959.00,1236.00,1690.32,2026-06-30T03:19:34.403959+00:00,v0-unversioned
2026-06-01,Retiro,0,platform,furnished,136,133,964.25,1267.00,1731.75,2026-06-30T03:19:34.403959+00:00,v0-unversioned
2026-06-01,Retiro,0,direct,all,297,273,608.24,708.01,871.11,2026-06-30T03:19:34.403959+00:00,v0-unversioned
2026-06-01,Retiro,0,direct,furnished,153,138,670.11,769.49,900.47,2026-06-30T03:19:34.403959+00:00,v0-unversioned
2026-06-01,Retiro,0,direct,unfurnished,99,91,569.13,655.83,832.67,2026-06-30T03:19:34.403959+00:00,v0-unversioned
2026-06-01,Retiro,1,all,all,1601,1483,851.00,1094.00,1524.00,2026-06-30T03:19:34.403959+00:00,v0-unversioned
2026-06-01,Retiro,1,platform,all,881,807,980.00,1303.00,1741.00,2026-06-30T03:19:34.403959+00:00,v0-unversioned
2026-06-01,Retiro,1,platform,furnished,718,668,974.50,1288.00,1741.00,2026-06-30T03:19:34.403959+00:00,v0-unversioned
2026-06-01,Retiro,1,direct,all,720,679,742.54,908.75,1177.24,2026-06-30T03:19:34.403959+00:00,v0-unversioned
2026-06-01,Retiro,1,direct,furnished,402,383,813.84,981.44,1214.24,2026-06-30T03:19:34.403959+00:00,v0-unversioned
2026-06-01,Retiro,1,direct,unfurnished,223,198,676.89,812.57,1019.71,2026-06-30T03:19:34.403959+00:00,v0-unversioned
2026-06-01,Retiro,2,all,all,544,510,1372.22,1790.50,2696.02,2026-06-30T03:19:34.403959+00:00,v0-unversioned
2026-06-01,Retiro,2,platform,all,205,192,1613.00,2151.00,3210.00,2026-06-30T03:19:34.403959+00:00,v0-unversioned
2026-06-01,Retiro,2,platform,furnished,161,150,1554.00,2098.00,2992.00,2026-06-30T03:19:34.403959+00:00,v0-unversioned
2026-06-01,Retiro,2,direct,all,339,306,1262.13,1654.06,2317.28,2026-06-30T03:19:34.403959+00:00,v0-unversioned
2026-06-01,Retiro,2,direct,furnished,138,135,1279.61,1740.84,2799.49,2026-06-30T03:19:34.403959+00:00,v0-unversioned
2026-06-01,Retiro,2,direct,unfurnished,136,126,1138.60,1488.76,1860.10,2026-06-30T03:19:34.403959+00:00,v0-unversioned
2026-06-01,Retiro,3,all,all,293,277,2188.00,3038.64,4366.67,2026-06-30T03:19:34.403959+00:00,v0-unversioned
2026-06-01,Retiro,3,platform,all,75,69,2454.50,3128.00,4978.49,2026-06-30T03:19:34.403959+00:00,v0-unversioned
2026-06-01,Retiro,3,platform,furnished,58,50,2461.00,3155.00,4684.00,2026-06-30T03:19:34.403959+00:00,v0-unversioned
2026-06-01,Retiro,3,direct,all,218,211,2078.16,2934.28,4218.79,2026-06-30T03:19:34.403959+00:00,v0-unversioned
2026-06-01,Retiro,3,direct,furnished,93,90,2402.48,3551.03,4436.99,2026-06-30T03:19:34.403959+00:00,v0-unversioned
2026-06-01,Retiro,3,direct,unfurnished,85,82,1736.02,2730.70,4084.46,2026-06-30T03:19:34.403959+00:00,v0-unversioned
2026-06-01,Retiro,4,all,all,117,111,3564.45,4738.23,6378.00,2026-06-30T03:19:34.403959+00:00,v0-unversioned
2026-06-01,Retiro,4,platform,all,26,25,4116.25,6378.00,8138.75,2026-06-30T03:19:34.403959+00:00,v0-unversioned
2026-06-01,Retiro,4,platform,furnished,22,21,5147.00,6583.00,9625.50,2026-06-30T03:19:34.403959+00:00,v0-unversioned
2026-06-01,Retiro,4,direct,all,91,86,3493.96,4379.98,5626.62,2026-06-30T03:19:34.403959+00:00,v0-unversioned
2026-06-01,Retiro,4,direct,furnished,31,30,3493.96,4253.25,5184.66,2026-06-30T03:19:34.403959+00:00,v0-unversioned
2026-06-01,Retiro,4,direct,unfurnished,44,43,2888.14,4586.70,6175.26,2026-06-30T03:19:34.403959+00:00,v0-unversioned
2026-06-01,Saavedra,0,all,all,126,113,662.47,736.39,876.18,2026-06-30T03:19:34.403959+00:00,v0-unversioned
2026-06-01,Saavedra,0,direct,all,108,103,651.38,718.73,815.70,2026-06-30T03:19:34.403959+00:00,v0-unversioned
2026-06-01,Saavedra,0,direct,furnished,21,19,781.27,866.67,914.17,2026-06-30T03:19:34.403959+00:00,v0-unversioned
2026-06-01,Saavedra,0,direct,unfurnished,62,61,633.48,694.89,759.92,2026-06-30T03:19:34.403959+00:00,v0-unversioned
2026-06-01,Saavedra,1,all,all,332,317,762.23,954.36,1260.35,2026-06-30T03:19:34.403959+00:00,v0-unversioned
2026-06-01,Saavedra,1,platform,all,120,112,947.00,1243.00,1615.50,2026-06-30T03:19:34.403959+00:00,v0-unversioned
2026-06-01,Saavedra,1,platform,furnished,96,89,946.75,1221.50,1586.50,2026-06-30T03:19:34.403959+00:00,v0-unversioned
2026-06-01,Saavedra,1,direct,all,212,207,735.71,846.47,1061.61,2026-06-30T03:19:34.403959+00:00,v0-unversioned
2026-06-01,Saavedra,1,direct,furnished,38,35,719.24,857.35,1018.52,2026-06-30T03:19:34.403959+00:00,v0-unversioned
2026-06-01,Saavedra,1,direct,unfurnished,141,138,718.37,826.38,1049.12,2026-06-30T03:19:34.403959+00:00,v0-unversioned
2026-06-01,Saavedra,2,all,all,96,90,1215.42,1520.24,1916.20,2026-06-30T03:19:34.403959+00:00,v0-unversioned
2026-06-01,Saavedra,2,direct,all,79,75,1158.47,1481.75,1842.29,2026-06-30T03:19:34.403959+00:00,v0-unversioned
2026-06-01,Saavedra,2,direct,furnished,24,22,1315.88,1469.89,1673.70,2026-06-15T03:44:35.588311+00:00,v0-unversioned
2026-06-01,Saavedra,2,direct,unfurnished,47,47,1089.66,1447.33,1882.92,2026-06-30T03:19:34.403959+00:00,v0-unversioned
2026-06-01,Saavedra,3,all,all,28,26,1650.45,2424.37,3061.60,2026-06-30T03:19:34.403959+00:00,v0-unversioned
2026-06-01,Saavedra,3,direct,all,22,22,1498.63,2268.49,2887.92,2026-06-30T03:19:34.403959+00:00,v0-unversioned
2026-06-01,Saavedra,4,all,all,21,19,2700.00,3287.00,6012.17,2026-06-22T03:33:33.115608+00:00,v0-unversioned
2026-06-01,Saavedra,4,direct,all,20,19,2692.19,3251.91,5923.24,2026-06-22T03:33:33.115608+00:00,v0-unversioned
2026-06-01,San Cristóbal,0,all,all,159,143,591.70,667.25,772.10,2026-06-30T03:19:34.403959+00:00,v0-unversioned
2026-06-01,San Cristóbal,0,platform,all,23,21,905.50,1050.00,1176.00,2026-06-30T03:19:34.403959+00:00,v0-unversioned
2026-06-01,San Cristóbal,0,direct,all,136,130,580.96,640.03,726.31,2026-06-30T03:19:34.403959+00:00,v0-unversioned
2026-06-01,San Cristóbal,0,direct,furnished,21,21,674.56,757.39,842.93,2026-06-30T03:19:34.403959+00:00,v0-unversioned
2026-06-01,San Cristóbal,0,direct,unfurnished,85,82,572.92,630.64,706.11,2026-06-30T03:19:34.403959+00:00,v0-unversioned
2026-06-01,San Cristóbal,1,all,all,341,320,626.82,781.07,995.00,2026-06-30T03:19:34.403959+00:00,v0-unversioned
2026-06-01,San Cristóbal,1,platform,all,119,117,805.00,1037.00,1410.50,2026-06-30T03:19:34.403959+00:00,v0-unversioned
2026-06-01,San Cristóbal,1,platform,furnished,96,95,810.50,1038.50,1408.00,2026-06-30T03:19:34.403959+00:00,v0-unversioned
2026-06-01,San Cristóbal,1,direct,all,222,213,591.54,689.61,848.74,2026-06-30T03:19:34.403959+00:00,v0-unversioned
2026-06-01,San Cristóbal,1,direct,furnished,40,36,653.40,787.09,931.26,2026-06-30T03:19:34.403959+00:00,v0-unversioned
2026-06-01,San Cristóbal,1,direct,unfurnished,151,149,585.01,676.98,841.85,2026-06-30T03:19:34.403959+00:00,v0-unversioned
2026-06-01,San Cristóbal,2,all,all,127,124,823.69,973.32,1323.73,2026-06-30T03:19:34.403959+00:00,v0-unversioned
2026-06-01,San Cristóbal,2,direct,all,108,102,785.03,949.71,1254.35,2026-06-30T03:19:34.403959+00:00,v0-unversioned
2026-06-01,San Cristóbal,2,direct,furnished,39,39,981.95,1257.39,1499.30,2026-06-30T03:19:34.403959+00:00,v0-unversioned
2026-06-01,San Cristóbal,2,direct,unfurnished,55,51,750.25,848.47,956.34,2026-06-30T03:19:34.403959+00:00,v0-unversioned
2026-06-01,San Fernando,0,all,all,31,27,473.88,530.99,608.08,2026-06-30T03:19:34.403959+00:00,v0-unversioned
2026-06-01,San Fernando,0,direct,all,29,27,471.47,529.03,586.66,2026-06-30T03:19:34.403959+00:00,v0-unversioned
2026-06-01,San Fernando,1,all,all,310,285,629.37,728.61,832.88,2026-06-30T03:19:34.403959+00:00,v0-unversioned
2026-06-01,San Fernando,1,platform,all,27,24,1060.50,1526.00,2773.50,2026-06-30T03:19:34.403959+00:00,v0-unversioned
2026-06-01,San Fernando,1,platform,furnished,23,20,1147.50,1689.53,3279.00,2026-06-30T03:19:34.403959+00:00,v0-unversioned
2026-06-01,San Fernando,1,direct,all,283,275,622.78,709.38,804.10,2026-06-30T03:19:34.403959+00:00,v0-unversioned
2026-06-01,San Fernando,1,direct,furnished,39,37,619.66,780.95,937.18,2026-06-30T03:19:34.403959+00:00,v0-unversioned
2026-06-01,San Fernando,1,direct,unfurnished,204,199,622.77,705.24,783.44,2026-06-30T03:19:34.403959+00:00,v0-unversioned
2026-06-01,San Fernando,2,all,all,100,92,772.77,925.21,1217.15,2026-06-30T03:19:34.403959+00:00,v0-unversioned
2026-06-01,San Fernando,2,direct,all,98,91,772.59,915.15,1189.90,2026-06-30T03:19:34.403959+00:00,v0-unversioned
2026-06-01,San Fernando,2,direct,furnished,24,21,987.20,1196.63,1533.93,2026-06-15T03:44:35.588311+00:00,v0-unversioned
2026-06-01,San Fernando,2,direct,unfurnished,74,71,722.85,861.21,1057.77,2026-06-30T03:19:34.403959+00:00,v0-unversioned
2026-06-01,San Fernando,3,all,all,48,47,1984.90,3589.48,5547.16,2026-06-30T03:19:34.403959+00:00,v0-unversioned
2026-06-01,San Fernando,3,direct,all,44,44,1956.63,3568.41,5547.16,2026-06-30T03:19:34.403959+00:00,v0-unversioned
2026-06-01,San Fernando,3,direct,unfurnished,29,29,1922.34,3505.90,6557.13,2026-06-30T03:19:34.403959+00:00,v0-unversioned
2026-06-01,San Fernando,4,all,all,27,27,4470.25,6605.66,6749.34,2026-06-30T03:19:34.403959+00:00,v0-unversioned
2026-06-01,San Fernando,4,direct,all,25,14,5844.05,6605.66,6772.50,2026-06-30T03:19:34.403959+00:00,v0-unversioned
2026-06-01,San Fernando,4,direct,furnished,21,14,5884.30,6605.66,6772.50,2026-06-15T03:44:35.588311+00:00,v0-unversioned
2026-06-01,San Isidro,0,all,all,38,36,574.51,793.97,1254.86,2026-06-30T03:19:34.403959+00:00,v0-unversioned
2026-06-01,San Isidro,0,direct,all,28,26,564.42,623.35,814.88,2026-06-30T03:19:34.403959+00:00,v0-unversioned
2026-06-01,San Isidro,0,direct,unfurnished,20,18,542.66,581.93,679.32,2026-06-27T08:47:44.439337+00:00,v0-unversioned
2026-06-01,San Isidro,1,all,all,468,440,835.23,1105.78,1630.63,2026-06-30T03:19:34.403959+00:00,v0-unversioned
2026-06-01,San Isidro,1,platform,all,132,118,1215.00,1724.50,2717.00,2026-06-30T03:19:34.403959+00:00,v0-unversioned
2026-06-01,San Isidro,1,platform,furnished,106,94,1218.00,1727.50,2723.75,2026-06-30T03:19:34.403959+00:00,v0-unversioned
2026-06-01,San Isidro,1,direct,all,336,335,777.91,952.63,1375.44,2026-06-30T03:19:34.403959+00:00,v0-unversioned
2026-06-01,San Isidro,1,direct,furnished,49,49,918.20,1181.80,1589.88,2026-06-30T03:19:34.403959+00:00,v0-unversioned
2026-06-01,San Isidro,1,direct,unfurnished,195,193,735.36,877.41,1247.62,2026-06-30T03:19:34.403959+00:00,v0-unversioned
2026-06-01,San Isidro,2,all,all,248,234,1124.84,1616.30,2406.25,2026-06-30T03:19:34.403959+00:00,v0-unversioned
2026-06-01,San Isidro,2,platform,all,34,31,1954.00,2618.00,4202.75,2026-06-30T03:19:34.403959+00:00,v0-unversioned
2026-06-01,San Isidro,2,platform,furnished,22,19,1918.75,2623.50,4221.25,2026-06-30T03:19:34.403959+00:00,v0-unversioned
2026-06-01,San Isidro,2,direct,all,214,209,1072.13,1510.86,2199.72,2026-06-30T03:19:34.403959+00:00,v0-unversioned
2026-06-01,San Isidro,2,direct,furnished,24,23,1230.04,1591.95,2278.69,2026-06-30T03:19:34.403959+00:00,v0-unversioned
2026-06-01,San Isidro,2,direct,unfurnished,140,137,983.37,1349.35,2008.79,2026-06-30T03:19:34.403959+00:00,v0-unversioned
2026-06-01,San Isidro,3,all,all,126,117,2450.76,3536.37,4502.01,2026-06-30T03:19:34.403959+00:00,v0-unversioned
2026-06-01,San Isidro,3,platform,all,28,27,3888.50,5880.00,7411.00,2026-06-30T03:19:34.403959+00:00,v0-unversioned
2026-06-01,San Isidro,3,platform,furnished,22,20,3861.50,4701.50,6961.50,2026-06-30T03:19:34.403959+00:00,v0-unversioned
2026-06-01,San Isidro,3,direct,all,98,90,2310.17,3443.80,3866.85,2026-06-30T03:19:34.403959+00:00,v0-unversioned
2026-06-01,San Isidro,3,direct,furnished,21,21,3009.58,4857.50,5809.65,2026-06-18T03:18:17.697306+00:00,v0-unversioned
2026-06-01,San Isidro,3,direct,unfurnished,58,58,2275.04,3216.18,3538.76,2026-06-30T03:19:34.403959+00:00,v0-unversioned
2026-06-01,San Isidro,4,all,all,73,61,4248.17,6437.00,11824.22,2026-06-30T03:19:34.403959+00:00,v0-unversioned
2026-06-01,San Isidro,4,platform,all,22,21,4619.00,6205.00,11928.50,2026-06-30T03:19:34.403959+00:00,v0-unversioned
2026-06-01,San Isidro,4,platform,furnished,20,19,4576.25,5763.00,11229.50,2026-06-01T03:49:28.964554+00:00,v0-unversioned
2026-06-01,San Isidro,4,direct,all,51,39,4195.42,6501.83,10561.61,2026-06-30T03:19:34.403959+00:00,v0-unversioned
2026-06-01,San Isidro,4,direct,furnished,42,35,3722.30,5707.78,8763.30,2026-06-15T03:44:35.588311+00:00,v0-unversioned
2026-06-01,San Isidro,4,direct,unfurnished,21,17,4176.26,5473.86,8306.62,2026-06-30T03:19:34.403959+00:00,v0-unversioned
2026-06-01,San Miguel,0,all,all,102,96,424.54,459.14,509.46,2026-06-30T03:19:34.403959+00:00,v0-unversioned
2026-06-01,San Miguel,0,direct,all,102,96,424.54,459.14,509.46,2026-06-30T03:19:34.403959+00:00,v0-unversioned
2026-06-01,San Miguel,0,direct,furnished,25,25,448.18,492.67,599.81,2026-06-15T03:44:35.588311+00:00,v0-unversioned
2026-06-01,San Miguel,0,direct,unfurnished,79,75,420.47,454.34,496.47,2026-06-30T03:19:34.403959+00:00,v0-unversioned
2026-06-01,San Miguel,1,all,all,484,461,519.16,588.55,651.21,2026-06-30T03:19:34.403959+00:00,v0-unversioned
2026-06-01,San Miguel,1,direct,all,484,461,519.16,588.55,651.21,2026-06-30T03:19:34.403959+00:00,v0-unversioned
2026-06-01,San Miguel,1,direct,furnished,23,22,539.83,595.13,655.22,2026-06-30T03:19:34.403959+00:00,v0-unversioned
2026-06-01,San Miguel,1,direct,unfurnished,403,387,514.96,580.83,650.22,2026-06-30T03:19:34.403959+00:00,v0-unversioned
2026-06-01,San Miguel,2,all,all,223,209,676.71,825.94,976.37,2026-06-30T03:19:34.403959+00:00,v0-unversioned
2026-06-01,San Miguel,2,direct,all,223,209,676.71,825.94,976.37,2026-06-30T03:19:34.403959+00:00,v0-unversioned
2026-06-01,San Miguel,2,direct,furnished,49,45,833.62,934.49,1068.26,2026-06-15T03:44:35.588311+00:00,v0-unversioned
2026-06-01,San Miguel,2,direct,unfurnished,173,164,662.73,795.44,985.19,2026-06-30T03:19:34.403959+00:00,v0-unversioned
2026-06-01,San Miguel,3,all,all,69,65,898.79,1111.01,1912.41,2026-06-30T03:19:34.403959+00:00,v0-unversioned
2026-06-01,San Miguel,3,direct,all,69,65,898.79,1111.01,1912.41,2026-06-30T03:19:34.403959+00:00,v0-unversioned
2026-06-01,San Miguel,3,direct,unfurnished,53,49,906.81,1113.76,1861.01,2026-06-30T03:19:34.403959+00:00,v0-unversioned
2026-06-01,San Miguel,4,all,all,20,19,2286.28,2565.68,4142.46,2026-06-30T03:19:34.403959+00:00,v0-unversioned
2026-06-01,San Miguel,4,direct,all,20,19,2286.28,2565.68,4142.46,2026-06-30T03:19:34.403959+00:00,v0-unversioned
2026-06-01,San Nicolás,0,all,all,592,561,655.65,883.38,1189.75,2026-06-30T03:19:34.403959+00:00,v0-unversioned
2026-06-01,San Nicolás,0,platform,all,276,255,955.00,1137.00,1472.25,2026-06-30T03:19:34.403959+00:00,v0-unversioned
2026-06-01,San Nicolás,0,platform,furnished,226,206,963.00,1149.00,1488.00,2026-06-30T03:19:34.403959+00:00,v0-unversioned
2026-06-01,San Nicolás,0,direct,all,316,302,566.83,701.67,861.73,2026-06-30T03:19:34.403959+00:00,v0-unversioned
2026-06-01,San Nicolás,0,direct,furnished,176,167,698.74,778.60,935.89,2026-06-30T03:19:34.403959+00:00,v0-unversioned
2026-06-01,San Nicolás,0,direct,unfurnished,83,78,495.88,560.63,617.48,2026-06-30T03:19:34.403959+00:00,v0-unversioned
2026-06-01,San Nicolás,1,all,all,2170,2051,779.15,1022.00,1409.75,2026-06-30T03:19:34.403959+00:00,v0-unversioned
2026-06-01,San Nicolás,1,platform,all,1407,1318,966.00,1228.00,1632.00,2026-06-30T03:19:34.403959+00:00,v0-unversioned
2026-06-01,San Nicolás,1,platform,furnished,1126,1053,957.25,1222.00,1631.50,2026-06-30T03:19:34.403959+00:00,v0-unversioned
2026-06-01,San Nicolás,1,direct,all,763,724,654.40,768.25,909.02,2026-06-30T03:19:34.403959+00:00,v0-unversioned
2026-06-01,San Nicolás,1,direct,furnished,391,366,727.93,839.95,971.58,2026-06-30T03:19:34.403959+00:00,v0-unversioned
2026-06-01,San Nicolás,1,direct,unfurnished,272,266,586.24,682.97,786.93,2026-06-30T03:19:34.403959+00:00,v0-unversioned
2026-06-01,San Nicolás,2,all,all,622,599,1093.77,1461.00,2117.50,2026-06-30T03:19:34.403959+00:00,v0-unversioned
2026-06-01,San Nicolás,2,platform,all,341,328,1535.00,1933.00,2491.00,2026-06-30T03:19:34.403959+00:00,v0-unversioned
2026-06-01,San Nicolás,2,platform,furnished,266,258,1504.25,1909.00,2489.50,2026-06-30T03:19:34.403959+00:00,v0-unversioned
2026-06-01,San Nicolás,2,direct,all,281,263,907.70,1113.01,1306.24,2026-06-30T03:19:34.403959+00:00,v0-unversioned
2026-06-01,San Nicolás,2,direct,furnished,156,145,987.27,1166.14,1389.23,2026-06-30T03:19:34.403959+00:00,v0-unversioned
2026-06-01,San Nicolás,2,direct,unfurnished,86,81,816.82,995.58,1175.59,2026-06-30T03:19:34.403959+00:00,v0-unversioned
2026-06-01,San Nicolás,3,all,all,171,170,1403.22,2231.50,3066.00,2026-06-30T03:19:34.403959+00:00,v0-unversioned
2026-06-01,San Nicolás,3,platform,all,81,80,2312.00,2874.00,3618.00,2026-06-30T03:19:34.403959+00:00,v0-unversioned
2026-06-01,San Nicolás,3,platform,furnished,66,65,2400.25,2903.00,3701.75,2026-06-30T03:19:34.403959+00:00,v0-unversioned
2026-06-01,San Nicolás,3,direct,all,90,81,1096.55,1484.40,2229.51,2026-06-30T03:19:34.403959+00:00,v0-unversioned
2026-06-01,San Nicolás,3,direct,furnished,26,26,1733.55,2074.06,2686.76,2026-06-30T03:19:34.403959+00:00,v0-unversioned
2026-06-01,San Nicolás,3,direct,unfurnished,42,33,996.91,1275.77,1749.93,2026-06-30T03:19:34.403959+00:00,v0-unversioned
2026-06-01,San Nicolás,4,all,all,85,79,2795.00,4780.66,6399.00,2026-06-30T03:19:34.403959+00:00,v0-unversioned
2026-06-01,San Nicolás,4,platform,all,50,49,3444.00,5968.00,8181.00,2026-06-30T03:19:34.403959+00:00,v0-unversioned
2026-06-01,San Nicolás,4,platform,furnished,45,44,3656.00,5984.00,8218.00,2026-06-30T03:19:34.403959+00:00,v0-unversioned
2026-06-01,San Nicolás,4,direct,all,35,33,2153.39,2882.70,5045.83,2026-06-30T03:19:34.403959+00:00,v0-unversioned
2026-06-01,San Nicolás,4,direct,furnished,20,20,2102.43,2867.01,5207.82,2026-06-14T04:49:34.092151+00:00,v0-unversioned
2026-06-01,San Nicolás,4,direct,unfurnished,22,21,1958.29,2343.91,4521.87,2026-06-30T03:19:34.403959+00:00,v0-unversioned
2026-06-01,San Telmo,0,all,all,228,219,717.74,960.67,1286.39,2026-06-30T03:19:34.403959+00:00,v0-unversioned
2026-06-01,San Telmo,0,platform,all,75,72,966.50,1239.00,1774.00,2026-06-30T03:19:34.403959+00:00,v0-unversioned
2026-06-01,San Telmo,0,platform,furnished,64,62,973.00,1294.00,1774.00,2026-06-30T03:19:34.403959+00:00,v0-unversioned
2026-06-01,San Telmo,0,direct,all,153,151,664.21,860.83,1101.67,2026-06-30T03:19:34.403959+00:00,v0-unversioned
2026-06-01,San Telmo,0,direct,furnished,91,90,792.36,925.96,1142.79,2026-06-30T03:19:34.403959+00:00,v0-unversioned
2026-06-01,San Telmo,0,direct,unfurnished,42,41,538.33,612.89,990.85,2026-06-30T03:19:34.403959+00:00,v0-unversioned
2026-06-01,San Telmo,1,all,all,957,911,810.00,1107.00,1574.90,2026-06-30T03:19:34.403959+00:00,v0-unversioned
2026-06-01,San Telmo,1,platform,all,541,512,898.00,1236.00,1785.00,2026-06-30T03:19:34.403959+00:00,v0-unversioned
2026-06-01,San Telmo,1,platform,furnished,422,402,894.50,1216.00,1780.75,2026-06-30T03:19:34.403959+00:00,v0-unversioned
2026-06-01,San Telmo,1,direct,all,416,400,729.98,910.01,1299.48,2026-06-30T03:19:34.403959+00:00,v0-unversioned
2026-06-01,San Telmo,1,direct,furnished,268,256,763.19,927.56,1326.56,2026-06-30T03:19:34.403959+00:00,v0-unversioned
2026-06-01,San Telmo,1,direct,unfurnished,113,109,673.15,895.95,1250.66,2026-06-30T03:19:34.403959+00:00,v0-unversioned
2026-06-01,San Telmo,2,all,all,247,241,1059.83,1426.00,2122.00,2026-06-30T03:19:34.403959+00:00,v0-unversioned
2026-06-01,San Telmo,2,platform,all,115,109,1288.50,1661.00,2387.00,2026-06-30T03:19:34.403959+00:00,v0-unversioned
2026-06-01,San Telmo,2,platform,furnished,92,86,1256.75,1618.00,2341.00,2026-06-30T03:19:34.403959+00:00,v0-unversioned
2026-06-01,San Telmo,2,direct,all,132,123,933.91,1162.14,1720.40,2026-06-30T03:19:34.403959+00:00,v0-unversioned
2026-06-01,San Telmo,2,direct,furnished,58,54,1050.00,1162.14,1447.20,2026-06-30T03:19:34.403959+00:00,v0-unversioned
2026-06-01,San Telmo,2,direct,unfurnished,46,41,793.26,974.58,1526.68,2026-06-30T03:19:34.403959+00:00,v0-unversioned
2026-06-01,San Telmo,3,all,all,44,42,1436.28,2132.74,3438.00,2026-06-30T03:19:34.403959+00:00,v0-unversioned
2026-06-01,San Telmo,3,platform,all,24,24,1593.00,2896.50,4595.25,2026-06-30T03:19:34.403959+00:00,v0-unversioned
2026-06-01,San Telmo,3,platform,furnished,20,20,1581.25,2090.00,4174.00,2026-06-30T03:19:34.403959+00:00,v0-unversioned
2026-06-01,San Telmo,3,direct,all,20,19,1211.21,1791.45,2896.17,2026-06-30T03:19:34.403959+00:00,v0-unversioned
2026-06-01,San Telmo,4,all,all,21,19,2706.68,3447.00,8160.00,2026-06-30T03:19:34.403959+00:00,v0-unversioned
2026-06-01,Śródmieście,0,all,all,55,51,882.69,981.39,1086.43,2026-06-30T03:19:34.403959+00:00,v0-unversioned
2026-06-01,Śródmieście,0,direct,all,55,51,882.69,981.39,1086.43,2026-06-30T03:19:34.403959+00:00,v0-unversioned
2026-06-01,Śródmieście,0,direct,furnished,55,51,882.69,981.39,1086.43,2026-06-30T03:19:34.403959+00:00,v0-unversioned
2026-06-01,Śródmieście,1,all,all,178,177,1268.65,1680.31,4048.93,2026-06-30T03:19:34.403959+00:00,v0-unversioned
2026-06-01,Śródmieście,1,direct,all,178,177,1268.65,1680.31,4048.93,2026-06-30T03:19:34.403959+00:00,v0-unversioned
2026-06-01,Śródmieście,1,direct,furnished,177,176,1261.27,1666.99,4080.75,2026-06-30T03:19:34.403959+00:00,v0-unversioned
2026-06-01,Śródmieście,2,all,all,147,147,2227.39,3430.36,5953.81,2026-06-30T03:19:34.403959+00:00,v0-unversioned
2026-06-01,Śródmieście,2,direct,all,147,147,2227.39,3430.36,5953.81,2026-06-30T03:19:34.403959+00:00,v0-unversioned
2026-06-01,Śródmieście,2,direct,furnished,139,139,2260.48,3515.12,6613.91,2026-06-30T03:19:34.403959+00:00,v0-unversioned
2026-06-01,Śródmieście,2,direct,unfurnished,29,27,1809.64,2574.17,3060.76,2026-06-12T04:58:58.077074+00:00,v0-unversioned
2026-06-01,Śródmieście,3,all,all,48,48,2966.12,5479.86,9118.31,2026-06-30T03:19:34.403959+00:00,v0-unversioned
2026-06-01,Śródmieście,3,direct,all,48,48,2966.12,5479.86,9118.31,2026-06-30T03:19:34.403959+00:00,v0-unversioned
2026-06-01,Śródmieście,3,direct,furnished,42,42,3008.04,6519.82,9415.80,2026-06-30T03:19:34.403959+00:00,v0-unversioned
2026-06-01,Śródmieście,4,all,all,20,20,4378.03,5827.65,6939.96,2026-06-29T03:19:35.357508+00:00,v0-unversioned
2026-06-01,Śródmieście,4,direct,all,20,20,4378.03,5827.65,6939.96,2026-06-29T03:19:35.357508+00:00,v0-unversioned
2026-06-01,Śródmieście,4,direct,furnished,21,21,4494.04,6165.17,7282.34,2026-06-26T06:27:53.628821+00:00,v0-unversioned
2026-06-01,Targówek,0,all,all,20,19,847.91,911.60,966.39,2026-06-15T03:44:35.588311+00:00,v0-unversioned
2026-06-01,Targówek,0,direct,all,20,19,847.91,911.60,966.39,2026-06-15T03:44:35.588311+00:00,v0-unversioned
2026-06-01,Targówek,0,direct,furnished,20,19,847.91,911.60,966.39,2026-06-15T03:44:35.588311+00:00,v0-unversioned
2026-06-01,Targówek,1,all,all,21,20,1000.42,1071.68,1138.93,2026-06-30T03:19:34.403959+00:00,v0-unversioned
2026-06-01,Targówek,1,direct,all,21,20,1000.42,1071.68,1138.93,2026-06-30T03:19:34.403959+00:00,v0-unversioned
2026-06-01,Targówek,1,direct,furnished,21,20,1000.42,1071.68,1138.93,2026-06-30T03:19:34.403959+00:00,v0-unversioned
2026-06-01,Targówek,2,all,all,20,20,1172.62,1283.60,1536.66,2026-06-15T03:44:35.588311+00:00,v0-unversioned
2026-06-01,Targówek,2,direct,all,20,20,1172.62,1283.60,1536.66,2026-06-15T03:44:35.588311+00:00,v0-unversioned
2026-06-01,Targówek,2,direct,furnished,20,20,1172.62,1283.60,1536.66,2026-06-15T03:44:35.588311+00:00,v0-unversioned
2026-06-01,Tigre,0,all,all,344,316,748.64,927.62,1199.72,2026-06-30T03:19:34.403959+00:00,v0-unversioned
2026-06-01,Tigre,0,direct,all,329,306,746.66,912.50,1157.30,2026-06-30T03:19:34.403959+00:00,v0-unversioned
2026-06-01,Tigre,0,direct,furnished,154,141,882.73,1056.22,1291.18,2026-06-30T03:19:34.403959+00:00,v0-unversioned
2026-06-01,Tigre,0,direct,unfurnished,124,114,590.07,750.78,921.83,2026-06-30T03:19:34.403959+00:00,v0-unversioned
2026-06-01,Tigre,1,all,all,2396,2274,912.70,1144.96,1487.94,2026-06-30T03:19:34.403959+00:00,v0-unversioned
2026-06-01,Tigre,1,platform,all,147,145,1277.34,1711.00,2441.50,2026-06-30T03:19:34.403959+00:00,v0-unversioned
2026-06-01,Tigre,1,platform,furnished,115,113,1254.00,1747.00,2494.50,2026-06-30T03:19:34.403959+00:00,v0-unversioned
2026-06-01,Tigre,1,direct,all,2249,2158,898.31,1130.70,1408.08,2026-06-30T03:19:34.403959+00:00,v0-unversioned
2026-06-01,Tigre,1,direct,furnished,791,752,1157.18,1382.33,1729.97,2026-06-30T03:19:34.403959+00:00,v0-unversioned
2026-06-01,Tigre,1,direct,unfurnished,1096,1037,765.87,983.82,1174.43,2026-06-30T03:19:34.403959+00:00,v0-unversioned
2026-06-01,Tigre,2,all,all,1027,933,1320.83,1730.18,2287.28,2026-06-30T03:19:34.403959+00:00,v0-unversioned
2026-06-01,Tigre,2,platform,all,50,47,1787.25,2169.00,2903.00,2026-06-30T03:19:34.403959+00:00,v0-unversioned
2026-06-01,Tigre,2,platform,furnished,41,39,1760.00,2314.00,2903.00,2026-06-30T03:19:34.403959+00:00,v0-unversioned
2026-06-01,Tigre,2,direct,all,977,873,1303.72,1717.47,2235.05,2026-06-30T03:19:34.403959+00:00,v0-unversioned
2026-06-01,Tigre,2,direct,furnished,276,257,1717.67,2193.21,3084.14,2026-06-30T03:19:34.403959+00:00,v0-unversioned
2026-06-01,Tigre,2,direct,unfurnished,539,483,1170.53,1563.33,1921.44,2026-06-30T03:19:34.403959+00:00,v0-unversioned
2026-06-01,Tigre,3,all,all,886,848,2672.03,3900.92,5397.91,2026-06-30T03:19:34.403959+00:00,v0-unversioned
2026-06-01,Tigre,3,direct,all,874,837,2679.11,3908.25,5415.81,2026-06-30T03:19:34.403959+00:00,v0-unversioned
2026-06-01,Tigre,3,direct,furnished,272,254,3325.00,4842.63,6712.40,2026-06-30T03:19:34.403959+00:00,v0-unversioned
2026-06-01,Tigre,3,direct,unfurnished,418,414,2199.72,3587.35,5008.94,2026-06-30T03:19:34.403959+00:00,v0-unversioned
2026-06-01,Tigre,4,all,all,969,956,5091.21,6810.23,11183.49,2026-06-30T03:19:34.403959+00:00,v0-unversioned
2026-06-01,Tigre,4,direct,all,963,950,5090.48,6815.98,11256.32,2026-06-30T03:19:34.403959+00:00,v0-unversioned
2026-06-01,Tigre,4,direct,furnished,399,382,5572.46,7003.86,10432.25,2026-06-30T03:19:34.403959+00:00,v0-unversioned
2026-06-01,Tigre,4,direct,unfurnished,373,369,5007.83,6762.49,12646.22,2026-06-30T03:19:34.403959+00:00,v0-unversioned
2026-06-01,Tres de Febrero,0,all,all,367,352,419.03,468.35,523.90,2026-06-30T03:19:34.403959+00:00,v0-unversioned
2026-06-01,Tres de Febrero,0,direct,all,362,348,418.59,467.89,520.12,2026-06-30T03:19:34.403959+00:00,v0-unversioned
2026-06-01,Tres de Febrero,0,direct,furnished,64,59,442.89,505.66,558.58,2026-06-15T03:44:35.588311+00:00,v0-unversioned
2026-06-01,Tres de Febrero,0,direct,unfurnished,305,298,415.75,461.35,514.15,2026-06-30T03:19:34.403959+00:00,v0-unversioned
2026-06-01,Tres de Febrero,1,all,all,1305,1252,493.77,566.56,626.77,2026-06-30T03:19:34.403959+00:00,v0-unversioned
2026-06-01,Tres de Febrero,1,platform,all,46,41,830.25,989.50,1223.25,2026-06-30T03:19:34.403959+00:00,v0-unversioned
2026-06-01,Tres de Febrero,1,platform,furnished,37,36,873.00,993.00,1306.00,2026-06-30T03:19:34.403959+00:00,v0-unversioned
2026-06-01,Tres de Febrero,1,direct,all,1259,1238,492.41,562.22,620.95,2026-06-30T03:19:34.403959+00:00,v0-unversioned
2026-06-01,Tres de Febrero,1,direct,furnished,41,39,459.04,603.97,691.12,2026-06-30T03:19:34.403959+00:00,v0-unversioned
2026-06-01,Tres de Febrero,1,direct,unfurnished,1074,1057,488.77,557.78,615.78,2026-06-30T03:19:34.403959+00:00,v0-unversioned
2026-06-01,Tres de Febrero,2,all,all,496,480,661.87,767.06,955.10,2026-06-30T03:19:34.403959+00:00,v0-unversioned
2026-06-01,Tres de Febrero,2,direct,all,489,472,660.07,765.70,943.46,2026-06-30T03:19:34.403959+00:00,v0-unversioned
2026-06-01,Tres de Febrero,2,direct,furnished,78,76,693.42,855.69,995.28,2026-06-15T03:44:35.588311+00:00,v0-unversioned
2026-06-01,Tres de Febrero,2,direct,unfurnished,406,390,658.80,761.11,910.32,2026-06-30T03:19:34.403959+00:00,v0-unversioned
2026-06-01,Tres de Febrero,3,all,all,81,78,839.37,1048.68,1331.50,2026-06-30T03:19:34.403959+00:00,v0-unversioned
2026-06-01,Tres de Febrero,3,direct,all,81,78,839.37,1048.68,1331.50,2026-06-30T03:19:34.403959+00:00,v0-unversioned
2026-06-01,Tres de Febrero,3,direct,unfurnished,59,57,844.38,1004.94,1265.71,2026-06-30T03:19:34.403959+00:00,v0-unversioned
2026-06-01,Tres de Febrero,4,all,all,20,20,1399.71,1752.53,2239.63,2026-06-27T08:47:44.439337+00:00,v0-unversioned
2026-06-01,Tres de Febrero,4,direct,all,20,20,1399.71,1752.53,2239.63,2026-06-27T08:47:44.439337+00:00,v0-unversioned
2026-06-01,Ursus,0,all,all,24,24,826.37,922.22,994.71,2026-06-12T04:58:58.077074+00:00,v0-unversioned
2026-06-01,Ursus,0,direct,all,24,24,826.37,922.22,994.71,2026-06-12T04:58:58.077074+00:00,v0-unversioned
2026-06-01,Ursus,0,direct,furnished,24,24,826.37,922.22,994.71,2026-06-12T04:58:58.077074+00:00,v0-unversioned
2026-06-01,Ursus,1,all,all,28,27,987.88,1055.77,1205.31,2026-06-30T03:19:34.403959+00:00,v0-unversioned
2026-06-01,Ursus,1,direct,all,28,27,987.88,1055.77,1205.31,2026-06-30T03:19:34.403959+00:00,v0-unversioned
2026-06-01,Ursus,1,direct,furnished,27,26,1006.42,1061.62,1222.08,2026-06-30T03:19:34.403959+00:00,v0-unversioned
2026-06-01,Ursus,2,all,all,20,20,1194.83,1393.27,1623.28,2026-06-14T04:49:34.092151+00:00,v0-unversioned
2026-06-01,Ursus,2,direct,all,20,20,1194.83,1393.27,1623.28,2026-06-14T04:49:34.092151+00:00,v0-unversioned
2026-06-01,Ursus,2,direct,furnished,27,27,1300.26,1450.75,1670.00,2026-06-12T04:58:58.077074+00:00,v0-unversioned
2026-06-01,Ursynów,0,all,all,20,19,853.57,954.71,1039.89,2026-06-15T03:44:35.588311+00:00,v0-unversioned
2026-06-01,Ursynów,0,direct,all,20,19,853.57,954.71,1039.89,2026-06-15T03:44:35.588311+00:00,v0-unversioned
2026-06-01,Ursynów,0,direct,furnished,20,19,853.57,954.71,1039.89,2026-06-15T03:44:35.588311+00:00,v0-unversioned
2026-06-01,Ursynów,1,all,all,37,36,1077.70,1134.56,1252.84,2026-06-30T03:19:34.403959+00:00,v0-unversioned
2026-06-01,Ursynów,1,direct,all,37,36,1077.70,1134.56,1252.84,2026-06-30T03:19:34.403959+00:00,v0-unversioned
2026-06-01,Ursynów,1,direct,furnished,36,35,1076.88,1145.32,1255.69,2026-06-30T03:19:34.403959+00:00,v0-unversioned
2026-06-01,Ursynów,2,all,all,24,24,1456.26,1612.64,1887.73,2026-06-30T03:19:34.403959+00:00,v0-unversioned
2026-06-01,Ursynów,2,direct,all,24,24,1456.26,1612.64,1887.73,2026-06-30T03:19:34.403959+00:00,v0-unversioned
2026-06-01,Ursynów,2,direct,furnished,22,21,1461.14,1612.64,1838.08,2026-06-30T03:19:34.403959+00:00,v0-unversioned
2026-06-01,Ursynów,3,all,all,21,21,1962.96,2204.69,2883.00,2026-06-27T08:47:44.439337+00:00,v0-unversioned
2026-06-01,Ursynów,3,direct,all,21,21,1962.96,2204.69,2883.00,2026-06-27T08:47:44.439337+00:00,v0-unversioned
2026-06-01,Ursynów,3,direct,furnished,21,21,1833.36,2239.85,2972.74,2026-06-18T03:18:17.697306+00:00,v0-unversioned
2026-06-01,Vélez Sarsfield,0,all,all,45,45,527.25,595.43,665.84,2026-06-30T03:19:34.403959+00:00,v0-unversioned
2026-06-01,Vélez Sarsfield,0,direct,all,45,45,527.25,595.43,665.84,2026-06-30T03:19:34.403959+00:00,v0-unversioned
2026-06-01,Vélez Sarsfield,0,direct,unfurnished,35,35,523.49,589.32,648.81,2026-06-30T03:19:34.403959+00:00,v0-unversioned
2026-06-01,Vélez Sarsfield,1,all,all,114,109,578.05,661.64,777.94,2026-06-30T03:19:34.403959+00:00,v0-unversioned
2026-06-01,Vélez Sarsfield,1,direct,all,102,98,590.12,661.64,769.81,2026-06-30T03:19:34.403959+00:00,v0-unversioned
2026-06-01,Vélez Sarsfield,1,direct,furnished,23,21,621.16,716.87,808.41,2026-06-15T03:44:35.588311+00:00,v0-unversioned
2026-06-01,Vélez Sarsfield,1,direct,unfurnished,83,82,587.28,660.36,756.75,2026-06-30T03:19:34.403959+00:00,v0-unversioned
2026-06-01,Vélez Sarsfield,2,all,all,43,38,741.53,857.74,1015.68,2026-06-30T03:19:34.403959+00:00,v0-unversioned
2026-06-01,Vélez Sarsfield,2,direct,all,37,33,735.69,840.88,904.72,2026-06-30T03:19:34.403959+00:00,v0-unversioned
2026-06-01,Vélez Sarsfield,2,direct,unfurnished,30,28,730.50,802.91,892.75,2026-06-30T03:19:34.403959+00:00,v0-unversioned
2026-06-01,Versalles,1,all,all,21,19,640.45,666.65,840.14,2026-06-30T03:19:34.403959+00:00,v0-unversioned
2026-06-01,Versalles,1,direct,all,20,20,648.06,704.67,788.77,2026-06-15T03:44:35.588311+00:00,v0-unversioned
2026-06-01,Versalles,2,all,all,22,22,803.17,1055.02,1580.31,2026-06-15T03:44:35.588311+00:00,v0-unversioned
2026-06-01,Versalles,2,direct,all,22,22,803.17,1055.02,1580.31,2026-06-15T03:44:35.588311+00:00,v0-unversioned
2026-06-01,Vicente López,0,all,all,176,158,578.44,758.71,1006.09,2026-06-30T03:19:34.403959+00:00,v0-unversioned
2026-06-01,Vicente López,0,direct,all,164,149,557.44,719.62,975.54,2026-06-30T03:19:34.403959+00:00,v0-unversioned
2026-06-01,Vicente López,0,direct,furnished,21,16,688.59,991.67,1104.24,2026-06-30T03:19:34.403959+00:00,v0-unversioned
2026-06-01,Vicente López,0,direct,unfurnished,110,99,560.01,671.16,907.84,2026-06-30T03:19:34.403959+00:00,v0-unversioned
2026-06-01,Vicente López,1,all,all,952,902,746.97,980.29,1540.90,2026-06-30T03:19:34.403959+00:00,v0-unversioned
2026-06-01,Vicente López,1,platform,all,203,195,1188.50,1557.00,2156.00,2026-06-30T03:19:34.403959+00:00,v0-unversioned
2026-06-01,Vicente López,1,platform,furnished,156,148,1207.50,1557.00,2154.75,2026-06-30T03:19:34.403959+00:00,v0-unversioned
2026-06-01,Vicente López,1,direct,all,749,690,714.46,865.13,1257.90,2026-06-30T03:19:34.403959+00:00,v0-unversioned
2026-06-01,Vicente López,1,direct,furnished,101,94,1048.66,1405.65,1737.60,2026-06-30T03:19:34.403959+00:00,v0-unversioned
2026-06-01,Vicente López,1,direct,unfurnished,519,467,688.62,817.86,1097.63,2026-06-30T03:19:34.403959+00:00,v0-unversioned
2026-06-01,Vicente López,2,all,all,683,650,1023.05,1397.99,2189.67,2026-06-30T03:19:34.403959+00:00,v0-unversioned
2026-06-01,Vicente López,2,platform,all,57,54,1673.00,2087.00,2923.00,2026-06-30T03:19:34.403959+00:00,v0-unversioned
2026-06-01,Vicente López,2,platform,furnished,48,43,1674.50,2085.50,2716.25,2026-06-30T03:19:34.403959+00:00,v0-unversioned
2026-06-01,Vicente López,2,direct,all,626,575,988.01,1332.81,2073.87,2026-06-30T03:19:34.403959+00:00,v0-unversioned
2026-06-01,Vicente López,2,direct,furnished,96,96,1735.58,2238.13,3502.27,2026-06-30T03:19:34.403959+00:00,v0-unversioned
2026-06-01,Vicente López,2,direct,unfurnished,397,353,954.81,1182.47,1713.53,2026-06-30T03:19:34.403959+00:00,v0-unversioned
2026-06-01,Vicente López,3,all,all,220,213,1666.87,2728.20,4725.70,2026-06-30T03:19:34.403959+00:00,v0-unversioned
2026-06-01,Vicente López,3,direct,all,208,204,1628.87,2640.76,4560.15,2026-06-30T03:19:34.403959+00:00,v0-unversioned
2026-06-01,Vicente López,3,direct,furnished,28,27,3246.96,4479.28,4782.34,2026-06-30T03:19:34.403959+00:00,v0-unversioned
2026-06-01,Vicente López,3,direct,unfurnished,135,129,1543.24,2289.23,4180.64,2026-06-30T03:19:34.403959+00:00,v0-unversioned
2026-06-01,Vicente López,4,all,all,143,136,3478.25,5402.83,8117.81,2026-06-30T03:19:34.403959+00:00,v0-unversioned
2026-06-01,Vicente López,4,direct,all,139,132,3403.99,5393.32,8117.81,2026-06-30T03:19:34.403959+00:00,v0-unversioned
2026-06-01,Vicente López,4,direct,furnished,20,16,7658.41,8501.31,10931.29,2026-06-30T03:19:34.403959+00:00,v0-unversioned
2026-06-01,Vicente López,4,direct,unfurnished,79,77,2861.29,3862.15,8031.48,2026-06-30T03:19:34.403959+00:00,v0-unversioned
2026-06-01,Victoria,0,all,all,32,29,848.38,974.83,2754.92,2026-06-30T03:19:34.403959+00:00,v0-unversioned
2026-06-01,Victoria,0,direct,all,24,15,818.66,909.75,983.69,2026-06-30T03:19:34.403959+00:00,v0-unversioned
2026-06-01,Victoria,0,direct,unfurnished,20,20,500.40,880.55,983.69,2026-06-15T03:44:35.588311+00:00,v0-unversioned
2026-06-01,Victoria,1,all,all,197,193,731.25,958.28,1518.72,2026-06-30T03:19:34.403959+00:00,v0-unversioned
2026-06-01,Victoria,1,platform,all,30,29,1141.75,1719.50,2080.60,2026-06-30T03:19:34.403959+00:00,v0-unversioned
2026-06-01,Victoria,1,platform,furnished,23,22,1190.00,1671.00,1977.35,2026-06-30T03:19:34.403959+00:00,v0-unversioned
2026-06-01,Victoria,1,direct,all,167,163,716.50,855.36,1400.26,2026-06-30T03:19:34.403959+00:00,v0-unversioned
2026-06-01,Victoria,1,direct,furnished,27,27,910.16,1042.00,1893.11,2026-06-30T03:19:34.403959+00:00,v0-unversioned
2026-06-01,Victoria,1,direct,unfurnished,100,85,690.28,791.34,971.77,2026-06-30T03:19:34.403959+00:00,v0-unversioned
2026-06-01,Victoria,2,all,all,108,103,1111.41,1916.78,2549.52,2026-06-30T03:19:34.403959+00:00,v0-unversioned
2026-06-01,Victoria,2,direct,all,101,100,1055.40,1855.86,2363.20,2026-06-30T03:19:34.403959+00:00,v0-unversioned
2026-06-01,Victoria,2,direct,furnished,38,38,1408.38,1907.76,2396.82,2026-06-15T03:44:35.588311+00:00,v0-unversioned
2026-06-01,Victoria,2,direct,unfurnished,61,60,909.21,1834.02,2193.08,2026-06-30T03:19:34.403959+00:00,v0-unversioned
2026-06-01,Victoria,3,all,all,48,45,2997.67,4627.75,6904.03,2026-06-30T03:19:34.403959+00:00,v0-unversioned
2026-06-01,Victoria,3,direct,all,41,40,2985.95,3626.70,5836.66,2026-06-30T03:19:34.403959+00:00,v0-unversioned
2026-06-01,Victoria,3,direct,furnished,23,22,3142.84,3626.70,5907.27,2026-06-15T03:44:35.588311+00:00,v0-unversioned
2026-06-01,Victoria,3,direct,unfurnished,24,24,2847.24,3655.75,5836.43,2026-06-30T03:19:34.403959+00:00,v0-unversioned
2026-06-01,Victoria,4,all,all,44,42,4782.22,6476.24,8373.48,2026-06-30T03:19:34.403959+00:00,v0-unversioned
2026-06-01,Victoria,4,direct,all,37,33,4358.66,5569.36,7453.43,2026-06-30T03:19:34.403959+00:00,v0-unversioned
2026-06-01,Victoria,4,direct,furnished,23,18,5059.86,5522.12,6797.50,2026-06-15T03:44:35.588311+00:00,v0-unversioned
2026-06-01,Villa Adelina,1,all,all,42,42,550.55,670.30,865.09,2026-06-30T03:19:34.403959+00:00,v0-unversioned
2026-06-01,Villa Adelina,1,direct,all,37,37,541.40,671.14,879.00,2026-06-30T03:19:34.403959+00:00,v0-unversioned
2026-06-01,Villa Adelina,1,direct,unfurnished,27,27,543.40,671.14,788.76,2026-06-30T03:19:34.403959+00:00,v0-unversioned
2026-06-01,Villa Adelina,2,all,all,48,48,796.61,1053.98,1410.65,2026-06-30T03:19:34.403959+00:00,v0-unversioned
2026-06-01,Villa Adelina,2,direct,all,47,47,794.59,1050.19,1382.54,2026-06-30T03:19:34.403959+00:00,v0-unversioned
2026-06-01,Villa Adelina,2,direct,unfurnished,42,42,871.69,1070.43,1466.87,2026-06-30T03:19:34.403959+00:00,v0-unversioned
2026-06-01,Villa Adelina,3,all,all,20,19,1040.95,1374.47,1837.19,2026-06-26T06:27:53.628821+00:00,v0-unversioned
2026-06-01,Villa Adelina,3,direct,all,20,19,1040.95,1374.47,1837.19,2026-06-26T06:27:53.628821+00:00,v0-unversioned
2026-06-01,Villa Adelina,3,direct,unfurnished,22,22,1058.36,1395.41,1842.61,2026-06-22T03:33:33.115608+00:00,v0-unversioned
2026-06-01,Villa Crespo,0,all,all,460,429,688.10,808.78,1023.63,2026-06-30T03:19:34.403959+00:00,v0-unversioned
2026-06-01,Villa Crespo,0,platform,all,117,114,955.00,1232.00,1488.00,2026-06-30T03:19:34.403959+00:00,v0-unversioned
2026-06-01,Villa Crespo,0,platform,furnished,84,82,1033.75,1246.00,1566.25,2026-06-30T03:19:34.403959+00:00,v0-unversioned
2026-06-01,Villa Crespo,0,direct,all,343,336,652.77,758.33,881.31,2026-06-30T03:19:34.403959+00:00,v0-unversioned
2026-06-01,Villa Crespo,0,direct,furnished,123,122,739.93,887.10,1008.06,2026-06-30T03:19:34.403959+00:00,v0-unversioned
2026-06-01,Villa Crespo,0,direct,unfurnished,169,166,604.09,685.72,784.15,2026-06-30T03:19:34.403959+00:00,v0-unversioned
2026-06-01,Villa Crespo,1,all,all,1431,1320,812.66,1029.00,1320.00,2026-06-30T03:19:34.403959+00:00,v0-unversioned
2026-06-01,Villa Crespo,1,platform,all,722,664,941.44,1187.50,1568.75,2026-06-30T03:19:34.403959+00:00,v0-unversioned
2026-06-01,Villa Crespo,1,platform,furnished,580,533,946.78,1196.00,1578.25,2026-06-30T03:19:34.403959+00:00,v0-unversioned
2026-06-01,Villa Crespo,1,direct,all,709,676,737.06,899.16,1106.04,2026-06-30T03:19:34.403959+00:00,v0-unversioned
2026-06-01,Villa Crespo,1,direct,furnished,269,253,867.66,1006.96,1221.26,2026-06-30T03:19:34.403959+00:00,v0-unversioned
2026-06-01,Villa Crespo,1,direct,unfurnished,346,331,682.05,812.27,1029.30,2026-06-30T03:19:34.403959+00:00,v0-unversioned
2026-06-01,Villa Crespo,2,all,all,390,358,1036.97,1278.91,1795.75,2026-06-30T03:19:34.403959+00:00,v0-unversioned
2026-06-01,Villa Crespo,2,platform,all,118,112,1500.25,2039.50,2865.75,2026-06-30T03:19:34.403959+00:00,v0-unversioned
2026-06-01,Villa Crespo,2,platform,furnished,85,78,1451.00,1956.00,2652.00,2026-06-30T03:19:34.403959+00:00,v0-unversioned
2026-06-01,Villa Crespo,2,direct,all,272,256,960.75,1109.25,1403.48,2026-06-30T03:19:34.403959+00:00,v0-unversioned
2026-06-01,Villa Crespo,2,direct,furnished,97,88,1058.77,1193.08,1554.89,2026-06-30T03:19:34.403959+00:00,v0-unversioned
2026-06-01,Villa Crespo,2,direct,unfurnished,145,133,903.18,1064.34,1251.21,2026-06-30T03:19:34.403959+00:00,v0-unversioned
2026-06-01,Villa Crespo,3,all,all,98,86,1364.45,1755.88,2457.75,2026-06-30T03:19:34.403959+00:00,v0-unversioned
2026-06-01,Villa Crespo,3,platform,all,20,20,2286.00,2694.00,4668.00,2026-06-30T03:19:34.403959+00:00,v0-unversioned
2026-06-01,Villa Crespo,3,direct,all,78,68,1268.40,1580.42,1955.09,2026-06-30T03:19:34.403959+00:00,v0-unversioned
2026-06-01,Villa Crespo,3,direct,furnished,20,17,1809.15,2009.28,3569.94,2026-06-15T03:44:35.588311+00:00,v0-unversioned
2026-06-01,Villa Crespo,3,direct,unfurnished,54,52,1193.62,1449.46,1793.16,2026-06-30T03:19:34.403959+00:00,v0-unversioned
2026-06-01,Villa Crespo,4,all,all,35,33,1980.12,3602.79,6083.00,2026-06-30T03:19:34.403959+00:00,v0-unversioned
2026-06-01,Villa Crespo,4,direct,all,23,23,1617.87,2363.20,3671.49,2026-06-30T03:19:34.403959+00:00,v0-unversioned
2026-06-01,Villa del Parque,0,all,all,153,134,571.70,660.85,749.73,2026-06-30T03:19:34.403959+00:00,v0-unversioned
2026-06-01,Villa del Parque,0,direct,all,135,131,559.42,643.81,715.41,2026-06-30T03:19:34.403959+00:00,v0-unversioned
2026-06-01,Villa del Parque,0,direct,furnished,47,41,604.02,673.97,751.85,2026-06-15T03:44:35.588311+00:00,v0-unversioned
2026-06-01,Villa del Parque,0,direct,unfurnished,105,105,557.13,635.75,706.96,2026-06-30T03:19:34.403959+00:00,v0-unversioned
2026-06-01,Villa del Parque,1,all,all,286,266,661.05,780.96,1018.75,2026-06-30T03:19:34.403959+00:00,v0-unversioned
2026-06-01,Villa del Parque,1,platform,all,72,63,833.00,1077.50,1313.00,2026-06-30T03:19:34.403959+00:00,v0-unversioned
2026-06-01,Villa del Parque,1,platform,furnished,58,52,765.50,1077.50,1313.00,2026-06-30T03:19:34.403959+00:00,v0-unversioned
2026-06-01,Villa del Parque,1,direct,all,214,202,635.20,747.08,894.86,2026-06-30T03:19:34.403959+00:00,v0-unversioned
2026-06-01,Villa del Parque,1,direct,furnished,29,29,900.66,1012.59,1243.69,2026-06-30T03:19:34.403959+00:00,v0-unversioned
2026-06-01,Villa del Parque,1,direct,unfurnished,148,142,632.35,734.44,816.21,2026-06-30T03:19:34.403959+00:00,v0-unversioned
2026-06-01,Villa del Parque,2,all,all,116,105,877.22,980.52,1254.28,2026-06-30T03:19:34.403959+00:00,v0-unversioned
2026-06-01,Villa del Parque,2,direct,all,108,103,869.71,972.88,1190.97,2026-06-30T03:19:34.403959+00:00,v0-unversioned
2026-06-01,Villa del Parque,2,direct,furnished,21,21,987.60,1123.04,1469.07,2026-06-06T04:05:25.493227+00:00,v0-unversioned
2026-06-01,Villa del Parque,2,direct,unfurnished,87,85,855.03,960.74,1153.22,2026-06-30T03:19:34.403959+00:00,v0-unversioned
2026-06-01,Villa del Parque,3,all,all,29,29,1451.32,1739.55,3134.00,2026-06-30T03:19:34.403959+00:00,v0-unversioned
2026-06-01,Villa del Parque,3,direct,all,26,26,1424.92,1710.63,2563.86,2026-06-30T03:19:34.403959+00:00,v0-unversioned
2026-06-01,Villa Devoto,0,all,all,91,82,589.59,664.97,771.92,2026-06-30T03:19:34.403959+00:00,v0-unversioned
2026-06-01,Villa Devoto,0,direct,all,83,78,581.66,649.65,737.16,2026-06-30T03:19:34.403959+00:00,v0-unversioned
2026-06-01,Villa Devoto,0,direct,furnished,32,30,615.13,685.33,793.25,2026-06-15T03:44:35.588311+00:00,v0-unversioned
2026-06-01,Villa Devoto,0,direct,unfurnished,60,58,533.72,645.41,716.72,2026-06-30T03:19:34.403959+00:00,v0-unversioned
2026-06-01,Villa Devoto,1,all,all,357,329,682.05,801.66,1198.00,2026-06-30T03:19:34.403959+00:00,v0-unversioned
2026-06-01,Villa Devoto,1,platform,all,76,76,1005.00,1383.00,2831.75,2026-06-30T03:19:34.403959+00:00,v0-unversioned
2026-06-01,Villa Devoto,1,platform,furnished,62,62,926.00,1382.00,2835.25,2026-06-30T03:19:34.403959+00:00,v0-unversioned
2026-06-01,Villa Devoto,1,direct,all,281,247,660.66,757.14,901.62,2026-06-30T03:19:34.403959+00:00,v0-unversioned
2026-06-01,Villa Devoto,1,direct,furnished,34,33,734.41,907.80,1235.74,2026-06-30T03:19:34.403959+00:00,v0-unversioned
2026-06-01,Villa Devoto,1,direct,unfurnished,214,190,647.69,738.17,844.60,2026-06-30T03:19:34.403959+00:00,v0-unversioned
2026-06-01,Villa Devoto,2,all,all,204,188,1031.45,1278.84,1816.91,2026-06-30T03:19:34.403959+00:00,v0-unversioned
2026-06-01,Villa Devoto,2,direct,all,188,173,1009.36,1268.92,1577.46,2026-06-30T03:19:34.403959+00:00,v0-unversioned
2026-06-01,Villa Devoto,2,direct,furnished,20,19,1210.84,1437.50,1621.79,2026-06-19T03:23:40.070041+00:00,v0-unversioned
2026-06-01,Villa Devoto,2,direct,unfurnished,133,122,1026.08,1250.41,1548.13,2026-06-30T03:19:34.403959+00:00,v0-unversioned
2026-06-01,Villa Devoto,3,all,all,97,88,1856.89,2231.12,3270.86,2026-06-30T03:19:34.403959+00:00,v0-unversioned
2026-06-01,Villa Devoto,3,direct,all,94,86,1858.06,2219.23,3226.26,2026-06-30T03:19:34.403959+00:00,v0-unversioned
2026-06-01,Villa Devoto,3,direct,furnished,21,18,2995.15,3316.17,4395.46,2026-06-15T03:44:35.588311+00:00,v0-unversioned
2026-06-01,Villa Devoto,3,direct,unfurnished,68,59,1533.89,2075.67,2468.12,2026-06-30T03:19:34.403959+00:00,v0-unversioned
2026-06-01,Villa Devoto,4,all,all,44,41,3196.83,5239.41,6252.27,2026-06-30T03:19:34.403959+00:00,v0-unversioned
2026-06-01,Villa Devoto,4,direct,all,44,41,3196.83,5239.41,6252.27,2026-06-30T03:19:34.403959+00:00,v0-unversioned
2026-06-01,Villa Devoto,4,direct,furnished,20,20,3059.73,3395.47,5747.42,2026-06-15T03:44:35.588311+00:00,v0-unversioned
2026-06-01,Villa General Mitre,0,all,all,64,59,568.96,655.18,705.87,2026-06-30T03:19:34.403959+00:00,v0-unversioned
2026-06-01,Villa General Mitre,0,direct,all,58,57,568.96,641.92,694.81,2026-06-30T03:19:34.403959+00:00,v0-unversioned
2026-06-01,Villa General Mitre,0,direct,unfurnished,47,46,563.46,609.65,683.41,2026-06-30T03:19:34.403959+00:00,v0-unversioned
2026-06-01,Villa General Mitre,1,all,all,149,140,640.29,756.92,952.00,2026-06-30T03:19:34.403959+00:00,v0-unversioned
2026-06-01,Villa General Mitre,1,platform,all,29,27,1009.00,1162.00,1389.00,2026-06-30T03:19:34.403959+00:00,v0-unversioned
2026-06-01,Villa General Mitre,1,platform,furnished,22,21,931.00,1119.00,1386.50,2026-06-30T03:19:34.403959+00:00,v0-unversioned
2026-06-01,Villa General Mitre,1,direct,all,120,112,614.71,716.91,811.43,2026-06-30T03:19:34.403959+00:00,v0-unversioned
2026-06-01,Villa General Mitre,1,direct,furnished,35,35,666.95,794.90,947.00,2026-06-15T03:44:35.588311+00:00,v0-unversioned
2026-06-01,Villa General Mitre,1,direct,unfurnished,89,84,601.90,689.87,775.30,2026-06-30T03:19:34.403959+00:00,v0-unversioned
2026-06-01,Villa General Mitre,2,all,all,70,67,836.11,987.05,1359.67,2026-06-30T03:19:34.403959+00:00,v0-unversioned
2026-06-01,Villa General Mitre,2,direct,all,66,65,824.11,964.26,1276.37,2026-06-30T03:19:34.403959+00:00,v0-unversioned
2026-06-01,Villa General Mitre,2,direct,unfurnished,56,55,809.63,938.51,1204.37,2026-06-30T03:19:34.403959+00:00,v0-unversioned
2026-06-01,Villa General Mitre,3,all,all,41,41,1271.05,1387.88,1542.45,2026-06-30T03:19:34.403959+00:00,v0-unversioned
2026-06-01,Villa General Mitre,3,direct,all,41,41,1271.05,1387.88,1542.45,2026-06-30T03:19:34.403959+00:00,v0-unversioned
2026-06-01,Villa General Mitre,3,direct,unfurnished,26,26,1202.21,1331.00,1559.06,2026-06-30T03:19:34.403959+00:00,v0-unversioned
2026-06-01,Villa Lugano,1,all,all,51,48,548.94,597.08,859.56,2026-06-30T03:19:34.403959+00:00,v0-unversioned
2026-06-01,Villa Lugano,1,direct,all,48,45,549.43,596.63,853.94,2026-06-30T03:19:34.403959+00:00,v0-unversioned
2026-06-01,Villa Lugano,1,direct,unfurnished,39,37,557.39,605.75,881.08,2026-06-30T03:19:34.403959+00:00,v0-unversioned
2026-06-01,Villa Lugano,2,all,all,98,89,622.26,702.57,807.23,2026-06-30T03:19:34.403959+00:00,v0-unversioned
2026-06-01,Villa Lugano,2,direct,all,96,88,621.70,702.57,807.09,2026-06-30T03:19:34.403959+00:00,v0-unversioned
2026-06-01,Villa Lugano,2,direct,furnished,24,20,654.76,770.52,821.26,2026-06-15T03:44:35.588311+00:00,v0-unversioned
2026-06-01,Villa Lugano,2,direct,unfurnished,79,73,621.24,699.48,801.56,2026-06-30T03:19:34.403959+00:00,v0-unversioned
2026-06-01,Villa Lugano,3,all,all,20,18,736.24,916.10,1339.68,2026-06-30T03:19:34.403959+00:00,v0-unversioned
2026-06-01,Villa Lugano,3,direct,all,20,19,734.87,897.74,1205.38,2026-06-29T03:19:35.357508+00:00,v0-unversioned
2026-06-01,Villa Lugano,3,direct,unfurnished,20,19,734.87,897.74,1205.38,2026-06-29T03:19:35.357508+00:00,v0-unversioned
2026-06-01,Villa Luro,0,all,all,43,38,542.67,572.55,633.64,2026-06-30T03:19:34.403959+00:00,v0-unversioned
2026-06-01,Villa Luro,0,direct,all,40,37,551.68,573.13,633.27,2026-06-30T03:19:34.403959+00:00,v0-unversioned
2026-06-01,Villa Luro,0,direct,unfurnished,25,25,552.67,585.59,649.58,2026-06-30T03:19:34.403959+00:00,v0-unversioned
2026-06-01,Villa Luro,1,all,all,150,135,625.26,743.68,865.38,2026-06-30T03:19:34.403959+00:00,v0-unversioned
2026-06-01,Villa Luro,1,platform,all,23,23,832.00,1086.00,1616.00,2026-06-30T03:19:34.403959+00:00,v0-unversioned
2026-06-01,Villa Luro,1,platform,furnished,20,20,883.50,993.50,1559.50,2026-06-22T03:33:33.115608+00:00,v0-unversioned
2026-06-01,Villa Luro,1,direct,all,127,120,616.22,723.23,799.32,2026-06-30T03:19:34.403959+00:00,v0-unversioned
2026-06-01,Villa Luro,1,direct,furnished,34,31,644.45,710.00,811.85,2026-06-15T03:44:35.588311+00:00,v0-unversioned
2026-06-01,Villa Luro,1,direct,unfurnished,93,89,606.75,721.93,796.04,2026-06-30T03:19:34.403959+00:00,v0-unversioned
2026-06-01,Villa Luro,2,all,all,54,48,810.32,858.39,1040.24,2026-06-30T03:19:34.403959+00:00,v0-unversioned
2026-06-01,Villa Luro,2,direct,all,51,46,810.75,849.13,1006.55,2026-06-30T03:19:34.403959+00:00,v0-unversioned
2026-06-01,Villa Luro,2,direct,unfurnished,42,39,800.41,830.07,980.19,2026-06-30T03:19:34.403959+00:00,v0-unversioned
2026-06-01,Villa Luro,3,all,all,20,20,1082.80,1686.08,2219.03,2026-06-29T03:19:35.357508+00:00,v0-unversioned
2026-06-01,Villa Martelli,0,all,all,35,34,687.38,749.22,840.66,2026-06-30T03:19:34.403959+00:00,v0-unversioned
2026-06-01,Villa Martelli,0,direct,all,35,34,687.38,749.22,840.66,2026-06-30T03:19:34.403959+00:00,v0-unversioned
2026-06-01,Villa Martelli,0,direct,unfurnished,27,26,693.83,749.22,841.61,2026-06-30T03:19:34.403959+00:00,v0-unversioned
2026-06-01,Villa Martelli,1,all,all,50,49,706.59,832.12,1083.49,2026-06-30T03:19:34.403959+00:00,v0-unversioned
2026-06-01,Villa Martelli,1,direct,all,48,47,714.15,832.12,1081.96,2026-06-30T03:19:34.403959+00:00,v0-unversioned
2026-06-01,Villa Martelli,1,direct,unfurnished,41,40,724.38,834.38,1084.25,2026-06-30T03:19:34.403959+00:00,v0-unversioned
2026-06-01,Villa Ortúzar,0,all,all,76,73,625.02,687.51,799.68,2026-06-30T03:19:34.403959+00:00,v0-unversioned
2026-06-01,Villa Ortúzar,0,direct,all,70,69,619.91,684.21,760.32,2026-06-30T03:19:34.403959+00:00,v0-unversioned
2026-06-01,Villa Ortúzar,0,direct,furnished,28,27,667.03,736.60,841.02,2026-06-15T03:44:35.588311+00:00,v0-unversioned
2026-06-01,Villa Ortúzar,0,direct,unfurnished,43,43,608.73,655.11,736.03,2026-06-30T03:19:34.403959+00:00,v0-unversioned
2026-06-01,Villa Ortúzar,1,all,all,209,205,756.95,963.04,1285.25,2026-06-30T03:19:34.403959+00:00,v0-unversioned
2026-06-01,Villa Ortúzar,1,platform,all,75,72,797.50,1017.00,1341.50,2026-06-30T03:19:34.403959+00:00,v0-unversioned
2026-06-01,Villa Ortúzar,1,platform,furnished,60,57,796.00,985.50,1276.25,2026-06-30T03:19:34.403959+00:00,v0-unversioned
2026-06-01,Villa Ortúzar,1,direct,all,134,133,739.34,920.55,1244.91,2026-06-30T03:19:34.403959+00:00,v0-unversioned
2026-06-01,Villa Ortúzar,1,direct,furnished,35,34,997.87,1337.71,1568.96,2026-06-30T03:19:34.403959+00:00,v0-unversioned
2026-06-01,Villa Ortúzar,1,direct,unfurnished,83,83,714.77,870.28,1109.43,2026-06-30T03:19:34.403959+00:00,v0-unversioned
2026-06-01,Villa Ortúzar,2,all,all,62,54,1112.06,1414.46,2074.33,2026-06-30T03:19:34.403959+00:00,v0-unversioned
2026-06-01,Villa Ortúzar,2,direct,all,56,52,1026.00,1396.48,2328.07,2026-06-30T03:19:34.403959+00:00,v0-unversioned
2026-06-01,Villa Ortúzar,2,direct,furnished,25,25,1146.23,1842.29,3799.30,2026-06-15T03:44:35.588311+00:00,v0-unversioned
2026-06-01,Villa Ortúzar,2,direct,unfurnished,32,32,966.09,1146.75,1454.92,2026-06-30T03:19:34.403959+00:00,v0-unversioned
2026-06-01,Villa Ortúzar,3,all,all,26,25,1818.40,2100.17,3071.15,2026-06-27T08:47:44.439337+00:00,v0-unversioned
2026-06-01,Villa Ortúzar,3,direct,all,23,23,1854.42,2148.34,3057.70,2026-06-27T08:47:44.439337+00:00,v0-unversioned
2026-06-01,Villa Ortúzar,3,direct,furnished,22,19,1790.64,1858.44,2220.69,2026-06-26T06:27:53.628821+00:00,v0-unversioned
2026-06-01,Villa Pueyrredón,0,all,all,78,73,594.20,635.90,700.78,2026-06-30T03:19:34.403959+00:00,v0-unversioned
2026-06-01,Villa Pueyrredón,0,direct,all,75,72,587.76,627.55,693.53,2026-06-30T03:19:34.403959+00:00,v0-unversioned
2026-06-01,Villa Pueyrredón,0,direct,furnished,25,24,633.87,705.27,765.24,2026-06-15T03:44:35.588311+00:00,v0-unversioned
2026-06-01,Villa Pueyrredón,0,direct,unfurnished,58,56,599.68,638.87,693.82,2026-06-30T03:19:34.403959+00:00,v0-unversioned
2026-06-01,Villa Pueyrredón,1,all,all,166,152,666.46,746.47,899.95,2026-06-30T03:19:34.403959+00:00,v0-unversioned
2026-06-01,Villa Pueyrredón,1,platform,all,20,20,915.04,1136.05,1644.28,2026-06-22T03:33:33.115608+00:00,v0-unversioned
2026-06-01,Villa Pueyrredón,1,direct,all,147,140,653.93,730.35,854.36,2026-06-30T03:19:34.403959+00:00,v0-unversioned
2026-06-01,Villa Pueyrredón,1,direct,furnished,20,20,689.40,707.33,902.52,2026-06-20T03:23:06.000679+00:00,v0-unversioned
2026-06-01,Villa Pueyrredón,1,direct,unfurnished,107,104,662.55,732.71,852.40,2026-06-30T03:19:34.403959+00:00,v0-unversioned
2026-06-01,Villa Pueyrredón,2,all,all,78,74,996.72,1155.79,1337.17,2026-06-30T03:19:34.403959+00:00,v0-unversioned
2026-06-01,Villa Pueyrredón,2,direct,all,75,72,983.69,1154.14,1297.71,2026-06-30T03:19:34.403959+00:00,v0-unversioned
2026-06-01,Villa Pueyrredón,2,direct,unfurnished,50,49,933.97,1098.64,1253.92,2026-06-30T03:19:34.403959+00:00,v0-unversioned
2026-06-01,Villa Pueyrredón,3,all,all,20,20,2431.17,2793.09,3897.79,2026-06-30T03:19:34.403959+00:00,v0-unversioned
2026-06-01,Villa Pueyrredón,3,direct,all,21,21,1182.83,2729.68,3970.33,2026-06-18T03:18:17.697306+00:00,v0-unversioned
2026-06-01,Villa Real,1,all,all,23,23,667.55,786.68,840.23,2026-06-30T03:19:34.403959+00:00,v0-unversioned
2026-06-01,Villa Real,1,direct,all,20,20,698.52,792.69,838.70,2026-06-30T03:19:34.403959+00:00,v0-unversioned
2026-06-01,Villa Real,1,direct,unfurnished,20,20,698.52,813.16,859.92,2026-06-29T03:19:35.357508+00:00,v0-unversioned
2026-06-01,Villa Riachuelo,1,all,all,22,21,599.15,660.08,785.47,2026-06-19T03:23:40.070041+00:00,v0-unversioned
2026-06-01,Villa Riachuelo,1,direct,all,21,21,598.50,658.31,740.32,2026-06-19T03:23:40.070041+00:00,v0-unversioned
2026-06-01,Villa Riachuelo,2,all,all,23,20,575.87,725.21,987.51,2026-06-30T03:19:34.403959+00:00,v0-unversioned
2026-06-01,Villa Riachuelo,2,direct,all,23,20,575.87,725.21,987.51,2026-06-30T03:19:34.403959+00:00,v0-unversioned
2026-06-01,Villa Santa Rita,0,all,all,50,47,571.00,639.18,731.35,2026-06-30T03:19:34.403959+00:00,v0-unversioned
2026-06-01,Villa Santa Rita,0,direct,all,50,47,571.00,639.18,731.35,2026-06-30T03:19:34.403959+00:00,v0-unversioned
2026-06-01,Villa Santa Rita,0,direct,furnished,24,23,606.92,685.53,752.22,2026-06-15T03:44:35.588311+00:00,v0-unversioned
2026-06-01,Villa Santa Rita,0,direct,unfurnished,34,32,552.99,610.53,706.55,2026-06-30T03:19:34.403959+00:00,v0-unversioned
2026-06-01,Villa Santa Rita,1,all,all,136,132,681.52,778.61,917.09,2026-06-30T03:19:34.403959+00:00,v0-unversioned
2026-06-01,Villa Santa Rita,1,platform,all,21,18,912.00,1074.00,1224.00,2026-06-30T03:19:34.403959+00:00,v0-unversioned
2026-06-01,Villa Santa Rita,1,direct,all,115,113,660.89,752.75,856.36,2026-06-30T03:19:34.403959+00:00,v0-unversioned
2026-06-01,Villa Santa Rita,1,direct,furnished,30,28,788.21,866.82,972.90,2026-06-15T03:44:35.588311+00:00,v0-unversioned
2026-06-01,Villa Santa Rita,1,direct,unfurnished,88,88,642.88,739.83,818.65,2026-06-30T03:19:34.403959+00:00,v0-unversioned
2026-06-01,Villa Santa Rita,2,all,all,61,61,833.43,951.32,1102.59,2026-06-30T03:19:34.403959+00:00,v0-unversioned
2026-06-01,Villa Santa Rita,2,direct,all,59,59,831.05,965.63,1124.80,2026-06-30T03:19:34.403959+00:00,v0-unversioned
2026-06-01,Villa Santa Rita,2,direct,unfurnished,57,57,833.43,965.63,1102.59,2026-06-30T03:19:34.403959+00:00,v0-unversioned
2026-06-01,Villa Santa Rita,3,all,all,20,17,1167.52,1287.77,1525.64,2026-06-30T03:19:34.403959+00:00,v0-unversioned
2026-06-01,Villa Santa Rita,3,direct,all,20,17,1167.52,1287.77,1525.64,2026-06-30T03:19:34.403959+00:00,v0-unversioned
2026-06-01,Villa Urquiza,0,all,all,425,401,639.03,719.05,848.00,2026-06-30T03:19:34.403959+00:00,v0-unversioned
2026-06-01,Villa Urquiza,0,platform,all,37,33,992.00,1152.00,1381.00,2026-06-30T03:19:34.403959+00:00,v0-unversioned
2026-06-01,Villa Urquiza,0,platform,furnished,33,30,992.00,1134.00,1347.00,2026-06-30T03:19:34.403959+00:00,v0-unversioned
2026-06-01,Villa Urquiza,0,direct,all,388,378,634.12,706.03,815.19,2026-06-30T03:19:34.403959+00:00,v0-unversioned
2026-06-01,Villa Urquiza,0,direct,furnished,81,80,725.66,849.42,960.96,2026-06-30T03:19:34.403959+00:00,v0-unversioned
2026-06-01,Villa Urquiza,0,direct,unfurnished,244,233,616.81,673.64,752.17,2026-06-30T03:19:34.403959+00:00,v0-unversioned
2026-06-01,Villa Urquiza,1,all,all,973,917,768.47,928.18,1207.62,2026-06-30T03:19:34.403959+00:00,v0-unversioned
2026-06-01,Villa Urquiza,1,platform,all,225,208,1094.00,1353.00,1641.00,2026-06-30T03:19:34.403959+00:00,v0-unversioned
2026-06-01,Villa Urquiza,1,platform,furnished,180,166,1083.75,1314.50,1580.00,2026-06-30T03:19:34.403959+00:00,v0-unversioned
2026-06-01,Villa Urquiza,1,direct,all,748,701,747.25,871.62,1036.40,2026-06-30T03:19:34.403959+00:00,v0-unversioned
2026-06-01,Villa Urquiza,1,direct,furnished,165,156,862.56,1020.16,1332.16,2026-06-30T03:19:34.403959+00:00,v0-unversioned
2026-06-01,Villa Urquiza,1,direct,unfurnished,434,420,703.76,814.37,950.49,2026-06-30T03:19:34.403959+00:00,v0-unversioned
2026-06-01,Villa Urquiza,2,all,all,330,316,1102.94,1366.89,1651.80,2026-06-30T03:19:34.403959+00:00,v0-unversioned
2026-06-01,Villa Urquiza,2,platform,all,32,32,1508.75,1861.00,2454.50,2026-06-30T03:19:34.403959+00:00,v0-unversioned
2026-06-01,Villa Urquiza,2,platform,furnished,25,25,1512.00,1872.00,2421.00,2026-06-30T03:19:34.403959+00:00,v0-unversioned
2026-06-01,Villa Urquiza,2,direct,all,298,291,1082.98,1326.98,1602.92,2026-06-30T03:19:34.403959+00:00,v0-unversioned
2026-06-01,Villa Urquiza,2,direct,furnished,48,45,1181.92,1633.31,1898.98,2026-06-30T03:19:34.403959+00:00,v0-unversioned
2026-06-01,Villa Urquiza,2,direct,unfurnished,210,209,1037.30,1275.82,1538.97,2026-06-30T03:19:34.403959+00:00,v0-unversioned
2026-06-01,Villa Urquiza,3,all,all,93,83,1479.00,1878.40,2291.67,2026-06-30T03:19:34.403959+00:00,v0-unversioned
2026-06-01,Villa Urquiza,3,direct,all,87,78,1489.69,1873.19,2214.52,2026-06-30T03:19:34.403959+00:00,v0-unversioned
2026-06-01,Villa Urquiza,3,direct,furnished,22,21,1829.32,1971.18,2618.19,2026-06-14T04:49:34.092151+00:00,v0-unversioned
2026-06-01,Villa Urquiza,3,direct,unfurnished,64,59,1452.46,1820.90,2113.60,2026-06-30T03:19:34.403959+00:00,v0-unversioned
2026-06-01,Villa Urquiza,4,all,all,25,25,1838.78,3445.88,6565.41,2026-06-30T03:19:34.403959+00:00,v0-unversioned
2026-06-01,Villa Urquiza,4,direct,all,22,21,2031.16,3270.44,5751.96,2026-06-30T03:19:34.403959+00:00,v0-unversioned
2026-06-01,Virreyes,1,all,all,32,31,488.25,567.27,629.37,2026-06-30T03:19:34.403959+00:00,v0-unversioned
2026-06-01,Virreyes,1,direct,all,31,31,488.20,560.65,625.56,2026-06-30T03:19:34.403959+00:00,v0-unversioned
2026-06-01,Virreyes,1,direct,unfurnished,29,29,488.30,560.65,629.03,2026-06-30T03:19:34.403959+00:00,v0-unversioned
2026-06-01,Wawer,0,all,all,24,22,643.11,713.84,942.02,2026-06-12T04:58:58.077074+00:00,v0-unversioned
2026-06-01,Wawer,0,direct,all,24,22,643.11,713.84,942.02,2026-06-12T04:58:58.077074+00:00,v0-unversioned
2026-06-01,Wawer,0,direct,furnished,24,22,643.11,713.84,942.02,2026-06-12T04:58:58.077074+00:00,v0-unversioned
2026-06-01,Wawer,1,all,all,22,22,934.05,1028.25,1217.17,2026-06-12T04:58:58.077074+00:00,v0-unversioned
2026-06-01,Wawer,1,direct,all,22,22,934.05,1028.25,1217.17,2026-06-12T04:58:58.077074+00:00,v0-unversioned
2026-06-01,Wawer,1,direct,furnished,22,22,934.05,1028.25,1217.17,2026-06-12T04:58:58.077074+00:00,v0-unversioned
2026-06-01,Wawer,2,all,all,22,20,1181.35,1522.25,1609.96,2026-06-11T05:01:17.108236+00:00,v0-unversioned
2026-06-01,Wawer,2,direct,all,22,20,1181.35,1522.25,1609.96,2026-06-11T05:01:17.108236+00:00,v0-unversioned
2026-06-01,Wawer,2,direct,furnished,22,20,1181.35,1522.25,1609.96,2026-06-11T05:01:17.108236+00:00,v0-unversioned
2026-06-01,Wilanów,1,all,all,29,26,1208.87,1273.02,1362.33,2026-06-30T03:19:34.403959+00:00,v0-unversioned
2026-06-01,Wilanów,1,direct,all,29,26,1208.87,1273.02,1362.33,2026-06-30T03:19:34.403959+00:00,v0-unversioned
2026-06-01,Wilanów,1,direct,furnished,28,24,1227.30,1280.60,1364.23,2026-06-30T03:19:34.403959+00:00,v0-unversioned
2026-06-01,Wilanów,2,all,all,40,36,1901.85,2116.43,2468.88,2026-06-30T03:19:34.403959+00:00,v0-unversioned
2026-06-01,Wilanów,2,direct,all,40,36,1901.85,2116.43,2468.88,2026-06-30T03:19:34.403959+00:00,v0-unversioned
2026-06-01,Wilanów,2,direct,furnished,38,34,1917.32,2116.43,2461.58,2026-06-30T03:19:34.403959+00:00,v0-unversioned
2026-06-01,Wilanów,3,all,all,20,16,3273.95,3490.40,3822.07,2026-06-29T03:19:35.357508+00:00,v0-unversioned
2026-06-01,Wilanów,3,direct,all,20,16,3273.95,3490.40,3822.07,2026-06-29T03:19:35.357508+00:00,v0-unversioned
2026-06-01,Wilanów,3,direct,furnished,20,20,3083.48,3457.49,3836.52,2026-06-22T03:33:33.115608+00:00,v0-unversioned
2026-06-01,Wilanów,4,all,all,20,19,3927.10,5175.28,6518.02,2026-06-14T04:49:34.092151+00:00,v0-unversioned
2026-06-01,Wilanów,4,direct,all,20,19,3927.10,5175.28,6518.02,2026-06-14T04:49:34.092151+00:00,v0-unversioned
2026-06-01,Włochy,0,all,all,23,23,796.65,946.33,1036.73,2026-06-22T03:33:33.115608+00:00,v0-unversioned
2026-06-01,Włochy,0,direct,all,23,23,796.65,946.33,1036.73,2026-06-22T03:33:33.115608+00:00,v0-unversioned
2026-06-01,Włochy,0,direct,furnished,23,23,796.65,946.33,1036.73,2026-06-22T03:33:33.115608+00:00,v0-unversioned
2026-06-01,Włochy,1,all,all,48,48,1050.54,1227.37,1290.22,2026-06-30T03:19:34.403959+00:00,v0-unversioned
2026-06-01,Włochy,1,direct,all,48,48,1050.54,1227.37,1290.22,2026-06-30T03:19:34.403959+00:00,v0-unversioned
2026-06-01,Włochy,1,direct,furnished,48,48,1050.54,1227.37,1290.22,2026-06-30T03:19:34.403959+00:00,v0-unversioned
2026-06-01,Włochy,2,all,all,21,18,1461.68,1557.90,1646.08,2026-06-30T03:19:34.403959+00:00,v0-unversioned
2026-06-01,Włochy,2,direct,all,21,18,1461.68,1557.90,1646.08,2026-06-30T03:19:34.403959+00:00,v0-unversioned
2026-06-01,Włochy,2,direct,furnished,20,17,1456.53,1546.95,1656.30,2026-06-30T03:19:34.403959+00:00,v0-unversioned
2026-06-01,Włochy,3,all,all,20,16,1695.04,1867.17,2114.05,2026-06-12T04:58:58.077074+00:00,v0-unversioned
2026-06-01,Włochy,3,direct,all,20,16,1695.04,1867.17,2114.05,2026-06-12T04:58:58.077074+00:00,v0-unversioned
2026-06-01,Wola,0,all,all,42,40,964.26,1136.44,1299.98,2026-06-30T03:19:34.403959+00:00,v0-unversioned
2026-06-01,Wola,0,direct,all,42,40,964.26,1136.44,1299.98,2026-06-30T03:19:34.403959+00:00,v0-unversioned
2026-06-01,Wola,0,direct,furnished,41,39,986.72,1136.44,1301.47,2026-06-30T03:19:34.403959+00:00,v0-unversioned
2026-06-01,Wola,1,all,all,154,148,1274.33,1528.19,1764.69,2026-06-30T03:19:34.403959+00:00,v0-unversioned
2026-06-01,Wola,1,direct,all,154,148,1274.33,1528.19,1764.69,2026-06-30T03:19:34.403959+00:00,v0-unversioned
2026-06-01,Wola,1,direct,furnished,153,147,1274.56,1528.19,1764.85,2026-06-30T03:19:34.403959+00:00,v0-unversioned
2026-06-01,Wola,2,all,all,135,134,1918.13,2285.33,3275.21,2026-06-30T03:19:34.403959+00:00,v0-unversioned
2026-06-01,Wola,2,direct,all,135,134,1918.13,2285.33,3275.21,2026-06-30T03:19:34.403959+00:00,v0-unversioned
2026-06-01,Wola,2,direct,furnished,135,134,1918.13,2285.33,3275.21,2026-06-30T03:19:34.403959+00:00,v0-unversioned
2026-06-01,Wola,3,all,all,44,44,3574.61,4533.10,6996.60,2026-06-30T03:19:34.403959+00:00,v0-unversioned
2026-06-01,Wola,3,direct,all,44,44,3574.61,4533.10,6996.60,2026-06-30T03:19:34.403959+00:00,v0-unversioned
2026-06-01,Wola,3,direct,furnished,42,42,3714.05,4612.35,7008.57,2026-06-30T03:19:34.403959+00:00,v0-unversioned
2026-06-01,Wola,4,all,all,21,20,7181.28,8768.81,8794.93,2026-06-12T04:58:58.077074+00:00,v0-unversioned
2026-06-01,Wola,4,direct,all,21,20,7181.28,8768.81,8794.93,2026-06-12T04:58:58.077074+00:00,v0-unversioned
2026-06-01,Wola,4,direct,furnished,21,20,7181.28,8768.81,8794.93,2026-06-12T04:58:58.077074+00:00,v0-unversioned
2026-06-01,Ząbki,1,all,all,21,21,953.27,992.55,1075.99,2026-06-11T05:01:17.108236+00:00,v0-unversioned
2026-06-01,Ząbki,1,direct,all,21,21,953.27,992.55,1075.99,2026-06-11T05:01:17.108236+00:00,v0-unversioned
2026-06-01,Ząbki,1,direct,furnished,21,21,953.27,992.55,1075.99,2026-06-11T05:01:17.108236+00:00,v0-unversioned
2026-06-01,Zárate,1,all,all,31,30,538.84,594.67,713.71,2026-06-30T03:19:34.403959+00:00,v0-unversioned
2026-06-01,Zárate,1,direct,all,31,30,538.84,594.67,713.71,2026-06-30T03:19:34.403959+00:00,v0-unversioned
2026-06-01,Zárate,1,direct,unfurnished,22,21,535.60,601.20,694.33,2026-06-30T03:19:34.403959+00:00,v0-unversioned
2026-06-01,Zárate,2,all,all,51,51,791.58,979.59,1246.91,2026-06-30T03:19:34.403959+00:00,v0-unversioned
2026-06-01,Zárate,2,direct,all,51,51,791.58,979.59,1246.91,2026-06-30T03:19:34.403959+00:00,v0-unversioned
2026-06-01,Zárate,2,direct,furnished,25,25,834.97,1083.55,1346.88,2026-06-15T03:44:35.588311+00:00,v0-unversioned
2026-06-01,Zárate,2,direct,unfurnished,26,25,806.70,929.05,1084.40,2026-06-30T03:19:34.403959+00:00,v0-unversioned
2026-06-01,Żoliborz,0,all,all,32,29,842.28,885.80,997.87,2026-06-12T04:58:58.077074+00:00,v0-unversioned
2026-06-01,Żoliborz,0,direct,all,32,29,842.28,885.80,997.87,2026-06-12T04:58:58.077074+00:00,v0-unversioned
2026-06-01,Żoliborz,0,direct,furnished,32,29,842.28,885.80,997.87,2026-06-12T04:58:58.077074+00:00,v0-unversioned
2026-06-01,Żoliborz,1,all,all,33,31,1049.79,1154.15,1329.91,2026-06-30T03:19:34.403959+00:00,v0-unversioned
2026-06-01,Żoliborz,1,direct,all,33,31,1049.79,1154.15,1329.91,2026-06-30T03:19:34.403959+00:00,v0-unversioned
2026-06-01,Żoliborz,1,direct,furnished,32,31,1044.88,1153.95,1301.09,2026-06-30T03:19:34.403959+00:00,v0-unversioned
2026-06-01,Żoliborz,2,all,all,20,20,1716.76,2048.49,2811.84,2026-06-27T08:47:44.439337+00:00,v0-unversioned
2026-06-01,Żoliborz,2,direct,all,20,20,1716.76,2048.49,2811.84,2026-06-27T08:47:44.439337+00:00,v0-unversioned
2026-06-01,Żoliborz,2,direct,furnished,20,20,1716.76,2028.47,2811.84,2026-06-26T06:27:53.628821+00:00,v0-unversioned
2026-06-01,Żoliborz,3,all,all,20,19,2424.07,3074.46,3771.90,2026-06-11T05:01:17.108236+00:00,v0-unversioned
2026-06-01,Żoliborz,3,direct,all,20,19,2424.07,3074.46,3771.90,2026-06-11T05:01:17.108236+00:00,v0-unversioned
